
>>> STAGE 0: read_liberty (sky130_fd_sc_hd)

 /----------------------------------------------------------------------------\
 |  yosys -- Yosys Open SYnthesis Suite                                       |
 |  Copyright (C) 2012 - 2026  Claire Xenia Wolf <claire@yosyshq.com>         |
 |  Distributed under an ISC-like license, type "license" to see terms        |
 \----------------------------------------------------------------------------/
 Yosys 0.67+post (git sha1 UNKNOWN, Release, GNU /usr/local/bin/wrapped-cc/g++ 11.4.0)
[TCL: yosys -import] Command name collision: found pre-existing command `cd' -> skip.
[TCL: yosys -import] Command name collision: found pre-existing command `eval' -> skip.
[TCL: yosys -import] Command name collision: found pre-existing command `exec' -> skip.
[TCL: yosys -import] Command name collision: found pre-existing command `read' -> skip.
[TCL: yosys -import] Command name collision: found pre-existing command `trace' -> skip.

1. Executing Liberty frontend: /flow/platforms/sky130hd/lib/sky130_fd_sc_hd__tt_025C_1v80.lib
Imported 428 cell types from liberty file.

2. Executing Liberty frontend: /flow/platforms/sky130hd/lib/sky130_fd_sc_hd__tt_025C_1v80.lib
Replacing existing blackbox module sky130_fd_sc_hd__a2111o_1.
Replacing existing blackbox module sky130_fd_sc_hd__a2111o_2.
Replacing existing blackbox module sky130_fd_sc_hd__a2111o_4.
Replacing existing blackbox module sky130_fd_sc_hd__a2111oi_0.
Replacing existing blackbox module sky130_fd_sc_hd__a2111oi_1.
Replacing existing blackbox module sky130_fd_sc_hd__a2111oi_2.
Replacing existing blackbox module sky130_fd_sc_hd__a2111oi_4.
Replacing existing blackbox module sky130_fd_sc_hd__a211o_1.
Replacing existing blackbox module sky130_fd_sc_hd__a211o_2.
Replacing existing blackbox module sky130_fd_sc_hd__a211o_4.
Replacing existing blackbox module sky130_fd_sc_hd__a211oi_1.
Replacing existing blackbox module sky130_fd_sc_hd__a211oi_2.
Replacing existing blackbox module sky130_fd_sc_hd__a211oi_4.
Replacing existing blackbox module sky130_fd_sc_hd__a21bo_1.
Replacing existing blackbox module sky130_fd_sc_hd__a21bo_2.
Replacing existing blackbox module sky130_fd_sc_hd__a21bo_4.
Replacing existing blackbox module sky130_fd_sc_hd__a21boi_0.
Replacing existing blackbox module sky130_fd_sc_hd__a21boi_1.
Replacing existing blackbox module sky130_fd_sc_hd__a21boi_2.
Replacing existing blackbox module sky130_fd_sc_hd__a21boi_4.
Replacing existing blackbox module sky130_fd_sc_hd__a21o_1.
Replacing existing blackbox module sky130_fd_sc_hd__a21o_2.
Replacing existing blackbox module sky130_fd_sc_hd__a21o_4.
Replacing existing blackbox module sky130_fd_sc_hd__a21oi_1.
Replacing existing blackbox module sky130_fd_sc_hd__a21oi_2.
Replacing existing blackbox module sky130_fd_sc_hd__a21oi_4.
Replacing existing blackbox module sky130_fd_sc_hd__a221o_1.
Replacing existing blackbox module sky130_fd_sc_hd__a221o_2.
Replacing existing blackbox module sky130_fd_sc_hd__a221o_4.
Replacing existing blackbox module sky130_fd_sc_hd__a221oi_1.
Replacing existing blackbox module sky130_fd_sc_hd__a221oi_2.
Replacing existing blackbox module sky130_fd_sc_hd__a221oi_4.
Replacing existing blackbox module sky130_fd_sc_hd__a222oi_1.
Replacing existing blackbox module sky130_fd_sc_hd__a22o_1.
Replacing existing blackbox module sky130_fd_sc_hd__a22o_2.
Replacing existing blackbox module sky130_fd_sc_hd__a22o_4.
Replacing existing blackbox module sky130_fd_sc_hd__a22oi_1.
Replacing existing blackbox module sky130_fd_sc_hd__a22oi_2.
Replacing existing blackbox module sky130_fd_sc_hd__a22oi_4.
Replacing existing blackbox module sky130_fd_sc_hd__a2bb2o_1.
Replacing existing blackbox module sky130_fd_sc_hd__a2bb2o_2.
Replacing existing blackbox module sky130_fd_sc_hd__a2bb2o_4.
Replacing existing blackbox module sky130_fd_sc_hd__a2bb2oi_1.
Replacing existing blackbox module sky130_fd_sc_hd__a2bb2oi_2.
Replacing existing blackbox module sky130_fd_sc_hd__a2bb2oi_4.
Replacing existing blackbox module sky130_fd_sc_hd__a311o_1.
Replacing existing blackbox module sky130_fd_sc_hd__a311o_2.
Replacing existing blackbox module sky130_fd_sc_hd__a311o_4.
Replacing existing blackbox module sky130_fd_sc_hd__a311oi_1.
Replacing existing blackbox module sky130_fd_sc_hd__a311oi_2.
Replacing existing blackbox module sky130_fd_sc_hd__a311oi_4.
Replacing existing blackbox module sky130_fd_sc_hd__a31o_1.
Replacing existing blackbox module sky130_fd_sc_hd__a31o_2.
Replacing existing blackbox module sky130_fd_sc_hd__a31o_4.
Replacing existing blackbox module sky130_fd_sc_hd__a31oi_1.
Replacing existing blackbox module sky130_fd_sc_hd__a31oi_2.
Replacing existing blackbox module sky130_fd_sc_hd__a31oi_4.
Replacing existing blackbox module sky130_fd_sc_hd__a32o_1.
Replacing existing blackbox module sky130_fd_sc_hd__a32o_2.
Replacing existing blackbox module sky130_fd_sc_hd__a32o_4.
Replacing existing blackbox module sky130_fd_sc_hd__a32oi_1.
Replacing existing blackbox module sky130_fd_sc_hd__a32oi_2.
Replacing existing blackbox module sky130_fd_sc_hd__a32oi_4.
Replacing existing blackbox module sky130_fd_sc_hd__a41o_1.
Replacing existing blackbox module sky130_fd_sc_hd__a41o_2.
Replacing existing blackbox module sky130_fd_sc_hd__a41o_4.
Replacing existing blackbox module sky130_fd_sc_hd__a41oi_1.
Replacing existing blackbox module sky130_fd_sc_hd__a41oi_2.
Replacing existing blackbox module sky130_fd_sc_hd__a41oi_4.
Replacing existing blackbox module sky130_fd_sc_hd__and2_0.
Replacing existing blackbox module sky130_fd_sc_hd__and2_1.
Replacing existing blackbox module sky130_fd_sc_hd__and2_2.
Replacing existing blackbox module sky130_fd_sc_hd__and2_4.
Replacing existing blackbox module sky130_fd_sc_hd__and2b_1.
Replacing existing blackbox module sky130_fd_sc_hd__and2b_2.
Replacing existing blackbox module sky130_fd_sc_hd__and2b_4.
Replacing existing blackbox module sky130_fd_sc_hd__and3_1.
Replacing existing blackbox module sky130_fd_sc_hd__and3_2.
Replacing existing blackbox module sky130_fd_sc_hd__and3_4.
Replacing existing blackbox module sky130_fd_sc_hd__and3b_1.
Replacing existing blackbox module sky130_fd_sc_hd__and3b_2.
Replacing existing blackbox module sky130_fd_sc_hd__and3b_4.
Replacing existing blackbox module sky130_fd_sc_hd__and4_1.
Replacing existing blackbox module sky130_fd_sc_hd__and4_2.
Replacing existing blackbox module sky130_fd_sc_hd__and4_4.
Replacing existing blackbox module sky130_fd_sc_hd__and4b_1.
Replacing existing blackbox module sky130_fd_sc_hd__and4b_2.
Replacing existing blackbox module sky130_fd_sc_hd__and4b_4.
Replacing existing blackbox module sky130_fd_sc_hd__and4bb_1.
Replacing existing blackbox module sky130_fd_sc_hd__and4bb_2.
Replacing existing blackbox module sky130_fd_sc_hd__and4bb_4.
Replacing existing blackbox module sky130_fd_sc_hd__buf_1.
Replacing existing blackbox module sky130_fd_sc_hd__buf_12.
Replacing existing blackbox module sky130_fd_sc_hd__buf_16.
Replacing existing blackbox module sky130_fd_sc_hd__buf_2.
Replacing existing blackbox module sky130_fd_sc_hd__buf_4.
Replacing existing blackbox module sky130_fd_sc_hd__buf_6.
Replacing existing blackbox module sky130_fd_sc_hd__buf_8.
Replacing existing blackbox module sky130_fd_sc_hd__bufbuf_16.
Replacing existing blackbox module sky130_fd_sc_hd__bufbuf_8.
Replacing existing blackbox module sky130_fd_sc_hd__bufinv_16.
Replacing existing blackbox module sky130_fd_sc_hd__bufinv_8.
Replacing existing blackbox module sky130_fd_sc_hd__clkbuf_1.
Replacing existing blackbox module sky130_fd_sc_hd__clkbuf_16.
Replacing existing blackbox module sky130_fd_sc_hd__clkbuf_2.
Replacing existing blackbox module sky130_fd_sc_hd__clkbuf_4.
Replacing existing blackbox module sky130_fd_sc_hd__clkbuf_8.
Replacing existing blackbox module sky130_fd_sc_hd__clkdlybuf4s15_1.
Replacing existing blackbox module sky130_fd_sc_hd__clkdlybuf4s15_2.
Replacing existing blackbox module sky130_fd_sc_hd__clkdlybuf4s18_1.
Replacing existing blackbox module sky130_fd_sc_hd__clkdlybuf4s18_2.
Replacing existing blackbox module sky130_fd_sc_hd__clkdlybuf4s25_1.
Replacing existing blackbox module sky130_fd_sc_hd__clkdlybuf4s25_2.
Replacing existing blackbox module sky130_fd_sc_hd__clkdlybuf4s50_1.
Replacing existing blackbox module sky130_fd_sc_hd__clkdlybuf4s50_2.
Replacing existing blackbox module sky130_fd_sc_hd__clkinv_1.
Replacing existing blackbox module sky130_fd_sc_hd__clkinv_16.
Replacing existing blackbox module sky130_fd_sc_hd__clkinv_2.
Replacing existing blackbox module sky130_fd_sc_hd__clkinv_4.
Replacing existing blackbox module sky130_fd_sc_hd__clkinv_8.
Replacing existing blackbox module sky130_fd_sc_hd__clkinvlp_2.
Replacing existing blackbox module sky130_fd_sc_hd__clkinvlp_4.
Replacing existing blackbox module sky130_fd_sc_hd__conb_1.
Replacing existing blackbox module sky130_fd_sc_hd__decap_12.
Replacing existing blackbox module sky130_fd_sc_hd__decap_3.
Replacing existing blackbox module sky130_fd_sc_hd__decap_4.
Replacing existing blackbox module sky130_fd_sc_hd__decap_6.
Replacing existing blackbox module sky130_fd_sc_hd__decap_8.
Replacing existing blackbox module sky130_fd_sc_hd__dfbbn_1.
Replacing existing blackbox module sky130_fd_sc_hd__dfbbn_2.
Replacing existing blackbox module sky130_fd_sc_hd__dfbbp_1.
Replacing existing blackbox module sky130_fd_sc_hd__dfrbp_1.
Replacing existing blackbox module sky130_fd_sc_hd__dfrbp_2.
Replacing existing blackbox module sky130_fd_sc_hd__dfrtn_1.
Replacing existing blackbox module sky130_fd_sc_hd__dfrtp_1.
Replacing existing blackbox module sky130_fd_sc_hd__dfrtp_2.
Replacing existing blackbox module sky130_fd_sc_hd__dfrtp_4.
Replacing existing blackbox module sky130_fd_sc_hd__dfsbp_1.
Replacing existing blackbox module sky130_fd_sc_hd__dfsbp_2.
Replacing existing blackbox module sky130_fd_sc_hd__dfstp_1.
Replacing existing blackbox module sky130_fd_sc_hd__dfstp_2.
Replacing existing blackbox module sky130_fd_sc_hd__dfstp_4.
Replacing existing blackbox module sky130_fd_sc_hd__dfxbp_1.
Replacing existing blackbox module sky130_fd_sc_hd__dfxbp_2.
Replacing existing blackbox module sky130_fd_sc_hd__dfxtp_1.
Replacing existing blackbox module sky130_fd_sc_hd__dfxtp_2.
Replacing existing blackbox module sky130_fd_sc_hd__dfxtp_4.
Replacing existing blackbox module sky130_fd_sc_hd__diode_2.
Ignoring cell sky130_fd_sc_hd__dlclkp_1 with missing function on output GCLK.
Ignoring cell sky130_fd_sc_hd__dlclkp_2 with missing function on output GCLK.
Ignoring cell sky130_fd_sc_hd__dlclkp_4 with missing function on output GCLK.
Replacing existing blackbox module sky130_fd_sc_hd__dlrbn_1.
Replacing existing blackbox module sky130_fd_sc_hd__dlrbn_2.
Replacing existing blackbox module sky130_fd_sc_hd__dlrbp_1.
Replacing existing blackbox module sky130_fd_sc_hd__dlrbp_2.
Replacing existing blackbox module sky130_fd_sc_hd__dlrtn_1.
Replacing existing blackbox module sky130_fd_sc_hd__dlrtn_2.
Replacing existing blackbox module sky130_fd_sc_hd__dlrtn_4.
Replacing existing blackbox module sky130_fd_sc_hd__dlrtp_1.
Replacing existing blackbox module sky130_fd_sc_hd__dlrtp_2.
Replacing existing blackbox module sky130_fd_sc_hd__dlrtp_4.
Replacing existing blackbox module sky130_fd_sc_hd__dlxbn_1.
Replacing existing blackbox module sky130_fd_sc_hd__dlxbn_2.
Replacing existing blackbox module sky130_fd_sc_hd__dlxbp_1.
Replacing existing blackbox module sky130_fd_sc_hd__dlxtn_1.
Replacing existing blackbox module sky130_fd_sc_hd__dlxtn_2.
Replacing existing blackbox module sky130_fd_sc_hd__dlxtn_4.
Replacing existing blackbox module sky130_fd_sc_hd__dlxtp_1.
Replacing existing blackbox module sky130_fd_sc_hd__dlygate4sd1_1.
Replacing existing blackbox module sky130_fd_sc_hd__dlygate4sd2_1.
Replacing existing blackbox module sky130_fd_sc_hd__dlygate4sd3_1.
Replacing existing blackbox module sky130_fd_sc_hd__dlymetal6s2s_1.
Replacing existing blackbox module sky130_fd_sc_hd__dlymetal6s4s_1.
Replacing existing blackbox module sky130_fd_sc_hd__dlymetal6s6s_1.
Replacing existing blackbox module sky130_fd_sc_hd__ebufn_1.
Replacing existing blackbox module sky130_fd_sc_hd__ebufn_2.
Replacing existing blackbox module sky130_fd_sc_hd__ebufn_4.
Replacing existing blackbox module sky130_fd_sc_hd__ebufn_8.
Replacing existing blackbox module sky130_fd_sc_hd__edfxbp_1.
Replacing existing blackbox module sky130_fd_sc_hd__edfxtp_1.
Replacing existing blackbox module sky130_fd_sc_hd__einvn_0.
Replacing existing blackbox module sky130_fd_sc_hd__einvn_1.
Replacing existing blackbox module sky130_fd_sc_hd__einvn_2.
Replacing existing blackbox module sky130_fd_sc_hd__einvn_4.
Replacing existing blackbox module sky130_fd_sc_hd__einvn_8.
Replacing existing blackbox module sky130_fd_sc_hd__einvp_1.
Replacing existing blackbox module sky130_fd_sc_hd__einvp_2.
Replacing existing blackbox module sky130_fd_sc_hd__einvp_4.
Replacing existing blackbox module sky130_fd_sc_hd__einvp_8.
Replacing existing blackbox module sky130_fd_sc_hd__fa_1.
Replacing existing blackbox module sky130_fd_sc_hd__fa_2.
Replacing existing blackbox module sky130_fd_sc_hd__fa_4.
Replacing existing blackbox module sky130_fd_sc_hd__fah_1.
Replacing existing blackbox module sky130_fd_sc_hd__fahcin_1.
Replacing existing blackbox module sky130_fd_sc_hd__fahcon_1.
Replacing existing blackbox module sky130_fd_sc_hd__ha_1.
Replacing existing blackbox module sky130_fd_sc_hd__ha_2.
Replacing existing blackbox module sky130_fd_sc_hd__ha_4.
Replacing existing blackbox module sky130_fd_sc_hd__inv_1.
Replacing existing blackbox module sky130_fd_sc_hd__inv_12.
Replacing existing blackbox module sky130_fd_sc_hd__inv_16.
Replacing existing blackbox module sky130_fd_sc_hd__inv_2.
Replacing existing blackbox module sky130_fd_sc_hd__inv_4.
Replacing existing blackbox module sky130_fd_sc_hd__inv_6.
Replacing existing blackbox module sky130_fd_sc_hd__inv_8.
Replacing existing blackbox module sky130_fd_sc_hd__lpflow_bleeder_1.
Replacing existing blackbox module sky130_fd_sc_hd__lpflow_clkbufkapwr_1.
Replacing existing blackbox module sky130_fd_sc_hd__lpflow_clkbufkapwr_16.
Replacing existing blackbox module sky130_fd_sc_hd__lpflow_clkbufkapwr_2.
Replacing existing blackbox module sky130_fd_sc_hd__lpflow_clkbufkapwr_4.
Replacing existing blackbox module sky130_fd_sc_hd__lpflow_clkbufkapwr_8.
Replacing existing blackbox module sky130_fd_sc_hd__lpflow_clkinvkapwr_1.
Replacing existing blackbox module sky130_fd_sc_hd__lpflow_clkinvkapwr_16.
Replacing existing blackbox module sky130_fd_sc_hd__lpflow_clkinvkapwr_2.
Replacing existing blackbox module sky130_fd_sc_hd__lpflow_clkinvkapwr_4.
Replacing existing blackbox module sky130_fd_sc_hd__lpflow_clkinvkapwr_8.
Replacing existing blackbox module sky130_fd_sc_hd__lpflow_decapkapwr_12.
Replacing existing blackbox module sky130_fd_sc_hd__lpflow_decapkapwr_3.
Replacing existing blackbox module sky130_fd_sc_hd__lpflow_decapkapwr_4.
Replacing existing blackbox module sky130_fd_sc_hd__lpflow_decapkapwr_6.
Replacing existing blackbox module sky130_fd_sc_hd__lpflow_decapkapwr_8.
Replacing existing blackbox module sky130_fd_sc_hd__lpflow_inputiso0n_1.
Replacing existing blackbox module sky130_fd_sc_hd__lpflow_inputiso0p_1.
Replacing existing blackbox module sky130_fd_sc_hd__lpflow_inputiso1n_1.
Replacing existing blackbox module sky130_fd_sc_hd__lpflow_inputiso1p_1.
Replacing existing blackbox module sky130_fd_sc_hd__lpflow_inputisolatch_1.
Replacing existing blackbox module sky130_fd_sc_hd__lpflow_isobufsrc_1.
Replacing existing blackbox module sky130_fd_sc_hd__lpflow_isobufsrc_16.
Replacing existing blackbox module sky130_fd_sc_hd__lpflow_isobufsrc_2.
Replacing existing blackbox module sky130_fd_sc_hd__lpflow_isobufsrc_4.
Replacing existing blackbox module sky130_fd_sc_hd__lpflow_isobufsrc_8.
Replacing existing blackbox module sky130_fd_sc_hd__lpflow_isobufsrckapwr_16.
Replacing existing blackbox module sky130_fd_sc_hd__lpflow_lsbuf_lh_hl_isowell_tap_1.
Replacing existing blackbox module sky130_fd_sc_hd__lpflow_lsbuf_lh_hl_isowell_tap_2.
Replacing existing blackbox module sky130_fd_sc_hd__lpflow_lsbuf_lh_hl_isowell_tap_4.
Replacing existing blackbox module sky130_fd_sc_hd__lpflow_lsbuf_lh_isowell_4.
Replacing existing blackbox module sky130_fd_sc_hd__lpflow_lsbuf_lh_isowell_tap_1.
Replacing existing blackbox module sky130_fd_sc_hd__lpflow_lsbuf_lh_isowell_tap_2.
Replacing existing blackbox module sky130_fd_sc_hd__lpflow_lsbuf_lh_isowell_tap_4.
Replacing existing blackbox module sky130_fd_sc_hd__macro_sparecell.
Replacing existing blackbox module sky130_fd_sc_hd__maj3_1.
Replacing existing blackbox module sky130_fd_sc_hd__maj3_2.
Replacing existing blackbox module sky130_fd_sc_hd__maj3_4.
Replacing existing blackbox module sky130_fd_sc_hd__mux2_1.
Replacing existing blackbox module sky130_fd_sc_hd__mux2_2.
Replacing existing blackbox module sky130_fd_sc_hd__mux2_4.
Replacing existing blackbox module sky130_fd_sc_hd__mux2_8.
Replacing existing blackbox module sky130_fd_sc_hd__mux2i_1.
Replacing existing blackbox module sky130_fd_sc_hd__mux2i_2.
Replacing existing blackbox module sky130_fd_sc_hd__mux2i_4.
Replacing existing blackbox module sky130_fd_sc_hd__mux4_1.
Replacing existing blackbox module sky130_fd_sc_hd__mux4_2.
Replacing existing blackbox module sky130_fd_sc_hd__mux4_4.
Replacing existing blackbox module sky130_fd_sc_hd__nand2_1.
Replacing existing blackbox module sky130_fd_sc_hd__nand2_2.
Replacing existing blackbox module sky130_fd_sc_hd__nand2_4.
Replacing existing blackbox module sky130_fd_sc_hd__nand2_8.
Replacing existing blackbox module sky130_fd_sc_hd__nand2b_1.
Replacing existing blackbox module sky130_fd_sc_hd__nand2b_2.
Replacing existing blackbox module sky130_fd_sc_hd__nand2b_4.
Replacing existing blackbox module sky130_fd_sc_hd__nand3_1.
Replacing existing blackbox module sky130_fd_sc_hd__nand3_2.
Replacing existing blackbox module sky130_fd_sc_hd__nand3_4.
Replacing existing blackbox module sky130_fd_sc_hd__nand3b_1.
Replacing existing blackbox module sky130_fd_sc_hd__nand3b_2.
Replacing existing blackbox module sky130_fd_sc_hd__nand3b_4.
Replacing existing blackbox module sky130_fd_sc_hd__nand4_1.
Replacing existing blackbox module sky130_fd_sc_hd__nand4_2.
Replacing existing blackbox module sky130_fd_sc_hd__nand4_4.
Replacing existing blackbox module sky130_fd_sc_hd__nand4b_1.
Replacing existing blackbox module sky130_fd_sc_hd__nand4b_2.
Replacing existing blackbox module sky130_fd_sc_hd__nand4b_4.
Replacing existing blackbox module sky130_fd_sc_hd__nand4bb_1.
Replacing existing blackbox module sky130_fd_sc_hd__nand4bb_2.
Replacing existing blackbox module sky130_fd_sc_hd__nand4bb_4.
Replacing existing blackbox module sky130_fd_sc_hd__nor2_1.
Replacing existing blackbox module sky130_fd_sc_hd__nor2_2.
Replacing existing blackbox module sky130_fd_sc_hd__nor2_4.
Replacing existing blackbox module sky130_fd_sc_hd__nor2_8.
Replacing existing blackbox module sky130_fd_sc_hd__nor2b_1.
Replacing existing blackbox module sky130_fd_sc_hd__nor2b_2.
Replacing existing blackbox module sky130_fd_sc_hd__nor2b_4.
Replacing existing blackbox module sky130_fd_sc_hd__nor3_1.
Replacing existing blackbox module sky130_fd_sc_hd__nor3_2.
Replacing existing blackbox module sky130_fd_sc_hd__nor3_4.
Replacing existing blackbox module sky130_fd_sc_hd__nor3b_1.
Replacing existing blackbox module sky130_fd_sc_hd__nor3b_2.
Replacing existing blackbox module sky130_fd_sc_hd__nor3b_4.
Replacing existing blackbox module sky130_fd_sc_hd__nor4_1.
Replacing existing blackbox module sky130_fd_sc_hd__nor4_2.
Replacing existing blackbox module sky130_fd_sc_hd__nor4_4.
Replacing existing blackbox module sky130_fd_sc_hd__nor4b_1.
Replacing existing blackbox module sky130_fd_sc_hd__nor4b_2.
Replacing existing blackbox module sky130_fd_sc_hd__nor4b_4.
Replacing existing blackbox module sky130_fd_sc_hd__nor4bb_1.
Replacing existing blackbox module sky130_fd_sc_hd__nor4bb_2.
Replacing existing blackbox module sky130_fd_sc_hd__nor4bb_4.
Replacing existing blackbox module sky130_fd_sc_hd__o2111a_1.
Replacing existing blackbox module sky130_fd_sc_hd__o2111a_2.
Replacing existing blackbox module sky130_fd_sc_hd__o2111a_4.
Replacing existing blackbox module sky130_fd_sc_hd__o2111ai_1.
Replacing existing blackbox module sky130_fd_sc_hd__o2111ai_2.
Replacing existing blackbox module sky130_fd_sc_hd__o2111ai_4.
Replacing existing blackbox module sky130_fd_sc_hd__o211a_1.
Replacing existing blackbox module sky130_fd_sc_hd__o211a_2.
Replacing existing blackbox module sky130_fd_sc_hd__o211a_4.
Replacing existing blackbox module sky130_fd_sc_hd__o211ai_1.
Replacing existing blackbox module sky130_fd_sc_hd__o211ai_2.
Replacing existing blackbox module sky130_fd_sc_hd__o211ai_4.
Replacing existing blackbox module sky130_fd_sc_hd__o21a_1.
Replacing existing blackbox module sky130_fd_sc_hd__o21a_2.
Replacing existing blackbox module sky130_fd_sc_hd__o21a_4.
Replacing existing blackbox module sky130_fd_sc_hd__o21ai_0.
Replacing existing blackbox module sky130_fd_sc_hd__o21ai_1.
Replacing existing blackbox module sky130_fd_sc_hd__o21ai_2.
Replacing existing blackbox module sky130_fd_sc_hd__o21ai_4.
Replacing existing blackbox module sky130_fd_sc_hd__o21ba_1.
Replacing existing blackbox module sky130_fd_sc_hd__o21ba_2.
Replacing existing blackbox module sky130_fd_sc_hd__o21ba_4.
Replacing existing blackbox module sky130_fd_sc_hd__o21bai_1.
Replacing existing blackbox module sky130_fd_sc_hd__o21bai_2.
Replacing existing blackbox module sky130_fd_sc_hd__o21bai_4.
Replacing existing blackbox module sky130_fd_sc_hd__o221a_1.
Replacing existing blackbox module sky130_fd_sc_hd__o221a_2.
Replacing existing blackbox module sky130_fd_sc_hd__o221a_4.
Replacing existing blackbox module sky130_fd_sc_hd__o221ai_1.
Replacing existing blackbox module sky130_fd_sc_hd__o221ai_2.
Replacing existing blackbox module sky130_fd_sc_hd__o221ai_4.
Replacing existing blackbox module sky130_fd_sc_hd__o22a_1.
Replacing existing blackbox module sky130_fd_sc_hd__o22a_2.
Replacing existing blackbox module sky130_fd_sc_hd__o22a_4.
Replacing existing blackbox module sky130_fd_sc_hd__o22ai_1.
Replacing existing blackbox module sky130_fd_sc_hd__o22ai_2.
Replacing existing blackbox module sky130_fd_sc_hd__o22ai_4.
Replacing existing blackbox module sky130_fd_sc_hd__o2bb2a_1.
Replacing existing blackbox module sky130_fd_sc_hd__o2bb2a_2.
Replacing existing blackbox module sky130_fd_sc_hd__o2bb2a_4.
Replacing existing blackbox module sky130_fd_sc_hd__o2bb2ai_1.
Replacing existing blackbox module sky130_fd_sc_hd__o2bb2ai_2.
Replacing existing blackbox module sky130_fd_sc_hd__o2bb2ai_4.
Replacing existing blackbox module sky130_fd_sc_hd__o311a_1.
Replacing existing blackbox module sky130_fd_sc_hd__o311a_2.
Replacing existing blackbox module sky130_fd_sc_hd__o311a_4.
Replacing existing blackbox module sky130_fd_sc_hd__o311ai_0.
Replacing existing blackbox module sky130_fd_sc_hd__o311ai_1.
Replacing existing blackbox module sky130_fd_sc_hd__o311ai_2.
Replacing existing blackbox module sky130_fd_sc_hd__o311ai_4.
Replacing existing blackbox module sky130_fd_sc_hd__o31a_1.
Replacing existing blackbox module sky130_fd_sc_hd__o31a_2.
Replacing existing blackbox module sky130_fd_sc_hd__o31a_4.
Replacing existing blackbox module sky130_fd_sc_hd__o31ai_1.
Replacing existing blackbox module sky130_fd_sc_hd__o31ai_2.
Replacing existing blackbox module sky130_fd_sc_hd__o31ai_4.
Replacing existing blackbox module sky130_fd_sc_hd__o32a_1.
Replacing existing blackbox module sky130_fd_sc_hd__o32a_2.
Replacing existing blackbox module sky130_fd_sc_hd__o32a_4.
Replacing existing blackbox module sky130_fd_sc_hd__o32ai_1.
Replacing existing blackbox module sky130_fd_sc_hd__o32ai_2.
Replacing existing blackbox module sky130_fd_sc_hd__o32ai_4.
Replacing existing blackbox module sky130_fd_sc_hd__o41a_1.
Replacing existing blackbox module sky130_fd_sc_hd__o41a_2.
Replacing existing blackbox module sky130_fd_sc_hd__o41a_4.
Replacing existing blackbox module sky130_fd_sc_hd__o41ai_1.
Replacing existing blackbox module sky130_fd_sc_hd__o41ai_2.
Replacing existing blackbox module sky130_fd_sc_hd__o41ai_4.
Replacing existing blackbox module sky130_fd_sc_hd__or2_0.
Replacing existing blackbox module sky130_fd_sc_hd__or2_1.
Replacing existing blackbox module sky130_fd_sc_hd__or2_2.
Replacing existing blackbox module sky130_fd_sc_hd__or2_4.
Replacing existing blackbox module sky130_fd_sc_hd__or2b_1.
Replacing existing blackbox module sky130_fd_sc_hd__or2b_2.
Replacing existing blackbox module sky130_fd_sc_hd__or2b_4.
Replacing existing blackbox module sky130_fd_sc_hd__or3_1.
Replacing existing blackbox module sky130_fd_sc_hd__or3_2.
Replacing existing blackbox module sky130_fd_sc_hd__or3_4.
Replacing existing blackbox module sky130_fd_sc_hd__or3b_1.
Replacing existing blackbox module sky130_fd_sc_hd__or3b_2.
Replacing existing blackbox module sky130_fd_sc_hd__or3b_4.
Replacing existing blackbox module sky130_fd_sc_hd__or4_1.
Replacing existing blackbox module sky130_fd_sc_hd__or4_2.
Replacing existing blackbox module sky130_fd_sc_hd__or4_4.
Replacing existing blackbox module sky130_fd_sc_hd__or4b_1.
Replacing existing blackbox module sky130_fd_sc_hd__or4b_2.
Replacing existing blackbox module sky130_fd_sc_hd__or4b_4.
Replacing existing blackbox module sky130_fd_sc_hd__or4bb_1.
Replacing existing blackbox module sky130_fd_sc_hd__or4bb_2.
Replacing existing blackbox module sky130_fd_sc_hd__or4bb_4.
Replacing existing blackbox module sky130_fd_sc_hd__probe_p_8.
Replacing existing blackbox module sky130_fd_sc_hd__probec_p_8.
Replacing existing blackbox module sky130_fd_sc_hd__sdfbbn_1.
Replacing existing blackbox module sky130_fd_sc_hd__sdfbbn_2.
Replacing existing blackbox module sky130_fd_sc_hd__sdfbbp_1.
Replacing existi
>>> STAGE 1: read_slang (SystemVerilog frontend)
ng blackbox module sky130_fd_sc_hd__sdfrbp_1.
Replacing existing blackbox module sky130_fd_sc_hd__sdfrbp_2.
Replacing existing blackbox module sky130_fd_sc_hd__sdfrtn_1.
Replacing existing blackbox module sky130_fd_sc_hd__sdfrtp_1.
Replacing existing blackbox module sky130_fd_sc_hd__sdfrtp_2.
Replacing existing blackbox module sky130_fd_sc_hd__sdfrtp_4.
Replacing existing blackbox module sky130_fd_sc_hd__sdfsbp_1.
Replacing existing blackbox module sky130_fd_sc_hd__sdfsbp_2.
Replacing existing blackbox module sky130_fd_sc_hd__sdfstp_1.
Replacing existing blackbox module sky130_fd_sc_hd__sdfstp_2.
Replacing existing blackbox module sky130_fd_sc_hd__sdfstp_4.
Replacing existing blackbox module sky130_fd_sc_hd__sdfxbp_1.
Replacing existing blackbox module sky130_fd_sc_hd__sdfxbp_2.
Replacing existing blackbox module sky130_fd_sc_hd__sdfxtp_1.
Replacing existing blackbox module sky130_fd_sc_hd__sdfxtp_2.
Replacing existing blackbox module sky130_fd_sc_hd__sdfxtp_4.
Ignoring cell sky130_fd_sc_hd__sdlclkp_1 with missing function on output GCLK.
Ignoring cell sky130_fd_sc_hd__sdlclkp_2 with missing function on output GCLK.
Ignoring cell sky130_fd_sc_hd__sdlclkp_4 with missing function on output GCLK.
Replacing existing blackbox module sky130_fd_sc_hd__sedfxbp_1.
Replacing existing blackbox module sky130_fd_sc_hd__sedfxbp_2.
Replacing existing blackbox module sky130_fd_sc_hd__sedfxtp_1.
Replacing existing blackbox module sky130_fd_sc_hd__sedfxtp_2.
Replacing existing blackbox module sky130_fd_sc_hd__sedfxtp_4.
Replacing existing blackbox module sky130_fd_sc_hd__xnor2_1.
Replacing existing blackbox module sky130_fd_sc_hd__xnor2_2.
Replacing existing blackbox module sky130_fd_sc_hd__xnor2_4.
Replacing existing blackbox module sky130_fd_sc_hd__xnor3_1.
Replacing existing blackbox module sky130_fd_sc_hd__xnor3_2.
Replacing existing blackbox module sky130_fd_sc_hd__xnor3_4.
Replacing existing blackbox module sky130_fd_sc_hd__xor2_1.
Replacing existing blackbox module sky130_fd_sc_hd__xor2_2.
Replacing existing blackbox module sky130_fd_sc_hd__xor2_4.
Replacing existing blackbox module sky130_fd_sc_hd__xor3_1.
Replacing existing blackbox module sky130_fd_sc_hd__xor3_2.
Replacing existing blackbox module sky130_fd_sc_hd__xor3_4.
Imported 422 cell types from liberty file.
<suppressed ~12 debug messages>

3. Executing SLANG frontend.
Top level design units:
    ibex_core


Build succeeded: 0 errors, 0 warnings

3.1. Executing PROC_CLEAN pass (remove empty switches from decision trees).
Found and cleaned up 1 empty switch in `\ibex_fetch_fifo$ibex_core.if_stage_i.gen_prefetch_buffer.prefetch_buffer_i.fifo_i.$130'.
Found and cleaned up 1 empty switch in `\ibex_fetch_fifo$ibex_core.if_stage_i.gen_prefetch_buffer.prefetch_buffer_i.fifo_i.$127'.
Found and cleaned up 1 empty switch in `\ibex_fetch_fifo$ibex_core.if_stage_i.gen_prefetch_buffer.prefetch_buffer_i.fifo_i.$124'.
Removing empty process `ibex_fetch_fifo$ibex_core.if_stage_i.gen_prefetch_buffer.prefetch_buffer_i.fifo_i.$121'.
Found and cleaned up 1 empty switch in `\ibex_fetch_fifo$ibex_core.if_stage_i.gen_prefetch_buffer.prefetch_buffer_i.fifo_i.$54'.
Found and cleaned up 1 empty switch in `\ibex_fetch_fifo$ibex_core.if_stage_i.gen_prefetch_buffer.prefetch_buffer_i.fifo_i.$37'.
Found and cleaned up 1 empty switch in `\ibex_csr$ibex_core.cs_registers_i.u_cpuctrl_csr.$0'.
Removing empty process `ibex_counter$ibex_core.cs_registers_i.minstret_counter_i.$7'.
Found and cleaned up 1 empty switch in `\ibex_counter$ibex_core.cs_registers_i.minstret_counter_i.$0'.
Removing empty process `ibex_counter$ibex_core.cs_registers_i.mcycle_counter_i.$7'.
Found and cleaned up 1 empty switch in `\ibex_counter$ibex_core.cs_registers_i.mcycle_counter_i.$0'.
Found and cleaned up 1 empty switch in `\ibex_csr$ibex_core.cs_registers_i.u_mstack_cause_csr.$0'.
Found and cleaned up 1 empty switch in `\ibex_csr$ibex_core.cs_registers_i.u_mstack_epc_csr.$0'.
Found and cleaned up 1 empty switch in `\ibex_csr$ibex_core.cs_registers_i.u_mstack_csr.$0'.
Found and cleaned up 1 empty switch in `\ibex_csr$ibex_core.cs_registers_i.u_dscratch1_csr.$0'.
Found and cleaned up 1 empty switch in `\ibex_csr$ibex_core.cs_registers_i.u_dscratch0_csr.$0'.
Found and cleaned up 1 empty switch in `\ibex_csr$ibex_core.cs_registers_i.u_depc_csr.$0'.
Found and cleaned up 1 empty switch in `\ibex_csr$ibex_core.cs_registers_i.u_dcsr_csr.$0'.
Found and cleaned up 1 empty switch in `\ibex_csr$ibex_core.cs_registers_i.u_mtvec_csr.$0'.
Found and cleaned up 1 empty switch in `\ibex_csr$ibex_core.cs_registers_i.u_mtval_csr.$0'.
Found and cleaned up 1 empty switch in `\ibex_csr$ibex_core.cs_registers_i.u_mcause_csr.$0'.
Found and cleaned up 1 empty switch in `\ibex_csr$ibex_core.cs_registers_i.u_mscratch_csr.$0'.
Found and cleaned up 1 empty switch in `\ibex_csr$ibex_core.cs_registers_i.u_mie_csr.$0'.
Found and cleaned up 1 empty switch in `\ibex_csr$ibex_core.cs_registers_i.u_mepc_csr.$0'.
Found and cleaned up 1 empty switch in `\ibex_csr$ibex_core.cs_registers_i.u_mstatus_csr.$0'.
Found and cleaned up 1 empty switch in `\ibex_multdiv_fast$ibex_core.ex_block_i.gen_multdiv_fast.multdiv_i.$88'.
Found and cleaned up 1 empty switch in `\ibex_multdiv_fast$ibex_core.ex_block_i.gen_multdiv_fast.multdiv_i.$73'.
Found and cleaned up 1 empty switch in `\ibex_multdiv_fast$ibex_core.ex_block_i.gen_multdiv_fast.multdiv_i.$60'.
Found and cleaned up 1 empty switch in `\ibex_multdiv_fast$ibex_core.ex_block_i.gen_multdiv_fast.multdiv_i.$34'.
Found and cleaned up 1 empty switch in `\ibex_multdiv_fast$ibex_core.ex_block_i.gen_multdiv_fast.multdiv_i.$7'.
Found and cleaned up 1 empty switch in `\ibex_alu$ibex_core.ex_block_i.alu_i.$170'.
Found and cleaned up 1 empty switch in `\ibex_alu$ibex_core.ex_block_i.alu_i.$151'.
Found and cleaned up 1 empty switch in `\ibex_alu$ibex_core.ex_block_i.alu_i.$132'.
Removing empty process `ibex_alu$ibex_core.ex_block_i.alu_i.$125'.
Found and cleaned up 1 empty switch in `\ibex_alu$ibex_core.ex_block_i.alu_i.$117'.
Found and cleaned up 1 empty switch in `\ibex_alu$ibex_core.ex_block_i.alu_i.$108'.
Found and cleaned up 1 empty switch in `\ibex_alu$ibex_core.ex_block_i.alu_i.$59'.
Found and cleaned up 1 empty switch in `\ibex_alu$ibex_core.ex_block_i.alu_i.$52'.
Found and cleaned up 1 empty switch in `\ibex_alu$ibex_core.ex_block_i.alu_i.$46'.
Found and cleaned up 1 empty switch in `\ibex_alu$ibex_core.ex_block_i.alu_i.$39'.
Found and cleaned up 1 empty switch in `\ibex_alu$ibex_core.ex_block_i.alu_i.$32'.
Removing empty process `ibex_controller$ibex_core.id_stage_i.controller_i.$277'.
Found and cleaned up 1 empty switch in `\ibex_controller$ibex_core.id_stage_i.controller_i.$105'.
Found and cleaned up 1 empty switch in `\ibex_controller$ibex_core.id_stage_i.controller_i.$88'.
Found and cleaned up 1 empty switch in `\ibex_controller$ibex_core.id_stage_i.controller_i.$46'.
Found and cleaned up 1 empty switch in `\ibex_decoder$ibex_core.id_stage_i.decoder_i.$132'.
Found and cleaned up 1 empty switch in `\ibex_decoder$ibex_core.id_stage_i.decoder_i.$28'.
Found and cleaned up 1 empty switch in `\ibex_decoder$ibex_core.id_stage_i.decoder_i.$20'.
Found and cleaned up 1 empty switch in `\ibex_compressed_decoder$ibex_core.if_stage_i.compressed_decoder_i.$1'.
Removing empty process `ibex_prefetch_buffer$ibex_core.if_stage_i.gen_prefetch_buffer.prefetch_buffer_i.$107'.
Found and cleaned up 1 empty switch in `\ibex_prefetch_buffer$ibex_core.if_stage_i.gen_prefetch_buffer.prefetch_buffer_i.$58'.
Found and cleaned up 1 empty switch in `\ibex_prefetch_buffer$ibex_core.if_stage_i.gen_prefetch_buffer.prefetch_buffer_i.$43'.
Removing empty process `ibex_cs_registers$ibex_core.cs_registers_i.$272'.
Removing empty process `ibex_cs_registers$ibex_core.cs_registers_i.$229'.
Removing empty process `ibex_cs_registers$ibex_core.cs_registers_i.$227'.
Found and cleaned up 1 empty switch in `\ibex_cs_registers$ibex_core.cs_registers_i.$223'.
Found and cleaned up 1 empty switch in `\ibex_cs_registers$ibex_core.cs_registers_i.$150'.
Removing empty process `ibex_cs_registers$ibex_core.cs_registers_i.$143'.
Found and cleaned up 1 empty switch in `\ibex_cs_registers$ibex_core.cs_registers_i.$40'.
Found and cleaned up 1 empty switch in `\ibex_cs_registers$ibex_core.cs_registers_i.$17'.
Found and cleaned up 1 empty switch in `\ibex_register_file_ff$ibex_core.gen_regfile_ff.register_file_i.$184'.
Found and cleaned up 1 empty switch in `\ibex_register_file_ff$ibex_core.gen_regfile_ff.register_file_i.$180'.
Found and cleaned up 1 empty switch in `\ibex_register_file_ff$ibex_core.gen_regfile_ff.register_file_i.$176'.
Found and cleaned up 1 empty switch in `\ibex_register_file_ff$ibex_core.gen_regfile_ff.register_file_i.$172'.
Found and cleaned up 1 empty switch in `\ibex_register_file_ff$ibex_core.gen_regfile_ff.register_file_i.$168'.
Found and cleaned up 1 empty switch in `\ibex_register_file_ff$ibex_core.gen_regfile_ff.register_file_i.$164'.
Found and cleaned up 1 empty switch in `\ibex_register_file_ff$ibex_core.gen_regfile_ff.register_file_i.$160'.
Found and cleaned up 1 empty switch in `\ibex_register_file_ff$ibex_core.gen_regfile_ff.register_file_i.$156'.
Found and cleaned up 1 empty switch in `\ibex_register_file_ff$ibex_core.gen_regfile_ff.register_file_i.$152'.
Found and cleaned up 1 empty switch in `\ibex_register_file_ff$ibex_core.gen_regfile_ff.register_file_i.$148'.
Found and cleaned up 1 empty switch in `\ibex_register_file_ff$ibex_core.gen_regfile_ff.register_file_i.$144'.
Found and cleaned up 1 empty switch in `\ibex_register_file_ff$ibex_core.gen_regfile_ff.register_file_i.$140'.
Found and cleaned up 1 empty switch in `\ibex_register_file_ff$ibex_core.gen_regfile_ff.register_file_i.$136'.
Found and cleaned up 1 empty switch in `\ibex_register_file_ff$ibex_core.gen_regfile_ff.register_file_i.$132'.
Found and cleaned up 1 empty switch in `\ibex_register_file_ff$ibex_core.gen_regfile_ff.register_file_i.$128'.
Found and cleaned up 1 empty switch in `\ibex_register_file_ff$ibex_core.gen_regfile_ff.register_file_i.$124'.
Found and cleaned up 1 empty switch in `\ibex_register_file_ff$ibex_core.gen_regfile_ff.register_file_i.$120'.
Found and cleaned up 1 empty switch in `\ibex_register_file_ff$ibex_core.gen_regfile_ff.register_file_i.$116'.
Found and cleaned up 1 empty switch in `\ibex_register_file_ff$ibex_core.gen_regfile_ff.register_file_i.$112'.
Found and cleaned up 1 empty switch in `\ibex_register_file_ff$ibex_core.gen_regfile_ff.register_file_i.$108'.
Found and cleaned up 1 empty switch in `\ibex_register_file_ff$ibex_core.gen_regfile_ff.register_file_i.$104'.
Found and cleaned up 1 empty switch in `\ibex_register_file_ff$ibex_core.gen_regfile_ff.register_file_i.$100'.
Found and cleaned up 1 empty switch in `\ibex_register_file_ff$ibex_core.gen_regfile_ff.register_file_i.$96'.
Found and cleaned up 1 empty switch in `\ibex_register_file_ff$ibex_core.gen_regfile_ff.register_file_i.$92'.
Found and cleaned up 1 empty switch in `\ibex_register_file_ff$ibex_core.gen_regfile_ff.register_file_i.$88'.
Found and cleaned up 1 empty switch in `\ibex_register_file_ff$ibex_core.gen_regfile_ff.register_file_i.$84'.
Found and cleaned up 1 empty switch in `\ibex_register_file_ff$ibex_core.gen_regfile_ff.register_file_i.$80'.
Found and cleaned up 1 empty switch in `\ibex_register_file_ff$ibex_core.gen_regfile_ff.register_file_i.$76'.
Found and cleaned up 1 empty switch in `\ibex_register_file_ff$ibex_core.gen_regfile_ff.register_file_i.$72'.
Found and cleaned up 1 empty switch in `\ibex_register_file_ff$ibex_core.gen_regfile_ff.register_file_i.$68'.
Found and cleaned up 1 empty switch in `\ibex_register_file_ff$ibex_core.gen_regfile_ff.register_file_i.$64'.
Removing empty process `ibex_register_file_ff$ibex_core.gen_regfile_ff.register_file_i.$0'.
Removing empty process `ibex_load_store_unit$ibex_core.load_store_unit_i.$135'.
Found and cleaned up 1 empty switch in `\ibex_load_store_unit$ibex_core.load_store_unit_i.$67'.
Found and cleaned up 1 empty switch in `\ibex_load_store_unit$ibex_core.load_store_unit_i.$56'.
Found and cleaned up 1 empty switch in `\ibex_load_store_unit$ibex_core.load_store_unit_i.$45'.
Found and cleaned up 1 empty switch in `\ibex_load_store_unit$ibex_core.load_store_unit_i.$34'.
Found and cleaned up 1 empty switch in `\ibex_load_store_unit$ibex_core.load_store_unit_i.$31'.
Found and cleaned up 1 empty switch in `\ibex_load_store_unit$ibex_core.load_store_unit_i.$27'.
Found and cleaned up 1 empty switch in `\ibex_load_store_unit$ibex_core.load_store_unit_i.$20'.
Found and cleaned up 1 empty switch in `\ibex_load_store_unit$ibex_core.load_store_unit_i.$16'.
Found and cleaned up 1 empty switch in `\ibex_load_store_unit$ibex_core.load_store_unit_i.$13'.
Found and cleaned up 1 empty switch in `\ibex_load_store_unit$ibex_core.load_store_unit_i.$2'.
Found and cleaned up 1 empty switch in `\ibex_id_stage$ibex_core.id_stage_i.$103'.
Removing empty process `ibex_id_stage$ibex_core.id_stage_i.$100'.
Removing empty process `ibex_id_stage$ibex_core.id_stage_i.$94'.
Found and cleaned up 1 empty switch in `\ibex_id_stage$ibex_core.id_stage_i.$41'.
Found and cleaned up 1 empty switch in `\ibex_id_stage$ibex_core.id_stage_i.$38'.
Found and cleaned up 1 empty switch in `\ibex_id_stage$ibex_core.id_stage_i.$29'.
Found and cleaned up 1 empty switch in `\ibex_id_stage$ibex_core.id_stage_i.$25'.
Found and cleaned up 1 empty switch in `\ibex_id_stage$ibex_core.id_stage_i.$18'.
Found and cleaned up 1 empty switch in `\ibex_id_stage$ibex_core.id_stage_i.$11'.
Found and cleaned up 1 empty switch in `\ibex_if_stage$ibex_core.if_stage_i.$50'.
Removing empty process `ibex_if_stage$ibex_core.if_stage_i.$44'.
Found and cleaned up 1 empty switch in `\ibex_if_stage$ibex_core.if_stage_i.$8'.
Found and cleaned up 1 empty switch in `\ibex_if_stage$ibex_core.if_stage_i.$4'.
Found and cleaned up 1 empty switch in `\prim_clock_gating$ibex_core.core_clock_gate_i.$0'.
Found and cleaned up 1 empty switch in `\ibex_core.$6'.
Removing empty process `ibex_core.$3'.
Cleaned up 103 empty switches.
<suppressed ~1327 debug messages>

3.2. Executing TRIBUF pass.

3.3. Executing PROC_RMDEAD pass (remove dead branches from decision trees).
Marked 3 switch rules as full_case in process $37 in module ibex_fetch_fifo$ibex_core.if_stage_i.gen_prefetch_buffer.prefetch_buffer_i.fifo_i.
Marked 4 switch rules as full_case in process $0 in module ibex_counter$ibex_core.cs_registers_i.minstret_counter_i.
Marked 4 switch rules as full_case in process $0 in module ibex_counter$ibex_core.cs_registers_i.mcycle_counter_i.
Marked 6 switch rules as full_case in process $88 in module ibex_multdiv_fast$ibex_core.ex_block_i.gen_multdiv_fast.multdiv_i.
Marked 1 switch rules as full_case in process $73 in module ibex_multdiv_fast$ibex_core.ex_block_i.gen_multdiv_fast.multdiv_i.
Removed 1 dead cases from process $34 in module ibex_multdiv_fast$ibex_core.ex_block_i.gen_multdiv_fast.multdiv_i.
Marked 4 switch rules as full_case in process $34 in module ibex_multdiv_fast$ibex_core.ex_block_i.gen_multdiv_fast.multdiv_i.
Marked 1 switch rules as full_case in process $117 in module ibex_alu$ibex_core.ex_block_i.alu_i.
Marked 1 switch rules as full_case in process $108 in module ibex_alu$ibex_core.ex_block_i.alu_i.
Marked 1 switch rules as full_case in process $52 in module ibex_alu$ibex_core.ex_block_i.alu_i.
Marked 44 switch rules as full_case in process $105 in module ibex_controller$ibex_core.id_stage_i.controller_i.
Marked 27 switch rules as full_case in process $88 in module ibex_controller$ibex_core.id_stage_i.controller_i.
Marked 10 switch rules as full_case in process $46 in module ibex_controller$ibex_core.id_stage_i.controller_i.
Removed 1 dead cases from process $132 in module ibex_decoder$ibex_core.id_stage_i.decoder_i.
Marked 20 switch rules as full_case in process $132 in module ibex_decoder$ibex_core.id_stage_i.decoder_i.
Removed 1 dead cases from process $28 in module ibex_decoder$ibex_core.id_stage_i.decoder_i.
Marked 36 switch rules as full_case in process $28 in module ibex_decoder$ibex_core.id_stage_i.decoder_i.
Removed 6 dead cases from process $1 in module ibex_compressed_decoder$ibex_core.if_stage_i.compressed_decoder_i.
Marked 20 switch rules as full_case in process $1 in module ibex_compressed_decoder$ibex_core.if_stage_i.compressed_decoder_i.
Removed 1 dead cases from process $150 in module ibex_cs_registers$ibex_core.cs_registers_i.
Marked 1 switch rules as full_case in process $223 in module ibex_cs_registers$ibex_core.cs_registers_i.
Marked 10 switch rules as full_case in process $40 in module ibex_cs_registers$ibex_core.cs_registers_i.
Marked 9 switch rules as full_case in process $67 in module ibex_load_store_unit$ibex_core.load_store_unit_i.
Removed 1 dead cases from process $56 in module ibex_load_store_unit$ibex_core.load_store_unit_i.
Removed 1 dead cases from process $45 in module ibex_load_store_unit$ibex_core.load_store_unit_i.
Marked 8 switch rules as full_case in process $45 in module ibex_load_store_unit$ibex_core.load_store_unit_i.
Removed 1 dead cases from process $34 in module ibex_load_store_unit$ibex_core.load_store_unit_i.
Marked 8 switch rules as full_case in process $34 in module ibex_load_store_unit$ibex_core.load_store_unit_i.
Removed 1 dead cases from process $31 in module ibex_load_store_unit$ibex_core.load_store_unit_i.
Removed 1 dead cases from process $13 in module ibex_load_store_unit$ibex_core.load_store_unit_i.
Removed 5 dead cases from process $2 in module ibex_load_store_unit$ibex_core.load_store_unit_i.
Marked 8 switch rules as full_case in process $2 in module ibex_load_store_unit$ibex_core.load_store_unit_i.
Removed 1 dead cases from process $103 in module ibex_id_stage$ibex_core.id_stage_i.
Marked 6 switch rules as full_case in process $103 in module ibex_id_stage$ibex_core.id_stage_i.
Marked 4 switch rules as full_case in process $41 in module ibex_id_stage$ibex_core.id_stage_i.
Removed 1 dead cases from process $38 in module ibex_id_stage$ibex_core.id_stage_i.
Removed 1 dead cases from process $11 in module ibex_id_stage$ibex_core.id_stage_i.
Removed 1 dead cases from process $4 in module ibex_if_stage$ibex_core.if_stage_i.
Removed a total of 24 dead cases.

3.4. Executing PROC_PRUNE pass (remove redundant assignments in processes).
Removed 140 redundant assignments.
Promoted 0 assignments to connections.

3.5. Executing PROC_INIT pass (extract init attributes).

3.6. Executing PROC_ROM pass (convert switches to ROMs).
Converted 1 switch.
<suppressed ~410 debug messages>

3.7. Executing PROC_MUX pass (convert decision trees to multiplexers).
Creating decoders for process `\ibex_fetch_fifo$ibex_core.if_stage_i.gen_prefetch_buffer.prefetch_buffer_i.fifo_i.$127'.
     1/2: $err_q[1]$129
     2/2: $rdata_q[63:32]$128
Creating decoders for process `\ibex_fetch_fifo$ibex_core.if_stage_i.gen_prefetch_buffer.prefetch_buffer_i.fifo_i.$124'.
     1/2: $err_q[0]$126
     2/2: $rdata_q[31:0]$125
Creating decoders for process `\ibex_fetch_fifo$ibex_core.if_stage_i.gen_prefetch_buffer.prefetch_buffer_i.fifo_i.$130'.
     1/2: $err_q[2]$132
     2/2: $rdata_q[95:64]$131
Creating decoders for process `\ibex_fetch_fifo$ibex_core.if_stage_i.gen_prefetch_buffer.prefetch_buffer_i.fifo_i.$54'.
     1/1: $instr_addr_q$55
Creating decoders for process `\ibex_fetch_fifo$ibex_core.if_stage_i.gen_prefetch_buffer.prefetch_buffer_i.fifo_i.$37'.
     1/5: $out_err_plus2_o$42
     2/5: $out_err_o$41
     3/5: $out_rdata_o$40
     4/5: $out_valid_o$39
     5/5: $out_valid_o$38
Creating decoders for process `\ibex_csr$ibex_core.cs_registers_i.u_cpuctrl_csr.$0'.
     1/1: $rdata_q$3
Creating decoders for process `\ibex_counter$ibex_core.cs_registers_i.minstret_counter_i.$0'.
     1/3: $counter_d$4
     2/3: $counter_d$5
     3/3: $counter_load$2
Creating decoders for process `\ibex_counter$ibex_core.cs_registers_i.mcycle_counter_i.$0'.
     1/3: $counter_d$4
     2/3: $counter_d$5
     3/3: $counter_load$2
Creating decoders for process `\ibex_csr$ibex_core.cs_registers_i.u_mstack_cause_csr.$0'.
     1/1: $rdata_q$3
Creating decoders for process `\ibex_csr$ibex_core.cs_registers_i.u_mstack_epc_csr.$0'.
     1/1: $rdata_q$3
Creating decoders for process `\ibex_csr$ibex_core.cs_registers_i.u_mstack_csr.$0'.
     1/1: $rdata_q$3
Creating decoders for process `\ibex_csr$ibex_core.cs_registers_i.u_dscratch1_csr.$0'.
     1/1: $rdata_q$3
Creating decoders for process `\ibex_csr$ibex_core.cs_registers_i.u_dscratch0_csr.$0'.
     1/1: $rdata_q$3
Creating decoders for process `\ibex_csr$ibex_core.cs_registers_i.u_depc_csr.$0'.
     1/1: $rdata_q$3
Creating decoders for process `\ibex_csr$ibex_core.cs_registers_i.u_dcsr_csr.$0'.
     1/1: $rdata_q$3
Creating decoders for process `\ibex_csr$ibex_core.cs_registers_i.u_mtvec_csr.$0'.
     1/1: $rdata_q$3
Creating decoders for process `\ibex_csr$ibex_core.cs_registers_i.u_mtval_csr.$0'.
     1/1: $rdata_q$3
Creating decoders for process `\ibex_csr$ibex_core.cs_registers_i.u_mcause_csr.$0'.
     1/1: $rdata_q$3
Creating decoders for process `\ibex_csr$ibex_core.cs_registers_i.u_mscratch_csr.$0'.
     1/1: $rdata_q$3
Creating decoders for process `\ibex_csr$ibex_core.cs_registers_i.u_mie_csr.$0'.
     1/1: $rdata_q$3
Creating decoders for process `\ibex_csr$ibex_core.cs_registers_i.u_mepc_csr.$0'.
     1/1: $rdata_q$3
Creating decoders for process `\ibex_csr$ibex_core.cs_registers_i.u_mstatus_csr.$0'.
     1/1: $rdata_q$3
Creating decoders for process `\ibex_multdiv_fast$ibex_core.ex_block_i.gen_multdiv_fast.multdiv_i.$88'.
     1/16: $op_remainder_d$118
     2/16: $op_remainder_d$113
     3/16: $md_state_d$131
     4/16: $md_state_d$100
     5/16: $op_remainder_d$98
     6/16: $div_by_zero_d$99
     7/16: $div_by_zero_d$130
     8/16: $div_hold$129
     9/16: $div_counter_d$128
    10/16: $div_valid$127
    11/16: $op_quotient_d$126
    12/16: $op_numerator_d$125
    13/16: $op_denominator_d$124
    14/16: $op_remainder_d$123
    15/16: $alu_operand_b_o$122
    16/16: $alu_operand_a_o$121
Creating decoders for process `\ibex_multdiv_fast$ibex_core.ex_block_i.gen_multdiv_fast.multdiv_i.$73'.
     1/1: $is_greater_equal$77
Creating decoders for process `\ibex_multdiv_fast$ibex_core.ex_block_i.gen_multdiv_fast.multdiv_i.$60'.
     1/1: $gen_mult_fast.mult_state_q$63
Creating decoders for process `\ibex_multdiv_fast$ibex_core.ex_block_i.gen_multdiv_fast.multdiv_i.$34'.
     1/15: $gen_mult_fast.mult_state_d$45
     2/15: $mac_res_d$43
     3/15: $accum$41
     4/15: $mult_hold$44
     5/15: $mult_valid$42
     6/15: $mac_res_d$37
     7/15: $gen_mult_fast.mult_state_d$58
     8/15: $gen_mult_fast.mult_op_b$57
     9/15: $gen_mult_fast.mult_op_a$56
    10/15: $mac_res_d$54
    11/15: $sign_b$52
    12/15: $sign_a$51
    13/15: $accum$50
    14/15: $mult_hold$55
    15/15: $mult_valid$53
Creating decoders for process `\ibex_multdiv_fast$ibex_core.ex_block_i.gen_multdiv_fast.multdiv_i.$7'.
     1/5: $md_state_q$14
     2/5: $div_by_zero_q$13
     3/5: $div_counter_q$12
     4/5: $op_quotient_q$11
     5/5: $op_numerator_q$10
Creating decoders for process `\ibex_alu$ibex_core.ex_block_i.alu_i.$151'.
     1/1: $bwlogic_result$152
Creating decoders for process `\ibex_alu$ibex_core.ex_block_i.alu_i.$132'.
     1/1: $bwlogic_op_b_negate$133
Creating decoders for process `\ibex_alu$ibex_core.ex_block_i.alu_i.$170'.
     1/1: $result_o$171
Creating decoders for process `\ibex_alu$ibex_core.ex_block_i.alu_i.$117'.
     1/2: $shift_left$119
     2/2: $shift_left$118
Creating decoders for process `\ibex_alu$ibex_core.ex_block_i.alu_i.$108'.
     1/1: $shift_amt[4:0]$114
Creating decoders for process `\ibex_alu$ibex_core.ex_block_i.alu_i.$59'.
     1/1: $cmp_result$62
Creating decoders for process `\ibex_alu$ibex_core.ex_block_i.alu_i.$52'.
     1/1: $is_greater_equal$57
Creating decoders for process `\ibex_alu$ibex_core.ex_block_i.alu_i.$46'.
     1/1: $cmp_signed$47
Creating decoders for process `\ibex_alu$ibex_core.ex_block_i.alu_i.$39'.
     1/1: $adder_in_b$40
Creating decoders for process `\ibex_alu$ibex_core.ex_block_i.alu_i.$32'.
     1/1: $adder_op_b_negate$33
Creating decoders for process `\ibex_controller$ibex_core.id_stage_i.controller_i.$105'.
     1/120: $ctrl_fsm_ns$236
     2/120: $ctrl_fsm_ns$203
     3/120: $ctrl_fsm_ns$204
     4/120: $debug_mode_d$210
     5/120: $ctrl_fsm_ns$209
     6/120: $csr_restore_dret_id_o$208
     7/120: $pc_mux_o$207
     8/120: $pc_set_spec_o$206
     9/120: $pc_set_o$205
    10/120: $pc_mux_o$213
    11/120: $pc_set_spec_o$212
    12/120: $pc_set_o$211
    13/120: $nmi_mode_d$201
    14/120: $debug_mode_d$218
    15/120: $nmi_mode_d$217
    16/120: $ctrl_fsm_ns$216
    17/120: $csr_restore_dret_id_o$215
    18/120: $csr_restore_mret_id_o$214
    19/120: $ctrl_fsm_ns$229
    20/120: $pc_mux_o$221
    21/120: $pc_set_spec_o$220
    22/120: $pc_set_o$219
    23/120: $flush_id$192
    24/120: $ctrl_fsm_ns$191
    25/120: $csr_save_cause_o$190
    26/120: $csr_save_id_o$189
    27/120: $exc_cause_o$188
    28/120: $pc_set_spec_o$187
    29/120: $pc_set_o$186
    30/120: $flush_id$200
    31/120: $ctrl_fsm_ns$199
    32/120: $csr_mtval_o$198
    33/120: $csr_save_cause_o$197
    34/120: $csr_save_id_o$196
    35/120: $exc_cause_o$195
    36/120: $pc_set_spec_o$194
    37/120: $pc_set_o$193
    38/120: $flush_id$232
    39/120: $debug_mode_d$231
    40/120: $nmi_mode_d$230
    41/120: $csr_mtval_o$228
    42/120: $csr_save_cause_o$227
    43/120: $csr_restore_dret_id_o$226
    44/120: $csr_restore_mret_id_o$225
    45/120: $csr_save_id_o$224
    46/120: $exc_cause_o$223
    47/120: $exc_pc_mux_o$222
    48/120: $csr_save_cause_o$176
    49/120: $csr_save_id_o$175
    50/120: $debug_csr_save_o$174
    51/120: $debug_cause_o$173
    52/120: $debug_cause_o$161
    53/120: $debug_cause_o$162
    54/120: $flush_id$170
    55/120: $debug_mode_d$169
    56/120: $csr_save_cause_o$168
    57/120: $csr_save_if_o$167
    58/120: $debug_csr_save_o$166
    59/120: $debug_cause_o$165
    60/120: $pc_set_spec_o$164
    61/120: $pc_set_o$163
    62/120: $exc_cause_o$148
    63/120: $exc_cause_o$149
    64/120: $exc_cause_o$150
    65/120: $exc_cause_o$151
    66/120: $nmi_mode_d$152
    67/120: $nmi_mode_d$158
    68/120: $csr_save_cause_o$157
    69/120: $csr_save_if_o$156
    70/120: $exc_cause_o$155
    71/120: $pc_set_spec_o$154
    72/120: $pc_set_o$153
    73/120: $halt_if$140
    74/120: $ctrl_fsm_ns$139
    75/120: $halt_if$142
    76/120: $ctrl_fsm_ns$141
    77/120: $halt_if$144
    78/120: $ctrl_fsm_ns$143
    79/120: $halt_if$135
    80/120: $pc_set_spec_o$132
    81/120: $perf_tbranch_o$125
    82/120: $perf_jump_o$124
    83/120: $pc_set_o$123
    84/120: $perf_tbranch_o$128
    85/120: $perf_jump_o$127
    86/120: $pc_set_o$126
    87/120: $ctrl_fsm_ns$118
    88/120: $retain_id$120
    89/120: $ctrl_fsm_ns$119
    90/120: $halt_if$116
    91/120: $ctrl_fsm_ns$115
    92/120: $halt_if$114
    93/120: $ctrl_fsm_ns$113
    94/120: $ctrl_fsm_ns$112
    95/120: $ctrl_fsm_ns$111
    96/120: $ctrl_busy_o$110
    97/120: $ctrl_fsm_ns$255
    98/120: $flush_id$260
    99/120: $retain_id$259
   100/120: $halt_if$258
   101/120: $debug_mode_d$257
   102/120: $nmi_mode_d$256
   103/120: $perf_tbranch_o$254
   104/120: $perf_jump_o$253
   105/120: $csr_mtval_o$252
   106/120: $csr_save_cause_o$251
   107/120: $csr_restore_dret_id_o$250
   108/120: $csr_restore_mret_id_o$249
   109/120: $csr_save_id_o$248
   110/120: $csr_save_if_o$247
   111/120: $debug_csr_save_o$246
   112/120: $debug_cause_o$245
   113/120: $exc_cause_o$244
   114/120: $exc_pc_mux_o$243
   115/120: $pc_mux_o$242
   116/120: $pc_set_spec_o$241
   117/120: $pc_set_o$240
   118/120: $instr_req_o$239
   119/120: $controller_run_o$238
   120/120: $ctrl_busy_o$237
Creating decoders for process `\ibex_controller$ibex_core.id_stage_i.controller_i.$88'.
     1/14: $mfip_id$89
     2/14: $mfip_id$90
     3/14: $mfip_id$91
     4/14: $mfip_id$92
     5/14: $mfip_id$93
     6/14: $mfip_id$94
     7/14: $mfip_id$95
     8/14: $mfip_id$96
     9/14: $mfip_id$97
    10/14: $mfip_id$98
    11/14: $mfip_id$99
    12/14: $mfip_id$100
    13/14: $mfip_id$101
    14/14: $mfip_id$102
Creating decoders for process `\ibex_controller$ibex_core.id_stage_i.controller_i.$46'.
     1/21: $load_err_prio$47
     2/21: $load_err_prio$49
     3/21: $store_err_prio$48
     4/21: $load_err_prio$52
     5/21: $store_err_prio$51
     6/21: $ebrk_insn_prio$50
     7/21: $load_err_prio$56
     8/21: $store_err_prio$55
     9/21: $ebrk_insn_prio$54
    10/21: $ecall_insn_prio$53
    11/21: $load_err_prio$61
    12/21: $store_err_prio$60
    13/21: $ebrk_insn_prio$59
    14/21: $ecall_insn_prio$58
    15/21: $illegal_insn_prio$57
    16/21: $load_err_prio$67
    17/21: $store_err_prio$66
    18/21: $ebrk_insn_prio$65
    19/21: $ecall_insn_prio$64
    20/21: $illegal_insn_prio$63
    21/21: $instr_fetch_err_prio$62
Creating decoders for process `\ibex_decoder$ibex_core.id_stage_i.decoder_i.$132'.
     1/40: $alu_op_a_mux_sel_o$168
     2/40: $alu_op_b_mux_sel_o$172
     3/40: $alu_op_a_mux_sel_o$171
     4/40: $imm_b_mux_sel_o$170
     5/40: $imm_a_mux_sel_o$169
     6/40: $alu_op_b_mux_sel_o$166
     7/40: $alu_op_a_mux_sel_o$165
     8/40: $alu_operator_o$164
     9/40: $imm_b_mux_sel_o$163
    10/40: $div_sel_o$159
    11/40: $mult_sel_o$158
    12/40: $alu_operator_o$157
    13/40: $div_sel_o$162
    14/40: $mult_sel_o$161
    15/40: $alu_operator_o$160
    16/40: $alu_operator_o$154
    17/40: $alu_operator_o$155
    18/40: $alu_operator_o$156
    19/40: $alu_op_b_mux_sel_o$151
    20/40: $imm_b_mux_sel_o$150
    21/40: $alu_op_b_mux_sel_o$148
    22/40: $alu_op_a_mux_sel_o$147
    23/40: $alu_operator_o$146
    24/40: $imm_b_mux_sel_o$145
    25/40: $alu_operator_o$143
    26/40: $alu_op_b_mux_sel_o$142
    27/40: $alu_op_a_mux_sel_o$141
    28/40: $alu_operator_o$140
    29/40: $imm_b_mux_sel_o$139
    30/40: $alu_op_b_mux_sel_o$137
    31/40: $alu_op_a_mux_sel_o$136
    32/40: $alu_operator_o$135
    33/40: $imm_b_mux_sel_o$134
    34/40: $div_sel_o$179
    35/40: $mult_sel_o$178
    36/40: $alu_op_b_mux_sel_o$177
    37/40: $alu_op_a_mux_sel_o$176
    38/40: $alu_operator_o$175
    39/40: $imm_b_mux_sel_o$174
    40/40: $imm_a_mux_sel_o$173
Creating decoders for process `\ibex_decoder$ibex_core.id_stage_i.decoder_i.$28'.
     1/87: $rf_we$130
     2/87: $branch_in_dec_o$129
     3/87: $jump_in_dec_o$128
     4/87: $data_we_o$127
     5/87: $data_req_o$126
     6/87: $csr_access_o$125
     7/87: $jump_set_o$124
     8/87: $illegal_insn$123
     9/87: $csr_op$87
    10/87: $csr_illegal$86
    11/87: $rf_ren_a_o$85
    12/87: $illegal_insn$96
    13/87: $illegal_insn$83
    14/87: $illegal_insn$79
    15/87: $wfi_insn_o$78
    16/87: $ecall_insn_o$77
    17/87: $dret_insn_o$76
    18/87: $mret_insn_o$75
    19/87: $ebrk_insn_o$74
    20/87: $csr_op$99
    21/87: $rf_we$98
    22/87: $csr_illegal$97
    23/87: $csr_access_o$95
    24/87: $rf_ren_a_o$94
    25/87: $rf_wdata_sel_o$93
    26/87: $wfi_insn_o$92
    27/87: $ecall_insn_o$91
    28/87: $dret_insn_o$90
    29/87: $mret_insn_o$89
    30/87: $ebrk_insn_o$88
    31/87: $icache_inval_o$67
    32/87: $jump_set_o$66
    33/87: $rf_we$72
    34/87: $illegal_insn$71
    35/87: $jump_in_dec_o$70
    36/87: $icache_inval_o$69
    37/87: $jump_set_o$68
    38/87: $illegal_insn$62
    39/87: $multdiv_signed_mode_o$61
    40/87: $multdiv_operator_o$60
    41/87: $illegal_insn$65
    42/87: $multdiv_signed_mode_o$64
    43/87: $multdiv_operator_o$63
    44/87: $illegal_insn$55
    45/87: $illegal_insn$53
    46/87: $illegal_insn$51
    47/87: $illegal_insn$56
    48/87: $illegal_insn$57
    49/87: $illegal_insn$47
    50/87: $illegal_insn$46
    51/87: $illegal_insn$48
    52/87: $illegal_insn$58
    53/87: $illegal_insn$40
    54/87: $illegal_insn$42
    55/87: $data_type_o$41
    56/87: $illegal_insn$38
    57/87: $data_type_o$37
    58/87: $illegal_insn$36
    59/87: $illegal_insn$35
    60/87: $illegal_insn$34
    61/87: $rf_we$32
    62/87: $jump_set_o$31
    63/87: $rf_we$30
    64/87: $jump_set_o$29
    65/87: $csr_op$122
    66/87: $rf_we$121
    67/87: $csr_illegal$120
    68/87: $illegal_insn$119
    69/87: $branch_in_dec_o$118
    70/87: $jump_in_dec_o$117
    71/87: $data_sign_extension_o$116
    72/87: $data_type_o$115
    73/87: $data_we_o$114
    74/87: $data_req_o$113
    75/87: $csr_access_o$112
    76/87: $multdiv_signed_mode_o$111
    77/87: $multdiv_operator_o$110
    78/87: $rf_ren_b_o$109
    79/87: $rf_ren_a_o$108
    80/87: $rf_wdata_sel_o$107
    81/87: $icache_inval_o$106
    82/87: $jump_set_o$105
    83/87: $wfi_insn_o$104
    84/87: $ecall_insn_o$103
    85/87: $dret_insn_o$102
    86/87: $mret_insn_o$101
    87/87: $ebrk_insn_o$100
Creating decoders for process `\ibex_decoder$ibex_core.id_stage_i.decoder_i.$20'.
     1/1: $csr_op_o$26
Creating decoders for process `\ibex_compressed_decoder$ibex_core.if_stage_i.compressed_decoder_i.$1'.
     1/25: $instr_o$31
     2/25: $instr_o$32
     3/25: $instr_o$33
     4/25: $illegal_instr_o$26
     5/25: $instr_o$27
     6/25: $illegal_instr_o$28
     7/25: $illegal_instr_o$34
     8/25: $illegal_instr_o$22
     9/25: $illegal_instr_o$20
    10/25: $illegal_instr_o$36
    11/25: $instr_o$35
    12/25: $illegal_instr_o$14
    13/25: $instr_o$13
    14/25: $instr_o$15
    15/25: $illegal_instr_o$12
    16/25: $illegal_instr_o$16
    17/25: $illegal_instr_o$10
    18/25: $instr_o$8
    19/25: $instr_o$17
    20/25: $illegal_instr_o$18
    21/25: $illegal_instr_o$3
    22/25: $illegal_instr_o$5
    23/25: $instr_o$4
    24/25: $illegal_instr_o$38
    25/25: $instr_o$37
Creating decoders for process `\ibex_prefetch_buffer$ibex_core.if_stage_i.gen_prefetch_buffer.prefetch_buffer_i.$58'.
     1/1: $fetch_addr_q$59
Creating decoders for process `\ibex_prefetch_buffer$ibex_core.if_stage_i.gen_prefetch_buffer.prefetch_buffer_i.$43'.
     1/1: $stored_addr_q$44
Creating decoders for process `\ibex_cs_registers$ibex_core.cs_registers_i.$150'.
     1/1: $csr_wdata_int$154
Creating decoders for process `\ibex_cs_registers$ibex_core.cs_registers_i.$223'.
     1/1: $mcountinhibit_d$225
Creating decoders for process `\ibex_cs_registers$ibex_core.cs_registers_i.$40'.
     1/81: $mstatus_d[4:2]$121
     2/81: $mcause_en$125
     3/81: $mcause_d$124
     4/81: $mepc_en$123
     5/81: $mepc_d$122
     6/81: $mstack_en$106
     7/81: $mtval_en$105
     8/81: $mtval_d$104
     9/81: $mcause_en$103
    10/81: $mcause_d$102
    11/81: $mepc_en$101
    12/81: $mepc_d$100
    13/81: $mstatus_en$99
    14/81: $mstatus_d[5:2]$98
    15/81: $mstack_en$120
    16/81: $depc_en$119
    17/81: $depc_d$118
    18/81: $dcsr_en$117
    19/81: $dcsr_d[8:6]$116
    20/81: $dcsr_d[1:0]$115
    21/81: $mtval_en$114
    22/81: $mtval_d$113
    23/81: $mcause_en$112
    24/81: $mcause_d$111
    25/81: $mepc_en$110
    26/81: $mepc_d$109
    27/81: $mstatus_en$108
    28/81: $mstatus_d[5:2]$107
    29/81: $exception_pc$96
    30/81: $mstack_en$141
    31/81: $depc_en$140
    32/81: $depc_d$139
    33/81: $dcsr_en$138
    34/81: $dcsr_d[8:6]$137
    35/81: $dcsr_d[1:0]$136
    36/81: $mtval_en$135
    37/81: $mtval_d$134
    38/81: $mcause_en$133
    39/81: $mcause_d$132
    40/81: $mepc_en$131
    41/81: $mepc_d$130
    42/81: $mstatus_en$129
    43/81: $mstatus_d[5:2]$128
    44/81: $priv_lvl_d$127
    45/81: $exception_pc$126
    46/81: $dcsr_d[1:0]$49
    47/81: $mstatus_d[3:2]$45
    48/81: $cpuctrl_we$78
    49/81: $mhpmcounterh_we$77
    50/81: $mhpmcounter_we$76
    51/81: $mcountinhibit_we$75
    52/81: $dscratch1_en$74
    53/81: $dscratch0_en$73
    54/81: $depc_en$72
    55/81: $dcsr_en$71
    56/81: $dcsr_d$70
    57/81: $mtvec_en$69
    58/81: $mtval_en$68
    59/81: $mcause_en$67
    60/81: $mepc_en$66
    61/81: $mscratch_en$65
    62/81: $mie_en$64
    63/81: $mstatus_en$63
    64/81: $mstatus_d$62
    65/81: $cpuctrl_we$95
    66/81: $mhpmcounterh_we$94
    67/81: $mhpmcounter_we$93
    68/81: $mcountinhibit_we$92
    69/81: $dscratch1_en$91
    70/81: $dscratch0_en$90
    71/81: $depc_en$89
    72/81: $dcsr_en$88
    73/81: $dcsr_d$87
    74/81: $mtvec_en$86
    75/81: $mtval_en$85
    76/81: $mcause_en$84
    77/81: $mepc_en$83
    78/81: $mscratch_en$82
    79/81: $mie_en$81
    80/81: $mstatus_en$80
    81/81: $mstatus_d$79
Creating decoders for process `\ibex_cs_registers$ibex_core.cs_registers_i.$17'.
     1/2: $illegal_csr$38
     2/2: $csr_rdata_int$37
Creating decoders for process `\ibex_register_file_ff$ibex_core.gen_regfile_ff.register_file_i.$180'.
     1/1: $rf_reg_q[959:928]$183
Creating decoders for process `\ibex_register_file_ff$ibex_core.gen_regfile_ff.register_file_i.$176'.
     1/1: $rf_reg_q[927:896]$179
Creating decoders for process `\ibex_register_file_ff$ibex_core.gen_regfile_ff.register_file_i.$172'.
     1/1: $rf_reg_q[895:864]$175
Creating decoders for process `\ibex_register_file_ff$ibex_core.gen_regfile_ff.register_file_i.$168'.
     1/1: $rf_reg_q[863:832]$171
Creating decoders for process `\ibex_register_file_ff$ibex_core.gen_regfile_ff.register_file_i.$164'.
     1/1: $rf_reg_q[831:800]$167
Creating decoders for process `\ibex_register_file_ff$ibex_core.gen_regfile_ff.register_file_i.$160'.
     1/1: $rf_reg_q[799:768]$163
Creating decoders for process `\ibex_register_file_ff$ibex_core.gen_regfile_ff.register_file_i.$156'.
     1/1: $rf_reg_q[767:736]$159
Creating decoders for process `\ibex_register_file_ff$ibex_core.gen_regfile_ff.register_file_i.$152'.
     1/1: $rf_reg_q[735:704]$155
Creating decoders for process `\ibex_register_file_ff$ibex_core.gen_regfile_ff.register_file_i.$148'.
     1/1: $rf_reg_q[703:672]$151
Creating decoders for process `\ibex_register_file_ff$ibex_core.gen_regfile_ff.register_file_i.$144'.
     1/1: $rf_reg_q[671:640]$147
Creating decoders for process `\ibex_register_file_ff$ibex_core.gen_regfile_ff.register_file_i.$140'.
     1/1: $rf_reg_q[639:608]$143
Creating decoders for process `\ibex_register_file_ff$ibex_core.gen_regfile_ff.register_file_i.$136'.
     1/1: $rf_reg_q[607:576]$139
Creating decoders for process `\ibex_register_file_ff$ibex_core.gen_regfile_ff.register_file_i.$132'.
     1/1: $rf_reg_q[575:544]$135
Creating decoders for process `\ibex_register_file_ff$ibex_core.gen_regfile_ff.register_file_i.$128'.
     1/1: $rf_reg_q[543:512]$131
Creating decoders for process `\ibex_register_file_ff$ibex_core.gen_regfile_ff.register_file_i.$124'.
     1/1: $rf_reg_q[511:480]$127
Creating decoders for process `\ibex_register_file_ff$ibex_core.gen_regfile_ff.register_file_i.$120'.
     1/1: $rf_reg_q[479:448]$123
Creating decoders for process `\ibex_register_file_ff$ibex_core.gen_regfile_ff.register_file_i.$116'.
     1/1: $rf_reg_q[447:416]$119
Creating decoders for process `\ibex_register_file_ff$ibex_core.gen_regfile_ff.register_file_i.$112'.
     1/1: $rf_reg_q[415:384]$115
Creating decoders for process `\ibex_register_file_ff$ibex_core.gen_regfile_ff.register_file_i.$108'.
     1/1: $rf_reg_q[383:352]$111
Creating decoders for process `\ibex_register_file_ff$ibex_core.gen_regfile_ff.register_file_i.$104'.
     1/1: $rf_reg_q[351:320]$107
Creating decoders for process `\ibex_register_file_ff$ibex_core.gen_regfile_ff.register_file_i.$100'.
     1/1: $rf_reg_q[319:288]$103
Creating decoders for process `\ibex_register_file_ff$ibex_core.gen_regfile_ff.register_file_i.$96'.
     1/1: $rf_reg_q[287:256]$99
Creating decoders for process `\ibex_register_file_ff$ibex_core.gen_regfile_ff.register_file_i.$92'.
     1/1: $rf_reg_q[255:224]$95
Creating decoders for process `\ibex_register_file_ff$ibex_core.gen_regfile_ff.register_file_i.$88'.
     1/1: $rf_reg_q[223:192]$91
Creating decoders for process `\ibex_register_file_ff$ibex_core.gen_regfile_ff.register_file_i.$84'.
     1/1: $rf_reg_q[191:160]$87
Creating decoders for process `\ibex_register_file_ff$ibex_core.gen_regfile_ff.register_file_i.$80'.
     1/1: $rf_reg_q[159:128]$83
Creating decoders for process `\ibex_register_file_ff$ibex_core.gen_regfile_ff.register_file_i.$76'.
     1/1: $rf_reg_q[127:96]$79
Creating decoders for process `\ibex_register_file_ff$ibex_core.gen_regfile_ff.register_file_i.$72'.
     1/1: $rf_reg_q[95:64]$75
Creating decoders for process `\ibex_register_file_ff$ibex_core.gen_regfile_ff.register_file_i.$68'.
     1/1: $rf_reg_q[63:32]$71
Creating decoders for process `\ibex_register_file_ff$ibex_core.gen_regfile_ff.register_file_i.$64'.
     1/1: $rf_reg_q[31:0]$67
Creating decoders for process `\ibex_register_file_ff$ibex_core.gen_regfile_ff.register_file_i.$184'.
     1/1: $rf_reg_q[991:960]$187
Creating decoders for process `\ibex_load_store_unit$ibex_core.load_store_unit_i.$67'.
     1/45: $ls_fsm_ns$117
     2/45: $lsu_err_d$116
     3/45: $pmp_err_d$115
     4/45: $rdata_update$114
     5/45: $addr_update$113
     6/45: $ls_fsm_ns$110
     7/45: $handle_misaligned_d$109
     8/45: $ctrl_update$108
     9/45: $addr_update$107
    10/45: $ls_fsm_ns$98
    11/45: $handle_misaligned_d$97
    12/45: $ls_fsm_ns$104
    13/45: $handle_misaligned_d$101
    14/45: $lsu_err_d$103
    15/45: $pmp_err_d$102
    16/45: $rdata_update$100
    17/45: $addr_update$99
    18/45: $ls_fsm_ns$88
    19/45: $handle_misaligned_d$87
    20/45: $ctrl_update$86
    21/45: $addr_update$85
    22/45: $ls_fsm_ns$128
    23/45: $ls_fsm_ns$74
    24/45: $handle_misaligned_d$73
    25/45: $ctrl_update$72
    26/45: $addr_update$71
    27/45: $ls_fsm_ns$83
    28/45: $lsu_err_d$82
    29/45: $pmp_err_d$81
    30/45: $handle_misaligned_d$80
    31/45: $ctrl_update$79
    32/45: $addr_update$78
    33/45: $perf_store_o$77
    34/45: $perf_load_o$76
    35/45: $data_req_o$75
    36/45: $lsu_err_d$127
    37/45: $pmp_err_d$126
    38/45: $handle_misaligned_d$125
    39/45: $rdata_update$124
    40/45: $ctrl_update$123
    41/45: $addr_update$122
    42/45: $perf_store_o$121
    43/45: $perf_load_o$120
    44/45: $addr_incr_req_o$119
    45/45: $data_req_o$118
Creating decoders for process `\ibex_load_store_unit$ibex_core.load_store_unit_i.$56'.
     1/1: $data_rdata_ext$57
Creating decoders for process `\ibex_load_store_unit$ibex_core.load_store_unit_i.$45'.
     1/5: $rdata_b_ext$53
     2/5: $rdata_b_ext$51
     3/5: $rdata_b_ext$49
     4/5: $rdata_b_ext$54
     5/5: $rdata_b_ext$47
Creating decoders for process `\ibex_load_store_unit$ibex_core.load_store_unit_i.$34'.
     1/5: $rdata_h_ext$42
     2/5: $rdata_h_ext$40
     3/5: $rdata_h_ext$38
     4/5: $rdata_h_ext$43
     5/5: $rdata_h_ext$36
Creating decoders for process `\ibex_load_store_unit$ibex_core.load_store_unit_i.$31'.
     1/1: $rdata_w_ext$32
Creating decoders for process `\ibex_load_store_unit$ibex_core.load_store_unit_i.$27'.
     1/1: $addr_last_q$30
Creating decoders for process `\ibex_load_store_unit$ibex_core.load_store_unit_i.$20'.
     1/4: $data_we_q$26
     2/4: $data_sign_ext_q$25
     3/4: $data_type_q$24
     4/4: $rdata_offset_q$23
Creating decoders for process `\ibex_load_store_unit$ibex_core.load_store_unit_i.$16'.
     1/1: $rdata_q$19
Creating decoders for process `\ibex_load_store_unit$ibex_core.load_store_unit_i.$13'.
     1/1: $data_wdata$14
Creating decoders for process `\ibex_load_store_unit$ibex_core.load_store_unit_i.$2'.
     1/7: $data_be$10
     2/7: $data_be$9
     3/7: $data_be$8
     4/7: $data_be$11
     5/7: $data_be$5
     6/7: $data_be$6
     7/7: $data_be$4
Creating decoders for process `\ibex_id_stage$ibex_core.id_stage_i.$103'.
     1/38: $id_fsm_d$130
     2/38: $stall_jump$129
     3/38: $stall_branch$128
     4/38: $stall_multdiv$127
     5/38: $rf_we_raw$125
     6/38: $id_fsm_d$140
     7/38: $rf_we_raw$138
     8/38: $stall_jump$137
     9/38: $stall_branch$136
    10/38: $stall_multdiv$135
    11/38: $id_fsm_d$107
    12/38: $rf_we_raw$106
    13/38: $stall_multdiv$105
    14/38: $id_fsm_d$123
    15/38: $stall_alu$122
    16/38: $rf_we_raw$121
    17/38: $stall_jump$120
    18/38: $stall_branch$119
    19/38: $stall_multdiv$118
    20/38: $jump_set$117
    21/38: $branch_set_d$116
    22/38: $branch_spec$115
    23/38: $perf_branch_o$114
    24/38: $stall_alu$139
    25/38: $jump_set$134
    26/38: $branch_set_d$133
    27/38: $branch_spec$132
    28/38: $perf_branch_o$131
    29/38: $id_fsm_d$150
    30/38: $stall_alu$149
    31/38: $rf_we_raw$148
    32/38: $stall_jump$147
    33/38: $stall_branch$146
    34/38: $stall_multdiv$145
    35/38: $jump_set$144
    36/38: $branch_set_d$143
    37/38: $branch_spec$142
    38/38: $perf_branch_o$141
Creating decoders for process `\ibex_id_stage$ibex_core.id_stage_i.$41'.
     1/4: $csr_pipe_flush$61
     2/4: $csr_pipe_flush$62
     3/4: $csr_pipe_flush$63
     4/4: $csr_pipe_flush$50
Creating decoders for process `\ibex_id_stage$ibex_core.id_stage_i.$38'.
     1/1: $rf_wdata_id_o$39
Creating decoders for process `\ibex_id_stage$ibex_core.id_stage_i.$29'.
     1/1: $imd_val_q[33:0]$32
Creating decoders for process `\ibex_id_stage$ibex_core.id_stage_i.$25'.
     1/1: $imd_val_q[67:34]$28
Creating decoders for process `\ibex_id_stage$ibex_core.id_stage_i.$18'.
     1/1: $imm_b$20
Creating decoders for process `\ibex_id_stage$ibex_core.id_stage_i.$11'.
     1/1: $alu_operand_a$12
Creating decoders for process `\ibex_if_stage$ibex_core.if_stage_i.$50'.
     1/8: $pc_id_o$58
     2/8: $illegal_c_insn_id_o$57
     3/8: $instr_fetch_err_plus2_o$56
     4/8: $instr_fetch_err_o$55
     5/8: $instr_is_compressed_id_o$54
     6/8: $instr_rdata_c_id_o$53
     7/8: $instr_rdata_alu_id_o$52
     8/8: $instr_rdata_id_o$51
Creating decoders for process `\ibex_if_stage$ibex_core.if_stage_i.$8'.
     1/1: $fetch_addr_n$9
Creating decoders for process `\ibex_if_stage$ibex_core.if_stage_i.$4'.
     1/1: $exc_pc$5
Creating decoders for process `\prim_clock_gating$ibex_core.core_clock_gate_i.$0'.
     1/3: $en_latch$3
     2/3: $5
     3/3: $4
Creating decoders for process `\ibex_core.$6'.
     1/1: $fetch_enable_q$9

3.8. Executing PROC_CLEAN pass (remove empty switches from decision trees).
Found and cleaned up 1 empty switch in `\ibex_fetch_fifo$ibex_core.if_stage_i.gen_prefetch_buffer.prefetch_buffer_i.fifo_i.$127'.
Removing empty process `ibex_fetch_fifo$ibex_core.if_stage_i.gen_prefetch_buffer.prefetch_buffer_i.fifo_i.$127'.
Found and cleaned up 1 empty switch in `\ibex_fetch_fifo$ibex_core.if_stage_i.gen_prefetch_buffer.prefetch_buffer_i.fifo_i.$124'.
Removing empty process `ibex_fetch_fifo$ibex_core.if_stage_i.gen_prefetch_buffer.prefetch_buffer_i.fifo_i.$124'.
Found and cleaned up 1 empty switch in `\ibex_fetch_fifo$ibex_core.if_stage_i.gen_prefetch_buffer.prefetch_buffer_i.fifo_i.$130'.
Removing empty process `ibex_fetch_fifo$ibex_core.if_stage_i.gen_prefetch_buffer.prefetch_buffer_i.fifo_i.$130'.
Found and cleaned up 1 empty switch in `\ibex_fetch_fifo$ibex_core.if_stage_i.gen_prefetch_buffer.prefetch_buffer_i.fifo_i.$54'.
Removing empty process `ibex_fetch_fifo$ibex_core.if_stage_i.gen_prefetch_buffer.prefetch_buffer_i.fifo_i.$54'.
Found and cleaned up 3 empty switches in `\ibex_fetch_fifo$ibex_core.if_stage_i.gen_prefetch_buffer.prefetch_buffer_i.fifo_i.$37'.
Removing empty process `ibex_fetch_fifo$ibex_core.if_stage_i.gen_prefetch_buffer.prefetch_buffer_i.fifo_i.$37'.
Found and cleaned up 1 empty switch in `\ibex_csr$ibex_core.cs_registers_i.u_cpuctrl_csr.$0'.
Removing empty process `ibex_csr$ibex_core.cs_registers_i.u_cpuctrl_csr.$0'.
Found and cleaned up 5 empty switches in `\ibex_counter$ibex_core.cs_registers_i.minstret_counter_i.$0'.
Removing empty process `ibex_counter$ibex_core.cs_registers_i.minstret_counter_i.$0'.
Found and cleaned up 5 empty switches in `\ibex_counter$ibex_core.cs_registers_i.mcycle_counter_i.$0'.
Removing empty process `ibex_counter$ibex_core.cs_registers_i.mcycle_counter_i.$0'.
Found and cleaned up 1 empty switch in `\ibex_csr$ibex_core.cs_registers_i.u_mstack_cause_csr.$0'.
Removing empty process `ibex_csr$ibex_core.cs_registers_i.u_mstack_cause_csr.$0'.
Found and cleaned up 1 empty switch in `\ibex_csr$ibex_core.cs_registers_i.u_mstack_epc_csr.$0'.
Removing empty process `ibex_csr$ibex_core.cs_registers_i.u_mstack_epc_csr.$0'.
Found and cleaned up 1 empty switch in `\ibex_csr$ibex_core.cs_registers_i.u_mstack_csr.$0'.
Removing empty process `ibex_csr$ibex_core.cs_registers_i.u_mstack_csr.$0'.
Found and cleaned up 1 empty switch in `\ibex_csr$ibex_core.cs_registers_i.u_dscratch1_csr.$0'.
Removing empty process `ibex_csr$ibex_core.cs_registers_i.u_dscratch1_csr.$0'.
Found and cleaned up 1 empty switch in `\ibex_csr$ibex_core.cs_registers_i.u_dscratch0_csr.$0'.
Removing empty process `ibex_csr$ibex_core.cs_registers_i.u_dscratch0_csr.$0'.
Found and cleaned up 1 empty switch in `\ibex_csr$ibex_core.cs_registers_i.u_depc_csr.$0'.
Removing empty process `ibex_csr$ibex_core.cs_registers_i.u_depc_csr.$0'.
Found and cleaned up 1 empty switch in `\ibex_csr$ibex_core.cs_registers_i.u_dcsr_csr.$0'.
Removing empty process `ibex_csr$ibex_core.cs_registers_i.u_dcsr_csr.$0'.
Found and cleaned up 1 empty switch in `\ibex_csr$ibex_core.cs_registers_i.u_mtvec_csr.$0'.
Removing empty process `ibex_csr$ibex_core.cs_registers_i.u_mtvec_csr.$0'.
Found and cleaned up 1 empty switch in `\ibex_csr$ibex_core.cs_registers_i.u_mtval_csr.$0'.
Removing empty process `ibex_csr$ibex_core.cs_registers_i.u_mtval_csr.$0'.
Found and cleaned up 1 empty switch in `\ibex_csr$ibex_core.cs_registers_i.u_mcause_csr.$0'.
Removing empty process `ibex_csr$ibex_core.cs_registers_i.u_mcause_csr.$0'.
Found and cleaned up 1 empty switch in `\ibex_csr$ibex_core.cs_registers_i.u_mscratch_csr.$0'.
Removing empty process `ibex_csr$ibex_core.cs_registers_i.u_mscratch_csr.$0'.
Found and cleaned up 1 empty switch in `\ibex_csr$ibex_core.cs_registers_i.u_mie_csr.$0'.
Removing empty process `ibex_csr$ibex_core.cs_registers_i.u_mie_csr.$0'.
Found and cleaned up 1 empty switch in `\ibex_csr$ibex_core.cs_registers_i.u_mepc_csr.$0'.
Removing empty process `ibex_csr$ibex_core.cs_registers_i.u_mepc_csr.$0'.
Found and cleaned up 1 empty switch in `\ibex_csr$ibex_core.cs_registers_i.u_mstatus_csr.$0'.
Removing empty process `ibex_csr$ibex_core.cs_registers_i.u_mstatus_csr.$0'.
Found and cleaned up 7 empty switches in `\ibex_multdiv_fast$ibex_core.ex_block_i.gen_multdiv_fast.multdiv_i.$88'.
Removing empty process `ibex_multdiv_fast$ibex_core.ex_block_i.gen_multdiv_fast.multdiv_i.$88'.
Found and cleaned up 1 empty switch in `\ibex_multdiv_fast$ibex_core.ex_block_i.gen_multdiv_fast.multdiv_i.$73'.
Removing empty process `ibex_multdiv_fast$ibex_core.ex_block_i.gen_multdiv_fast.multdiv_i.$73'.
Found and cleaned up 1 empty switch in `\ibex_multdiv_fast$ibex_core.ex_block_i.gen_multdiv_fast.multdiv_i.$60'.
Removing empty process `ibex_multdiv_fast$ibex_core.ex_block_i.gen_multdiv_fast.multdiv_i.$60'.
Found and cleaned up 5 empty switches in `\ibex_multdiv_fast$ibex_core.ex_block_i.gen_multdiv_fast.multdiv_i.$34'.
Removing empty process `ibex_multdiv_fast$ibex_core.ex_block_i.gen_multdiv_fast.multdiv_i.$34'.
Found and cleaned up 1 empty switch in `\ibex_multdiv_fast$ibex_core.ex_block_i.gen_multdiv_fast.multdiv_i.$7'.
Removing empty process `ibex_multdiv_fast$ibex_core.ex_block_i.gen_multdiv_fast.multdiv_i.$7'.
Found and cleaned up 1 empty switch in `\ibex_alu$ibex_core.ex_block_i.alu_i.$151'.
Removing empty process `ibex_alu$ibex_core.ex_block_i.alu_i.$151'.
Found and cleaned up 1 empty switch in `\ibex_alu$ibex_core.ex_block_i.alu_i.$132'.
Removing empty process `ibex_alu$ibex_core.ex_block_i.alu_i.$132'.
Found and cleaned up 1 empty switch in `\ibex_alu$ibex_core.ex_block_i.alu_i.$170'.
Removing empty process `ibex_alu$ibex_core.ex_block_i.alu_i.$170'.
Found and cleaned up 3 empty switches in `\ibex_alu$ibex_core.ex_block_i.alu_i.$117'.
Removing empty process `ibex_alu$ibex_core.ex_block_i.alu_i.$117'.
Found and cleaned up 1 empty switch in `\ibex_alu$ibex_core.ex_block_i.alu_i.$108'.
Removing empty process `ibex_alu$ibex_core.ex_block_i.alu_i.$108'.
Found and cleaned up 1 empty switch in `\ibex_alu$ibex_core.ex_block_i.alu_i.$59'.
Removing empty process `ibex_alu$ibex_core.ex_block_i.alu_i.$59'.
Found and cleaned up 1 empty switch in `\ibex_alu$ibex_core.ex_block_i.alu_i.$52'.
Removing empty process `ibex_alu$ibex_core.ex_block_i.alu_i.$52'.
Found and cleaned up 1 empty switch in `\ibex_alu$ibex_core.ex_block_i.alu_i.$46'.
Removing empty process `ibex_alu$ibex_core.ex_block_i.alu_i.$46'.
Found and cleaned up 1 empty switch in `\ibex_alu$ibex_core.ex_block_i.alu_i.$39'.
Removing empty process `ibex_alu$ibex_core.ex_block_i.alu_i.$39'.
Found and cleaned up 1 empty switch in `\ibex_alu$ibex_core.ex_block_i.alu_i.$32'.
Removing empty process `ibex_alu$ibex_core.ex_block_i.alu_i.$32'.
Found and cleaned up 63 empty switches in `\ibex_controller$ibex_core.id_stage_i.controller_i.$105'.
Removing empty process `ibex_controller$ibex_core.id_stage_i.controller_i.$105'.
Found and cleaned up 27 empty switches in `\ibex_controller$ibex_core.id_stage_i.controller_i.$88'.
Removing empty process `ibex_controller$ibex_core.id_stage_i.controller_i.$88'.
Found and cleaned up 11 empty switches in `\ibex_controller$ibex_core.id_stage_i.controller_i.$46'.
Removing empty process `ibex_controller$ibex_core.id_stage_i.controller_i.$46'.
Found and cleaned up 27 empty switches in `\ibex_decoder$ibex_core.id_stage_i.decoder_i.$132'.
Removing empty process `ibex_decoder$ibex_core.id_stage_i.decoder_i.$132'.
Found and cleaned up 57 empty switches in `\ibex_decoder$ibex_core.id_stage_i.decoder_i.$28'.
Removing empty process `ibex_decoder$ibex_core.id_stage_i.decoder_i.$28'.
Found and cleaned up 1 empty switch in `\ibex_decoder$ibex_core.id_stage_i.decoder_i.$20'.
Removing empty process `ibex_decoder$ibex_core.id_stage_i.decoder_i.$20'.
Found and cleaned up 33 empty switches in `\ibex_compressed_decoder$ibex_core.if_stage_i.compressed_decoder_i.$1'.
Removing empty process `ibex_compressed_decoder$ibex_core.if_stage_i.compressed_decoder_i.$1'.
Found and cleaned up 1 empty switch in `\ibex_prefetch_buffer$ibex_core.if_stage_i.gen_prefetch_buffer.prefetch_buffer_i.$58'.
Removing empty process `ibex_prefetch_buffer$ibex_core.if_stage_i.gen_prefetch_buffer.prefetch_buffer_i.$58'.
Found and cleaned up 1 empty switch in `\ibex_prefetch_buffer$ibex_core.if_stage_i.gen_prefetch_buffer.prefetch_buffer_i.$43'.
Removing empty process `ibex_prefetch_buffer$ibex_core.if_stage_i.gen_prefetch_buffer.prefetch_buffer_i.$43'.
Found and cleaned up 1 empty switch in `\ibex_cs_registers$ibex_core.cs_registers_i.$150'.
Removing empty process `ibex_cs_registers$ibex_core.cs_registers_i.$150'.
Found and cleaned up 1 empty switch in `\ibex_cs_registers$ibex_core.cs_registers_i.$223'.
Removing empty process `ibex_cs_registers$ibex_core.cs_registers_i.$223'.
Found and cleaned up 17 empty switches in `\ibex_cs_registers$ibex_core.cs_registers_i.$40'.
Removing empty process `ibex_cs_registers$ibex_core.cs_registers_i.$40'.
Found and cleaned up 1 empty switch in `\ibex_cs_registers$ibex_core.cs_registers_i.$17'.
Removing empty process `ibex_cs_registers$ibex_core.cs_registers_i.$17'.
Found and cleaned up 1 empty switch in `\ibex_register_file_ff$ibex_core.gen_regfile_ff.register_file_i.$180'.
Removing empty process `ibex_register_file_ff$ibex_core.gen_regfile_ff.register_file_i.$180'.
Found and cleaned up 1 empty switch in `\ibex_register_file_ff$ibex_core.gen_regfile_ff.register_file_i.$176'.
Removing empty process `ibex_register_file_ff$ibex_core.gen_regfile_ff.register_file_i.$176'.
Found and cleaned up 1 empty switch in `\ibex_register_file_ff$ibex_core.gen_regfile_ff.register_file_i.$172'.
Removing empty process `ibex_register_file_ff$ibex_core.gen_regfile_ff.register_file_i.$172'.
Found and cleaned up 1 empty switch in `\ibex_register_file_ff$ibex_core.gen_regfile_ff.register_file_i.$168'.
Removing empty process `ibex_register_file_ff$ibex_core.gen_regfile_ff.register_file_i.$168'.
Found and cleaned up 1 empty switch in `\ibex_register_file_ff$ibex_core.gen_regfile_ff.register_file_i.$164'.
Removing empty process `ibex_register_file_ff$ibex_core.gen_regfile_ff.register_file_i.$164'.
Found and cleaned up 1 empty switch in `\ibex_register_file_ff$ibex_core.gen_regfile_ff.register_file_i.$160'.
Removing empty process `ibex_register_file_ff$ibex_core.gen_regfile_ff.register_file_i.$160'.
Found and cleaned up 1 empty switch in `\ibex_register_file_ff$ibex_core.gen_regfile_ff.register_file_i.$156'.
Removing empty process `ibex_register_file_ff$ibex_core.gen_regfile_ff.register_file_i.$156'.
Found and cleaned up 1 empty switch in `\ibex_register_file_ff$ibex_core.gen_regfile_ff.register_file_i.$152'.
Removing empty process `ibex_register_file_ff$ibex_core.gen_regfile_ff.register_file_i.$152'.
Found and cleaned up 1 empty switch in `\ibex_register_file_ff$ibex_core.gen_regfile_ff.register_file_i.$148'.
Removing empty process `ibex_register_file_ff$ibex_core.gen_regfile_ff.register_file_i.$148'.
Found and cleaned up 1 empty switch in `\ibex_register_file_ff$ibex_core.gen_regfile_ff.register_file_i.$144'.
Removing empty process `ibex_register_file_ff$ibex_core.gen_regfile_ff.register_file_i.$144'.
Found and cleaned up 1 empty switch in `\ibex_register_file_ff$ibex_core.gen_regfile_ff.register_file_i.$140'.
Removing empty process `ibex_register_file_ff$ibex_core.gen_regfile_ff.register_file_i.$140'.
Found and cleaned up 1 empty switch in `\ibex_register_file_ff$ibex_core.gen_regfile_ff.register_file_i.$136'.
Removing empty process `ibex_register_file_ff$ibex_core.gen_regfile_ff.register_file_i.$136'.
Found and cleaned up 1 empty switch in `\ibex_register_file_ff$ibex_core.gen_regfile_ff.register_file_i.$132'.
Removing empty process `ibex_register_file_ff$ibex_core.gen_regfile_ff.register_file_i.$132'.
Found and cleaned up 1 empty switch in `\ibex_register_file_ff$ibex_core.gen_regfile_ff.register_file_i.$128'.
Removing empty process `ibex_register_file_ff$ibex_core.gen_regfile_ff.register_file_i.$128'.
Found and cleaned up 1 empty switch in `\ibex_register_file_ff$ibex_core.gen_regfile_ff.register_file_i.$124'.
Removing empty process `ibex_register_file_ff$ibex_core.gen_regfile_ff.register_file_i.$124'.
Found and cleaned up 1 empty switch in `\ibex_register_file_ff$ibex_core.gen_regfile_ff.register_file_i.$120'.
Removing empty process `ibex_register_file_ff$ibex_core.gen_regfile_ff.register_file_i.$120'.
Found and cleaned up 1 empty switch in `\ibex_register_file_ff$ibex_core.gen_regfile_ff.register_file_i.$116'.
Removing empty process `ibex_register_file_ff$ibex_core.gen_regfile_ff.register_file_i.$116'.
Found and cleaned up 1 empty switch in `\ibex_register_file_ff$ibex_core.gen_regfile_ff.register_file_i.$112'.
Removing empty process `ibex_register_file_ff$ibex_core.gen_regfile_ff.register_file_i.$112'.
Found and cleaned up 1 empty switch in `\ibex_register_file_ff$ibex_core.gen_regfile_ff.register_file_i.$108'.
Removing empty process `ibex_register_file_ff$ibex_core.gen_regfile_ff.register_file_i.$108'.
Found and cleaned up 1 empty switch in `\ibex_register_file_ff$ibex_core.gen_regfile_ff.register_file_i.$104'.
Removing empty process `ibex_register_file_ff$ibex_core.gen_regfile_ff.register_file_i.$104'.
Found and cleaned up 1 empty switch in `\ibex_register_file_ff$ibex_core.gen_regfile_ff.register_file_i.$100'.
Removing empty process `ibex_register_file_ff$ibex_core.gen_regfile_ff.register_file_i.$100'.
Found and cleaned up 1 empty switch in `\ibex_register_file_ff$ibex_core.gen_regfile_ff.register_file_i.$96'.
Removing empty process `ibex_register_file_ff$ibex_core.gen_regfile_ff.register_file_i.$96'.
Found and cleaned up 1 empty switch in `\ibex_register_file_ff$ibex_core.gen_regfile_ff.register_file_i.$92'.
Removing empty process `ibex_register_file_ff$ibex_core.gen_regfile_ff.register_file_i.$92'.
Found and cleaned up 1 empty switch in `\ibex_register_file_ff$ibex_core.gen_regfile_ff.register_file_i.$88'.
Removing empty process `ibex_register_file_ff$ibex_core.gen_regfile_ff.register_file_i.$88'.
Found and cleaned up 1 empty switch in `\ibex_register_file_ff$ibex_core.gen_regfile_ff.register_file_i.$84'.
Removing empty process `ibex_register_file_ff$ibex_core.gen_regfile_ff.register_file_i.$84'.
Found and cleaned up 1 empty switch in `\ibex_register_file_ff$ibex_core.gen_regfile_ff.register_file_i.$80'.
Removing empty process `ibex_register_file_ff$ibex_core.gen_regfile_ff.register_file_i.$80'.
Found and cleaned up 1 empty switch in `\ibex_register_file_ff$ibex_core.gen_regfile_ff.register_file_i.$76'.
Removing empty process `ibex_register_file_ff$ibex_core.gen_regfile_ff.register_file_i.$76'.
Found and cleaned up 1 empty switch in `\ibex_register_file_ff$ibex_core.gen_regfile_ff.register_file_i.$72'.
Removing empty process `ibex_register_file_ff$ibex_core.gen_regfile_ff.register_file_i.$72'.
Found and cleaned up 1 empty switch in `\ibex_register_file_ff$ibex_core.gen_regfile_ff.register_file_i.$68'.
Removing empty process `ibex_register_file_ff$ibex_core.gen_regfile_ff.register_file_i.$68'.
Found and cleaned up 1 empty switch in `\ibex_register_file_ff$ibex_core.gen_regfile_ff.register_file_i.$64'.
Removing empty process `ibex_register_file_ff$ibex_core.gen_regfile_ff.register_file_i.$64'.
Found and cleaned up 1 empty switch in `\ibex_register_file_ff$ibex_core.gen_regfile_ff.register_file_i.$184'.
Removing empty process `ibex_register_file_ff$ibex_core.gen_regfile_ff.register_file_i.$184'.
Found and cleaned up 15 empty switches in `\ibex_load_store_unit$ibex_core.load_store_unit_i.$67'.
Removing empty process `ibex_load_store_unit$ibex_core.load_store_unit_i.$67'.
Found and cleaned up 1 empty switch in `\ibex_load_store_unit$ibex_core.load_store_unit_i.$56'.
Removing empty process `ibex_load_store_unit$ibex_core.load_store_unit_i.$56'.
Found and cleaned up 9 empty switches in `\ibex_load_store_unit$ibex_core.load_store_unit_i.$45'.
Removing empty process `ibex_load_store_unit$ibex_core.load_store_unit_i.$45'.
Found and cleaned up 9 empty switches in `\ibex_load_store_unit$ibex_core.load_store_unit_i.$34'.
Removing empty process `ibex_load_store_unit$ibex_core.load_store_unit_i.$34'.
Found and cleaned up 1 empty switch in `\ibex_load_store_unit$ibex_core.load_store_unit_i.$31'.
Removing empty process `ibex_load_store_unit$ibex_core.load_store_unit_i.$31'.
Found and cleaned up 1 empty switch in `\ibex_load_store_unit$ibex_core.load_store_unit_i.$27'.
Removing empty process `ibex_load_store_unit$ibex_core.load_store_unit_i.$27'.
Found and cleaned up 1 empty switch in `\ibex_load_store_unit$ibex_core.load_store_unit_i.$20'.
Removing empty process `ibex_load_store_unit$ibex_core.load_store_unit_i.$20'.
Found and cleaned up 1 empty switch in `\ibex_load_store_unit$ibex_core.load_store_unit_i.$16'.
Removing empty process `ibex_load_store_unit$ibex_core.load_store_unit_i.$16'.
Found and cleaned up 1 empty switch in `\ibex_load_store_unit$ibex_core.load_store_unit_i.$13'.
Removing empty process `ibex_load_store_unit$ibex_core.load_store_unit_i.$13'.
Found and cleaned up 13 empty switches in `\ibex_load_store_unit$ibex_core.load_store_unit_i.$2'.
Removing empty process `ibex_load_store_unit$ibex_core.load_store_unit_i.$2'.
Found and cleaned up 11 empty switches in `\ibex_id_stage$ibex_core.id_stage_i.$103'.
Removing empty process `ibex_id_stage$ibex_core.id_stage_i.$103'.
Found and cleaned up 7 empty switches in `\ibex_id_stage$ibex_core.id_stage_i.$41'.
Removing empty process `ibex_id_stage$ibex_core.id_stage_i.$41'.
Found and cleaned up 1 empty switch in `\ibex_id_stage$ibex_core.id_stage_i.$38'.
Removing empty process `ibex_id_stage$ibex_core.id_stage_i.$38'.
Found and cleaned up 1 empty switch in `\ibex_id_stage$ibex_core.id_stage_i.$29'.
Removing empty process `ibex_id_stage$ibex_core.id_stage_i.$29'.
Found and cleaned up 1 empty switch in `\ibex_id_stage$ibex_core.id_stage_i.$25'.
Removing empty process `ibex_id_stage$ibex_core.id_stage_i.$25'.
Found and cleaned up 1 empty switch in `\ibex_id_stage$ibex_core.id_stage_i.$18'.
Removing empty process `ibex_id_stage$ibex_core.id_stage_i.$18'.
Found and cleaned up 1 empty switch in `\ibex_id_stage$ibex_core.id_stage_i.$11'.
Removing empty process `ibex_id_stage$ibex_core.id_stage_i.$11'.
Found and cleaned up 1 empty switch in `\ibex_if_stage$ibex_core.if_stage_i.$50'.
Removing empty process `ibex_if_stage$ibex_core.if_stage_i.$50'.
Found and cleaned up 1 empty switch in `\ibex_if_stage$ibex_core.if_stage_i.$8'.
Removing empty process `ibex_if_stage$ibex_core.if_stage_i.$8'.
Found and cleaned up 1 empty switch in `\ibex_if_stage$ibex_core.if_stage_i.$4'.
Removing empty process `ibex_if_stage$ibex_core.if_stage_i.$4'.
Found and cleaned up 1 empty switch in `\prim_clock_gating$ibex_core.core_clock_gate_i.$0'.
Removing empty process `prim_clock_gating$ibex_core.core_clock_gate_i.$0'.
Found and cleaned up 1 empty switch in `\ibex_core.$6'.
Removing empty process `ibex_core.$6'.
Cleaned up 411 empty switches.

3.9. Executing OPT_EXPR pass (perform const folding).
Optimizing module ibex_fetch_fifo$ibex_core.if_stage_i.gen_prefetch_buffer.prefetch_buffer_i.fifo_i.
<suppressed ~1 debug messages>
Optimizing module ibex_csr$ibex_core.cs_registers_i.u_cpuctrl_csr.
<suppressed ~1 debug messages>
Optimizing module ibex_counter$ibex_core.cs_registers_i.minstret_counter_i.
<suppressed ~1 debug messages>
Optimizing module ibex_counter$ibex_core.cs_registers_i.mcycle_counter_i.
<suppressed ~1 debug messages>
Optimizing module ibex_csr$ibex_core.cs_registers_i.u_mstack_cause_csr.
<suppressed ~1 debug messages>
Optimizing module ibex_csr$ibex_core.cs_registers_i.u_mstack_epc_csr.
<suppressed ~1 debug messages>
Optimizing module ibex_csr$ibex_core.cs_registers_i.u_mstack_csr.
<suppressed ~1 debug messages>
Optimizing module ibex_csr$ibex_core.cs_registers_i.u_dscratch1_csr.
<suppressed ~1 debug messages>
Optimizing module ibex_csr$ibex_core.cs_registers_i.u_dscratch0_csr.
<suppressed ~1 debug messages>
Optimizing module ibex_csr$ibex_core.cs_registers_i.u_depc_csr.
<suppressed ~1 debug messages>
Optimizing module ibex_csr$ibex_core.cs_registers_i.u_dcsr_csr.
<suppressed ~1 debug messages>
Optimizing module ibex_csr$ibex_core.cs_registers_i.u_mtvec_csr.
<suppressed ~1 debug messages>
Optimizing module ibex_csr$ibex_core.cs_registers_i.u_mtval_csr.
<suppressed ~1 debug messages>
Optimizing module ibex_csr$ibex_core.cs_registers_i.u_mcause_csr.
<suppressed ~1 debug messages>
Optimizing module ibex_csr$ibex_core.cs_registers_i.u_mscratch_csr.
<suppressed ~1 debug messages>
Optimizing module ibex_csr$ibex_core.cs_registers_i.u_mie_csr.
<suppressed ~1 debug messages>
Optimizing module ibex_csr$ibex_core.cs_registers_i.u_mepc_csr.
<suppressed ~1 debug messages>
Optimizing module ibex_csr$ibex_core.cs_registers_i.u_mstatus_csr.
<suppressed ~1 debug messages>
Optimizing module ibex_multdiv_fast$ibex_core.ex_block_i.gen_multdiv_fast.multdiv_i.
Couldn't topologically sort cells, optimizing module ibex_multdiv_fast$ibex_core.ex_block_i.gen_multdiv_fast.multdiv_i may take a longer time.
Couldn't topologically sort cells, optimizing module ibex_multdiv_fast$ibex_core.ex_block_i.gen_multdiv_fast.multdiv_i may take a longer time.
Couldn't topologically sort cells, optimizing module ibex_multdiv_fast$ibex_core.ex_block_i.gen_multdiv_fast.multdiv_i may take a longer time.
<suppressed ~23 debug messages>
Optimizing module ibex_alu$ibex_core.ex_block_i.alu_i.
<suppressed ~10 debug messages>
Optimizing module ibex_controller$ibex_core.id_stage_i.controller_i.
Couldn't topologically sort cells, optimizing module ibex_controller$ibex_core.id_stage_i.controller_i may take a longer time.
Couldn't topologically sort cells, optimizing module ibex_controller$ibex_core.id_stage_i.controller_i may take a longer time.
<suppressed ~35 debug messages>
Optimizing module ibex_decoder$ibex_core.id_stage_i.decoder_i.
<suppressed ~34 debug messages>
Optimizing module ibex_compressed_decoder$ibex_core.if_stage_i.compressed_decoder_i.
<suppressed ~33 debug messages>
Optimizing module ibex_prefetch_buffer$ibex_core.if_stage_i.gen_prefetch_buffer.prefetch_buffer_i.
<suppressed ~1 debug messages>
Optimizing module ibex_cs_registers$ibex_core.cs_registers_i.
<suppressed ~72 debug messages>
Optimizing module ibex_register_file_ff$ibex_core.gen_regfile_ff.register_file_i.
<suppressed ~31 debug messages>
Optimizing module ibex_wb_stage$ibex_core.wb_stage_i.
Optimizing module ibex_load_store_unit$ibex_core.load_store_unit_i.
<suppressed ~61 debug messages>
Optimizing module ibex_ex_block$ibex_core.ex_block_i.
Optimizing module ibex_id_stage$ibex_core.id_stage_i.
<suppressed ~78 debug messages>
Optimizing module ibex_if_stage$ibex_core.if_stage_i.
<suppressed ~3 debug messages>
Optimizing module prim_clock_gating$ibex_core.core_clock_gate_i.
<suppressed ~4 debug messages>
Optimizing module ibex_core.
<suppressed ~2 debug messages>

>>> STAGE 1b: hierarchy check

4. Executing HIERARCHY pass (managing design hierarchy).

4.1. Analyzing design hierarchy..
Top module:  \ibex_core
Used module:     \ibex_cs_registers$ibex_core.cs_registers_i
Used module:         \ibex_csr$ibex_core.cs_registers_i.u_cpuctrl_csr
Used module:         \ibex_counter$ibex_core.cs_registers_i.minstret_counter_i
Used module:         \ibex_counter$ibex_core.cs_registers_i.mcycle_counter_i
Used module:         \ibex_csr$ibex_core.cs_registers_i.u_mstack_cause_csr
Used module:         \ibex_csr$ibex_core.cs_registers_i.u_mstack_epc_csr
Used module:         \ibex_csr$ibex_core.cs_registers_i.u_mstack_csr
Used module:         \ibex_csr$ibex_core.cs_registers_i.u_dscratch1_csr
Used module:         \ibex_csr$ibex_core.cs_registers_i.u_dscratch0_csr
Used module:         \ibex_csr$ibex_core.cs_registers_i.u_depc_csr
Used module:         \ibex_csr$ibex_core.cs_registers_i.u_dcsr_csr
Used module:         \ibex_csr$ibex_core.cs_registers_i.u_mtvec_csr
Used module:         \ibex_csr$ibex_core.cs_registers_i.u_mtval_csr
Used module:         \ibex_csr$ibex_core.cs_registers_i.u_mcause_csr
Used module:         \ibex_csr$ibex_core.cs_registers_i.u_mscratch_csr
Used module:         \ibex_csr$ibex_core.cs_registers_i.u_mie_csr
Used module:         \ibex_csr$ibex_core.cs_registers_i.u_mepc_csr
Used module:         \ibex_csr$ibex_core.cs_registers_i.u_mstatus_csr
Used module:     \ibex_register_file_ff$ibex_core.gen_regfile_ff.register_file_i
Used module:     \ibex_wb_stage$ibex_core.wb_stage_i
Used module:     \ibex_load_store_unit$ibex_core.load_store_unit_i
Used module:     \ibex_ex_block$ibex_core.ex_block_i
Used module:         \ibex_multdiv_fast$ibex_core.ex_block_i.gen_multdiv_fast.multdiv_i
Used module:         \ibex_alu$ibex_core.ex_block_i.alu_i
Used module:     \ibex_id_stage$ibex_core.id_stage_i
Used module:         \ibex_controller$ibex_core.id_stage_i.controller_i
Used module:         \ibex_decoder$ibex_core.id_stage_i.decoder_i
Used module:     \ibex_if_stage$ibex_core.if_stage_i
Used module:         \ibex_compressed_decoder$ibex_core.if_stage_i.compressed_decoder_i
Used module:         \ibex_prefetch_buffer$ibex_core.if_stage_i.gen_prefetch_buffer.prefetch_buffer_i
Used module:             \ibex_fetch_fifo$ibex_core.if_stage_i.gen_prefetch_buffer.prefetch_buffer_i.fifo_i
Used module:     \prim_clock_gating$ibex_core.core_clock_gate_i

4.2. Analyzing design hierarchy..
Top module:  \ibex_core
Used module:     \ibex_cs_registers$ibex_core.cs_registers_i
Used module:         \ibex_csr$ibex_core.cs_registers_i.u_cpuctrl_csr
Used module:         \ibex_counter$ibex_core.cs_registers_i.minstret_counter_i
Used module:         \ibex_counter$ibex_core.cs_registers_i.mcycle_counter_i
Used module:         \ibex_csr$ibex_core.cs_registers_i.u_mstack_cause_csr
Used module:         \ibex_csr$ibex_core.cs_registers_i.u_mstack_epc_csr
Used module:         \ibex_csr$ibex_core.cs_registers_i.u_mstack_csr
Used module:         \ibex_csr$ibex_core.cs_registers_i.u_dscratch1_csr
Used module:         \ibex_csr$ibex_core.cs_registers_i.u_dscratch0_csr
Used module:         \ibex_csr$ibex_core.cs_registers_i.u_depc_csr
Used module:         \ibex_csr$ibex_core.cs_registers_i.u_dcsr_csr
Used module:         \ibex_csr$ibex_core.cs_registers_i.u_mtvec_csr
Used module:         \ibex_csr$ibex_core.cs_registers_i.u_mtval_csr
Used module:         \ibex_csr$ibex_core.cs_registers_i.u_mcause_csr
Used module:         \ibex_csr$ibex_core.cs_registers_i.u_mscratch_csr
Used module:         \ibex_csr$ibex_core.cs_registers_i.u_mie_csr
Used module:         \ibex_csr$ibex_core.cs_registers_i.u_mepc_csr
Used module:         \ibex_csr$ibex_core.cs_registers_i.u_mstatus_csr
Used module:     \ibex_register_file_ff$ibex_core.gen_regfile_ff.register_file_i
Used module:     \ibex_wb_stage$ibex_core.wb_stage_i
Used module:     \ibex_load_store_unit$ibex_core.load_store_unit_i
Used module:     \ibex_ex_block$ibex_core.ex_block_i
Used module:         \ibex_multdiv_fast$ibex_core.ex_block_i.gen_multdiv_fast.multdiv_i
Used module:         \ibex_alu$ibex_core.ex_block_i.alu_i
Used module:     \ibex_id_stage$ibex_core.id_stage_i
Used module:         \ibex_controller$ibex_core.id_stage_i.controller_i
Used module:         \ibex_decoder$ibex_core.id_stage_i.decoder_i
Used module:     \ibex_if_stage$ibex_core.if_stage_i
Used module:         \ibex_compressed_decoder$ibex_core.if_stage_i.compressed_decoder_i
Used module:         \ibex_prefetch_buffer$ibex_core.if_stage_i.gen_prefetch_buffer.prefetch_buffer_i
Used module:             \ibex_fetch_fifo$ibex_core.if_stage_i.gen_prefetch_buffer.prefetch_buffer_i.fifo_i
Used module:     \prim_clock_gating$ibex_core.core_clock_gate_i
Removed 0 unused modules.

5. Printing statistics.

=== ibex_fetch_fifo$ibex_core.if_stage_i.gen_prefetch_buffer.prefetch_buffer_i.fifo_i ===

        +----------Local Count, excluding submodules.
        | 
      154 wires
     1160 wire bits
       41 public wires
      555 public wire bits
       15 ports
      171 port bits
      135 cells
        1   $add
        1   $aldff
       27   $and
       40   $buf
        7   $dff
        1   $logic_not
       28   $mux
        2   $ne
       17   $not
       11   $or

=== ibex_csr$ibex_core.cs_registers_i.u_cpuctrl_csr ===

        +----------Local Count, excluding submodules.
        | 
       12 wires
       37 wire bits
        7 public wires
       22 public wire bits
        6 ports
       16 port bits
        5 cells
        1   $aldff
        2   $buf
        1   $logic_not
        1   $mux

=== ibex_counter$ibex_core.cs_registers_i.minstret_counter_i ===

        +----------Local Count, excluding submodules.
        | 
       28 wires
      941 wire bits
       13 public wires
      422 public wire bits
        7 ports
      101 port bits
       11 cells
        1   $add
        1   $aldff
        3   $buf
        1   $logic_not
        4   $mux
        1   $or

=== ibex_counter$ibex_core.cs_registers_i.mcycle_counter_i ===

        +----------Local Count, excluding submodules.
        | 
       28 wires
      941 wire bits
       13 public wires
      422 public wire bits
        7 ports
      101 port bits
       11 cells
        1   $add
        1   $aldff
        3   $buf
        1   $logic_not
        4   $mux
        1   $or

=== ibex_csr$ibex_core.cs_registers_i.u_mstack_cause_csr ===

        +----------Local Count, excluding submodules.
        | 
       12 wires
       37 wire bits
        7 public wires
       22 public wire bits
        6 ports
       16 port bits
        5 cells
        1   $aldff
        2   $buf
        1   $logic_not
        1   $mux

=== ibex_csr$ibex_core.cs_registers_i.u_mstack_epc_csr ===

        +----------Local Count, excluding submodules.
        | 
       12 wires
      167 wire bits
        7 public wires
      100 public wire bits
        6 ports
       68 port bits
        5 cells
        1   $aldff
        2   $buf
        1   $logic_not
        1   $mux

=== ibex_csr$ibex_core.cs_registers_i.u_mstack_csr ===

        +----------Local Count, excluding submodules.
        | 
       12 wires
       22 wire bits
        7 public wires
       13 public wire bits
        6 ports
       10 port bits
        5 cells
        1   $aldff
        2   $buf
        1   $logic_not
        1   $mux

=== ibex_csr$ibex_core.cs_registers_i.u_dscratch1_csr ===

        +----------Local Count, excluding submodules.
        | 
       12 wires
      167 wire bits
        7 public wires
      100 public wire bits
        6 ports
       68 port bits
        5 cells
        1   $aldff
        2   $buf
        1   $logic_not
        1   $mux

=== ibex_csr$ibex_core.cs_registers_i.u_dscratch0_csr ===

        +----------Local Count, excluding submodules.
        | 
       12 wires
      167 wire bits
        7 public wires
      100 public wire bits
        6 ports
       68 port bits
        5 cells
        1   $aldff
        2   $buf
        1   $logic_not
        1   $mux

=== ibex_csr$ibex_core.cs_registers_i.u_depc_csr ===

        +----------Local Count, excluding submodules.
        | 
       12 wires
      167 wire bits
        7 public wires
      100 public wire bits
        6 ports
       68 port bits
        5 cells
        1   $aldff
        2   $buf
        1   $logic_not
        1   $mux

=== ibex_csr$ibex_core.cs_registers_i.u_dcsr_csr ===

        +----------Local Count, excluding submodules.
        | 
       12 wires
      167 wire bits
        7 public wires
      100 public wire bits
        6 ports
       68 port bits
        5 cells
        1   $aldff
        2   $buf
        1   $logic_not
        1   $mux

=== ibex_csr$ibex_core.cs_registers_i.u_mtvec_csr ===

        +----------Local Count, excluding submodules.
        | 
       12 wires
      167 wire bits
        7 public wires
      100 public wire bits
        6 ports
       68 port bits
        5 cells
        1   $aldff
        2   $buf
        1   $logic_not
        1   $mux

=== ibex_csr$ibex_core.cs_registers_i.u_mtval_csr ===

        +----------Local Count, excluding submodules.
        | 
       12 wires
      167 wire bits
        7 public wires
      100 public wire bits
        6 ports
       68 port bits
        5 cells
        1   $aldff
        2   $buf
        1   $logic_not
        1   $mux

=== ibex_csr$ibex_core.cs_registers_i.u_mcause_csr ===

        +----------Local Count, excluding submodules.
        | 
       12 wires
       37 wire bits
        7 public wires
       22 public wire bits
        6 ports
       16 port bits
        5 cells
        1   $aldff
        2   $buf
        1   $logic_not
        1   $mux

=== ibex_csr$ibex_core.cs_registers_i.u_mscratch_csr ===

        +----------Local Count, excluding submodules.
        | 
       12 wires
      167 wire bits
        7 public wires
      100 public wire bits
        6 ports
       68 port bits
        5 cells
        1   $aldff
        2   $buf
        1   $logic_not
        1   $mux

=== ibex_csr$ibex_core.cs_registers_i.u_mie_csr ===

        +----------Local Count, excluding submodules.
        | 
       12 wires
       97 wire bits
        7 public wires
       58 public wire bits
        6 ports
       40 port bits
        5 cells
        1   $aldff
        2   $buf
        1   $logic_not
        1   $mux

=== ibex_csr$ibex_core.cs_registers_i.u_mepc_csr ===

        +----------Local Count, excluding submodules.
        | 
       12 wires
      167 wire bits
        7 public wires
      100 public wire bits
        6 ports
       68 port bits
        5 cells
        1   $aldff
        2   $buf
        1   $logic_not
        1   $mux

=== ibex_csr$ibex_core.cs_registers_i.u_mstatus_csr ===

        +----------Local Count, excluding submodules.
        | 
       12 wires
       37 wire bits
        7 public wires
       22 public wire bits
        6 ports
       16 port bits
        5 cells
        1   $aldff
        2   $buf
        1   $logic_not
        1   $mux

=== ibex_multdiv_fast$ibex_core.ex_block_i.gen_multdiv_fast.multdiv_i ===

        +----------Local Count, excluding submodules.
        | 
      307 wires
     3162 wire bits
       67 public wires
      982 public wire bits
       22 ports
      380 port bits
      217 cells
        1   $add
        6   $aldff
       10   $and
        1   $bmux
       29   $buf
       61   $eq
        2   $logic_and
       21   $logic_not
        1   $lt
        1   $mul
       46   $mux
       15   $not
        3   $or
       15   $pmux
        1   $reduce_bool
        1   $shl
        1   $sub
        2   $xor

=== ibex_alu$ibex_core.ex_block_i.alu_i ===

        +----------Local Count, excluding submodules.
        | 
      167 wires
     2164 wire bits
       66 public wires
     1408 public wire bits
       15 ports
      368 port bits
      268 cells
        1   $add
        3   $and
      117   $buf
       93   $eq
        2   $logic_and
        2   $logic_not
       13   $mux
        6   $not
        4   $or
        4   $pmux
       18   $reduce_or
        1   $sshr
        1   $sub
        3   $xor

=== ibex_controller$ibex_core.id_stage_i.controller_i ===

        +----------Local Count, excluding submodules.
        | 
     1312 wires
     2693 wire bits
      105 public wires
      281 public wire bits
       64 ports
      231 port bits
      750 cells
        1   $add
        7   $aldff
       20   $and
       30   $buf
      172   $eq
        8   $logic_and
       12   $logic_not
       11   $logic_or
      437   $mux
        4   $ne
        8   $not
       20   $or
       19   $pmux
        1   $reduce_bool

=== ibex_decoder$ibex_core.id_stage_i.decoder_i ===

        +----------Local Count, excluding submodules.
        | 
      859 wires
     1525 wire bits
       66 public wires
      441 public wire bits
       50 ports
      325 port bits
        1 memories
       32 memory bits
      634 cells
        2   $and
       25   $buf
      313   $eq
        1   $logic_and
       25   $logic_not
        2   $logic_or
        1   $meminit
        1   $memrd_v2
      217   $mux
        6   $not
        1   $or
       33   $pmux
        3   $reduce_bool
        4   $reduce_or

=== ibex_compressed_decoder$ibex_core.if_stage_i.compressed_decoder_i ===

        +----------Local Count, excluding submodules.
        | 
      229 wires
     1670 wire bits
        8 public wires
       70 public wire bits
        7 ports
       69 port bits
      192 cells
        3   $buf
       80   $eq
       21   $logic_not
       64   $mux
        1   $ne
        2   $not
       11   $pmux
        2   $reduce_bool
        8   $reduce_or

=== ibex_prefetch_buffer$ibex_core.if_stage_i.gen_prefetch_buffer.prefetch_buffer_i ===

        +----------Local Count, excluding submodules.
        | 
      140 wires
      961 wire bits
       61 public wires
      537 public wire bits
       22 ports
      177 port bits
      118 cells
        1   $add
        5   $aldff
       28   $and
       37   $buf
        2   $dff
        2   $logic_not
       11   $mux
       12   $not
       18   $or
        1   $reduce_and
        1   $reduce_or
        1 submodules
        1   ibex_fetch_fifo$ibex_core.if_stage_i.gen_prefetch_buffer.prefetch_buffer_i.fifo_i

=== ibex_cs_registers$ibex_core.cs_registers_i ===

        +----------Local Count, excluding submodules.
        | 
      694 wires
     8725 wire bits
      149 public wires
     5433 public wire bits
       65 ports
      650 port bits
      695 cells
        2   $aldff
        7   $and
        3   $bmux
      135   $buf
        2   $demux
      344   $eq
        5   $ge
        1   $gt
        5   $logic_and
        4   $logic_not
        2   $lt
      143   $mux
        2   $ne
       11   $not
        6   $or
       11   $pmux
        3   $reduce_bool
        9   $reduce_or
       17 submodules
        1   ibex_counter$ibex_core.cs_registers_i.mcycle_counter_i
        1   ibex_counter$ibex_core.cs_registers_i.minstret_counter_i
        1   ibex_csr$ibex_core.cs_registers_i.u_cpuctrl_csr
        1   ibex_csr$ibex_core.cs_registers_i.u_dcsr_csr
        1   ibex_csr$ibex_core.cs_registers_i.u_depc_csr
        1   ibex_csr$ibex_core.cs_registers_i.u_dscratch0_csr
        1   ibex_csr$ibex_core.cs_registers_i.u_dscratch1_csr
        1   ibex_csr$ibex_core.cs_registers_i.u_mcause_csr
        1   ibex_csr$ibex_core.cs_registers_i.u_mepc_csr
        1   ibex_csr$ibex_core.cs_registers_i.u_mie_csr
        1   ibex_csr$ibex_core.cs_registers_i.u_mscratch_csr
        1   ibex_csr$ibex_core.cs_registers_i.u_mstack_cause_csr
        1   ibex_csr$ibex_core.cs_registers_i.u_mstack_csr
        1   ibex_csr$ibex_core.cs_registers_i.u_mstack_epc_csr
        1   ibex_csr$ibex_core.cs_registers_i.u_mstatus_csr
        1   ibex_csr$ibex_core.cs_registers_i.u_mtval_csr
        1   ibex_csr$ibex_core.cs_registers_i.u_mtvec_csr

=== ibex_register_file_ff$ibex_core.gen_regfile_ff.register_file_i ===

        +----------Local Count, excluding submodules.
        | 
      239 wires
     4434 wire bits
       16 public wires
     2165 public wire bits
       11 ports
      116 port bits
      168 cells
       31   $aldff
        2   $bmux
        7   $buf
       31   $eq
       31   $logic_not
        2   $lt
       64   $mux

=== ibex_wb_stage$ibex_core.wb_stage_i ===

        +----------Local Count, excluding submodules.
        | 
       39 wires
      361 wire bits
       32 public wires
      323 public wire bits
       26 ports
      221 port bits
       27 cells
        4   $and
       20   $buf
        1   $mux
        1   $not
        1   $reduce_or

=== ibex_load_store_unit$ibex_core.load_store_unit_i ===

        +----------Local Count, excluding submodules.
        | 
      500 wires
     2296 wire bits
       57 public wires
      559 public wire bits
       29 ports
      250 port bits
      346 cells
       10   $aldff
       10   $and
       24   $buf
       88   $eq
        2   $logic_and
       55   $logic_not
        4   $logic_or
      112   $mux
       10   $not
        6   $or
       19   $pmux
        3   $reduce_bool
        3   $reduce_or

=== ibex_ex_block$ibex_core.ex_block_i ===

        +----------Local Count, excluding submodules.
        | 
       50 wires
      985 wire bits
       42 public wires
      879 public wire bits
       26 ports
      447 port bits
       19 cells
       11   $buf
        5   $mux
        1   $not
        1   $or
        1   $reduce_or
        2 submodules
        1   ibex_alu$ibex_core.ex_block_i.alu_i
        1   ibex_multdiv_fast$ibex_core.ex_block_i.gen_multdiv_fast.multdiv_i

=== ibex_id_stage$ibex_core.id_stage_i ===

        +----------Local Count, excluding submodules.
        | 
      551 wires
     2221 wire bits
      197 public wires
     1453 public wire bits
      111 ports
      873 port bits
      287 cells
        4   $aldff
       23   $and
       70   $buf
       16   $eq
        2   $logic_and
        6   $logic_not
        6   $logic_or
      101   $mux
       38   $not
       10   $or
       10   $pmux
        1   $reduce_bool
        2 submodules
        1   ibex_controller$ibex_core.id_stage_i.controller_i
        1   ibex_decoder$ibex_core.id_stage_i.decoder_i

=== ibex_if_stage$ibex_core.if_stage_i ===

        +----------Local Count, excluding submodules.
        | 
      141 wires
     1211 wire bits
       88 public wires
      818 public wire bits
       45 ports
      442 port bits
       84 cells
        2   $aldff
        7   $and
       40   $buf
        8   $dff
        7   $eq
        3   $logic_not
        8   $mux
        4   $not
        3   $or
        2   $pmux
        2 submodules
        1   ibex_compressed_decoder$ibex_core.if_stage_i.compressed_decoder_i
        1   ibex_prefetch_buffer$ibex_core.if_stage_i.gen_prefetch_buffer.prefetch_buffer_i

=== prim_clock_gating$ibex_core.core_clock_gate_i ===

        +----------Local Count, excluding submodules.
        | 
       17 wires
       17 wire bits
        5 public wires
        5 public wire bits
        4 ports
        4 port bits
        8 cells
        1   $and
        1   $buf
        1   $dlatch
        1   $logic_not
        3   $mux
        1   $or

=== ibex_core ===

        +----------Local Count, excluding submodules.
        | 
      220 wires
     1995 wire bits
      196 public wires
     1960 public wire bits
       30 ports
      264 port bits
       50 cells
        2   $aldff
        4   $and
       28   $buf
        2   $logic_not
        2   $mux
        4   $not
        8   $or
        8 submodules
        1   ibex_cs_registers$ibex_core.cs_registers_i
        1   ibex_ex_block$ibex_core.ex_block_i
        1   ibex_id_stage$ibex_core.id_stage_i
        1   ibex_if_stage$ibex_core.if_stage_i
        1   ibex_load_store_unit$ibex_core.load_store_unit_i
        1   ibex_register_file_ff$ibex_core.gen_regfile_ff.register_file_i
        1   ibex_wb_stage$ibex_core.wb_stage_i
        1   prim_clock_gating$ibex_core.core_clock_gate_i

=== design hierarchy ===

        +----------Count including submodules.
        | 
     4095 ibex_core
      695 ibex_cs_registers$ibex_core.cs_registers_i
       11   ibex_counter$ibex_core.cs_registers_i.mcycle_counter_i
       11   ibex_counter$ibex_core.cs_registers_i.minstret_counter_i
        5   ibex_csr$ibex_core.cs_registers_i.u_cpuctrl_csr
        5   ibex_csr$ibex_core.cs_registers_i.u_dcsr_csr
        5   ibex_csr$ibex_core.cs_registers_i.u_depc_csr
        5   ibex_csr$ibex_core.cs_registers_i.u_dscratch0_csr
        5   ibex_csr$ibex_core.cs_registers_i.u_dscratch1_csr
        5   ibex_csr$ibex_core.cs_registers_i.u_mcause_csr
        5   ibex_csr$ibex_core.cs_registers_i.u_mepc_csr
        5   ibex_csr$ibex_core.cs_registers_i.u_mie_csr
        5   ibex_csr$ibex_core.cs_registers_i.u_mscratch_csr
        5   ibex_csr$ibex_core.cs_registers_i.u_mstack_cause_csr
        5   ibex_csr$ibex_core.cs_registers_i.u_mstack_csr
        5   ibex_csr$ibex_core.cs_registers_i.u_mstack_epc_csr
        5   ibex_csr$ibex_cor
>>> STAGE 2: coarse synthesis (synth -run :fine)
e.cs_registers_i.u_mstatus_csr
        5   ibex_csr$ibex_core.cs_registers_i.u_mtval_csr
        5   ibex_csr$ibex_core.cs_registers_i.u_mtvec_csr
       19 ibex_ex_block$ibex_core.ex_block_i
      268   ibex_alu$ibex_core.ex_block_i.alu_i
      217   ibex_multdiv_fast$ibex_core.ex_block_i.gen_multdiv_fast.multdiv_i
      287 ibex_id_stage$ibex_core.id_stage_i
      750   ibex_controller$ibex_core.id_stage_i.controller_i
      634   ibex_decoder$ibex_core.id_stage_i.decoder_i
       84 ibex_if_stage$ibex_core.if_stage_i
      192   ibex_compressed_decoder$ibex_core.if_stage_i.compressed_decoder_i
      118   ibex_prefetch_buffer$ibex_core.if_stage_i.gen_prefetch_buffer.prefetch_buffer_i
      135     ibex_fetch_fifo$ibex_core.if_stage_i.gen_prefetch_buffer.prefetch_buffer_i.fifo_i
      346 ibex_load_store_unit$ibex_core.load_store_unit_i
      168 ibex_register_file_ff$ibex_core.gen_regfile_ff.register_file_i
       27 ibex_wb_stage$ibex_core.wb_stage_i
        8 prim_clock_gating$ibex_core.core_clock_gate_i

        +----------Count including submodules.
        | 
     5855 wires
    39232 wire bits
     1327 public wires
    19772 public wire bits
      646 ports
     5916 port bits
        1 memories
       32 memory bits
        - processes
     4095 cells
        7   $add
       87   $aldff
      146   $and
        6   $bmux
      653   $buf
        2   $demux
       17   $dff
        1   $dlatch
     1205   $eq
        5   $ge
        1   $gt
       22   $logic_and
      203   $logic_not
       23   $logic_or
        5   $lt
        1   $meminit
        1   $memrd_v2
        1   $mul
     1278   $mux
        9   $ne
      135   $not
       94   $or
      124   $pmux
        1   $reduce_and
       14   $reduce_bool
       45   $reduce_or
        1   $shl
        1   $sshr
        2   $sub
        5   $xor
        8 submodules
        1   ibex_cs_registers$ibex_core.cs_registers_i
        1   ibex_ex_block$ibex_core.ex_block_i
        1   ibex_id_stage$ibex_core.id_stage_i
        1   ibex_if_stage$ibex_core.if_stage_i
        1   ibex_load_store_unit$ibex_core.load_store_unit_i
        1   ibex_register_file_ff$ibex_core.gen_regfile_ff.register_file_i
        1   ibex_wb_stage$ibex_core.wb_stage_i
        1   prim_clock_gating$ibex_core.core_clock_gate_i

6. Executing SYNTH pass.

6.1. Executing HIERARCHY pass (managing design hierarchy).

6.1.1. Analyzing design hierarchy..
Top module:  \ibex_core
Used module:     \ibex_cs_registers$ibex_core.cs_registers_i
Used module:         \ibex_csr$ibex_core.cs_registers_i.u_cpuctrl_csr
Used module:         \ibex_counter$ibex_core.cs_registers_i.minstret_counter_i
Used module:         \ibex_counter$ibex_core.cs_registers_i.mcycle_counter_i
Used module:         \ibex_csr$ibex_core.cs_registers_i.u_mstack_cause_csr
Used module:         \ibex_csr$ibex_core.cs_registers_i.u_mstack_epc_csr
Used module:         \ibex_csr$ibex_core.cs_registers_i.u_mstack_csr
Used module:         \ibex_csr$ibex_core.cs_registers_i.u_dscratch1_csr
Used module:         \ibex_csr$ibex_core.cs_registers_i.u_dscratch0_csr
Used module:         \ibex_csr$ibex_core.cs_registers_i.u_depc_csr
Used module:         \ibex_csr$ibex_core.cs_registers_i.u_dcsr_csr
Used module:         \ibex_csr$ibex_core.cs_registers_i.u_mtvec_csr
Used module:         \ibex_csr$ibex_core.cs_registers_i.u_mtval_csr
Used module:         \ibex_csr$ibex_core.cs_registers_i.u_mcause_csr
Used module:         \ibex_csr$ibex_core.cs_registers_i.u_mscratch_csr
Used module:         \ibex_csr$ibex_core.cs_registers_i.u_mie_csr
Used module:         \ibex_csr$ibex_core.cs_registers_i.u_mepc_csr
Used module:         \ibex_csr$ibex_core.cs_registers_i.u_mstatus_csr
Used module:     \ibex_register_file_ff$ibex_core.gen_regfile_ff.register_file_i
Used module:     \ibex_wb_stage$ibex_core.wb_stage_i
Used module:     \ibex_load_store_unit$ibex_core.load_store_unit_i
Used module:     \ibex_ex_block$ibex_core.ex_block_i
Used module:         \ibex_multdiv_fast$ibex_core.ex_block_i.gen_multdiv_fast.multdiv_i
Used module:         \ibex_alu$ibex_core.ex_block_i.alu_i
Used module:     \ibex_id_stage$ibex_core.id_stage_i
Used module:         \ibex_controller$ibex_core.id_stage_i.controller_i
Used module:         \ibex_decoder$ibex_core.id_stage_i.decoder_i
Used module:     \ibex_if_stage$ibex_core.if_stage_i
Used module:         \ibex_compressed_decoder$ibex_core.if_stage_i.compressed_decoder_i
Used module:         \ibex_prefetch_buffer$ibex_core.if_stage_i.gen_prefetch_buffer.prefetch_buffer_i
Used module:             \ibex_fetch_fifo$ibex_core.if_stage_i.gen_prefetch_buffer.prefetch_buffer_i.fifo_i
Used module:     \prim_clock_gating$ibex_core.core_clock_gate_i

6.1.2. Analyzing design hierarchy..
Top module:  \ibex_core
Used module:     \ibex_cs_registers$ibex_core.cs_registers_i
Used module:         \ibex_csr$ibex_core.cs_registers_i.u_cpuctrl_csr
Used module:         \ibex_counter$ibex_core.cs_registers_i.minstret_counter_i
Used module:         \ibex_counter$ibex_core.cs_registers_i.mcycle_counter_i
Used module:         \ibex_csr$ibex_core.cs_registers_i.u_mstack_cause_csr
Used module:         \ibex_csr$ibex_core.cs_registers_i.u_mstack_epc_csr
Used module:         \ibex_csr$ibex_core.cs_registers_i.u_mstack_csr
Used module:         \ibex_csr$ibex_core.cs_registers_i.u_dscratch1_csr
Used module:         \ibex_csr$ibex_core.cs_registers_i.u_dscratch0_csr
Used module:         \ibex_csr$ibex_core.cs_registers_i.u_depc_csr
Used module:         \ibex_csr$ibex_core.cs_registers_i.u_dcsr_csr
Used module:         \ibex_csr$ibex_core.cs_registers_i.u_mtvec_csr
Used module:         \ibex_csr$ibex_core.cs_registers_i.u_mtval_csr
Used module:         \ibex_csr$ibex_core.cs_registers_i.u_mcause_csr
Used module:         \ibex_csr$ibex_core.cs_registers_i.u_mscratch_csr
Used module:         \ibex_csr$ibex_core.cs_registers_i.u_mie_csr
Used module:         \ibex_csr$ibex_core.cs_registers_i.u_mepc_csr
Used module:         \ibex_csr$ibex_core.cs_registers_i.u_mstatus_csr
Used module:     \ibex_register_file_ff$ibex_core.gen_regfile_ff.register_file_i
Used module:     \ibex_wb_stage$ibex_core.wb_stage_i
Used module:     \ibex_load_store_unit$ibex_core.load_store_unit_i
Used module:     \ibex_ex_block$ibex_core.ex_block_i
Used module:         \ibex_multdiv_fast$ibex_core.ex_block_i.gen_multdiv_fast.multdiv_i
Used module:         \ibex_alu$ibex_core.ex_block_i.alu_i
Used module:     \ibex_id_stage$ibex_core.id_stage_i
Used module:         \ibex_controller$ibex_core.id_stage_i.controller_i
Used module:         \ibex_decoder$ibex_core.id_stage_i.decoder_i
Used module:     \ibex_if_stage$ibex_core.if_stage_i
Used module:         \ibex_compressed_decoder$ibex_core.if_stage_i.compressed_decoder_i
Used module:         \ibex_prefetch_buffer$ibex_core.if_stage_i.gen_prefetch_buffer.prefetch_buffer_i
Used module:             \ibex_fetch_fifo$ibex_core.if_stage_i.gen_prefetch_buffer.prefetch_buffer_i.fifo_i
Used module:     \prim_clock_gating$ibex_core.core_clock_gate_i
Removed 0 unused modules.

6.2. Executing PROC pass (convert processes to netlists).

6.2.1. Executing PROC_CLEAN pass (remove empty switches from decision trees).
Cleaned up 0 empty switches.

6.2.2. Executing PROC_RMDEAD pass (remove dead branches from decision trees).
Removed a total of 0 dead cases.

6.2.3. Executing PROC_PRUNE pass (remove redundant assignments in processes).
Removed 0 redundant assignments.
Promoted 0 assignments to connections.

6.2.4. Executing PROC_INIT pass (extract init attributes).

6.2.5. Executing PROC_ARST pass (detect async resets in processes).

6.2.6. Executing PROC_ROM pass (convert switches to ROMs).
Converted 0 switches.

6.2.7. Executing PROC_MUX pass (convert decision trees to multiplexers).

6.2.8. Executing PROC_DLATCH pass (convert process syncs to latches).

6.2.9. Executing PROC_DFF pass (convert process syncs to FFs).

6.2.10. Executing PROC_MEMWR pass (convert process memory writes to cells).

6.2.11. Executing PROC_CLEAN pass (remove empty switches from decision trees).
Cleaned up 0 empty switches.

6.2.12. Executing OPT_EXPR pass (perform const folding).
Optimizing module ibex_fetch_fifo$ibex_core.if_stage_i.gen_prefetch_buffer.prefetch_buffer_i.fifo_i.
Optimizing module ibex_csr$ibex_core.cs_registers_i.u_cpuctrl_csr.
Optimizing module ibex_counter$ibex_core.cs_registers_i.minstret_counter_i.
Optimizing module ibex_counter$ibex_core.cs_registers_i.mcycle_counter_i.
Optimizing module ibex_csr$ibex_core.cs_registers_i.u_mstack_cause_csr.
Optimizing module ibex_csr$ibex_core.cs_registers_i.u_mstack_epc_csr.
Optimizing module ibex_csr$ibex_core.cs_registers_i.u_mstack_csr.
Optimizing module ibex_csr$ibex_core.cs_registers_i.u_dscratch1_csr.
Optimizing module ibex_csr$ibex_core.cs_registers_i.u_dscratch0_csr.
Optimizing module ibex_csr$ibex_core.cs_registers_i.u_depc_csr.
Optimizing module ibex_csr$ibex_core.cs_registers_i.u_dcsr_csr.
Optimizing module ibex_csr$ibex_core.cs_registers_i.u_mtvec_csr.
Optimizing module ibex_csr$ibex_core.cs_registers_i.u_mtval_csr.
Optimizing module ibex_csr$ibex_core.cs_registers_i.u_mcause_csr.
Optimizing module ibex_csr$ibex_core.cs_registers_i.u_mscratch_csr.
Optimizing module ibex_csr$ibex_core.cs_registers_i.u_mie_csr.
Optimizing module ibex_csr$ibex_core.cs_registers_i.u_mepc_csr.
Optimizing module ibex_csr$ibex_core.cs_registers_i.u_mstatus_csr.
Optimizing module ibex_multdiv_fast$ibex_core.ex_block_i.gen_multdiv_fast.multdiv_i.
Couldn't topologically sort cells, optimizing module ibex_multdiv_fast$ibex_core.ex_block_i.gen_multdiv_fast.multdiv_i may take a longer time.
Optimizing module ibex_alu$ibex_core.ex_block_i.alu_i.
Optimizing module ibex_controller$ibex_core.id_stage_i.controller_i.
Couldn't topologically sort cells, optimizing module ibex_controller$ibex_core.id_stage_i.controller_i may take a longer time.
Optimizing module ibex_decoder$ibex_core.id_stage_i.decoder_i.
Optimizing module ibex_compressed_decoder$ibex_core.if_stage_i.compressed_decoder_i.
Optimizing module ibex_prefetch_buffer$ibex_core.if_stage_i.gen_prefetch_buffer.prefetch_buffer_i.
Optimizing module ibex_cs_registers$ibex_core.cs_registers_i.
Optimizing module ibex_register_file_ff$ibex_core.gen_regfile_ff.register_file_i.
Optimizing module ibex_wb_stage$ibex_core.wb_stage_i.
Optimizing module ibex_load_store_unit$ibex_core.load_store_unit_i.
Optimizing module ibex_ex_block$ibex_core.ex_block_i.
Optimizing module ibex_id_stage$ibex_core.id_stage_i.
Optimizing module ibex_if_stage$ibex_core.if_stage_i.
Optimizing module prim_clock_gating$ibex_core.core_clock_gate_i.
Optimizing module ibex_core.

6.3. Executing CHECK pass (checking for obvious problems).
Checking module ibex_fetch_fifo$ibex_core.if_stage_i.gen_prefetch_buffer.prefetch_buffer_i.fifo_i...
Checking module ibex_csr$ibex_core.cs_registers_i.u_cpuctrl_csr...
Checking module ibex_counter$ibex_core.cs_registers_i.minstret_counter_i...
Checking module ibex_counter$ibex_core.cs_registers_i.mcycle_counter_i...
Checking module ibex_csr$ibex_core.cs_registers_i.u_mstack_cause_csr...
Checking module ibex_csr$ibex_core.cs_registers_i.u_mstack_epc_csr...
Checking module ibex_csr$ibex_core.cs_registers_i.u_mstack_csr...
Checking module ibex_csr$ibex_core.cs_registers_i.u_dscratch1_csr...
Checking module ibex_csr$ibex_core.cs_registers_i.u_dscratch0_csr...
Checking module ibex_csr$ibex_core.cs_registers_i.u_depc_csr...
Checking module ibex_csr$ibex_core.cs_registers_i.u_dcsr_csr...
Checking module ibex_csr$ibex_core.cs_registers_i.u_mtvec_csr...
Checking module ibex_csr$ibex_core.cs_registers_i.u_mtval_csr...
Checking module ibex_csr$ibex_core.cs_registers_i.u_mcause_csr...
Checking module ibex_csr$ibex_core.cs_registers_i.u_mscratch_csr...
Checking module ibex_csr$ibex_core.cs_registers_i.u_mie_csr...
Checking module ibex_csr$ibex_core.cs_registers_i.u_mepc_csr...
Checking module ibex_csr$ibex_core.cs_registers_i.u_mstatus_csr...
Checking module ibex_multdiv_fast$ibex_core.ex_block_i.gen_multdiv_fast.multdiv_i...
Checking module ibex_alu$ibex_core.ex_block_i.alu_i...
Checking module ibex_controller$ibex_core.id_stage_i.controller_i...
Checking module ibex_decoder$ibex_core.id_stage_i.decoder_i...
Checking module ibex_compressed_decoder$ibex_core.if_stage_i.compressed_decoder_i...
Checking module ibex_prefetch_buffer$ibex_core.if_stage_i.gen_prefetch_buffer.prefetch_buffer_i...
Checking module ibex_cs_registers$ibex_core.cs_registers_i...
Checking module ibex_register_file_ff$ibex_core.gen_regfile_ff.register_file_i...
Checking module ibex_wb_stage$ibex_core.wb_stage_i...
Checking module ibex_load_store_unit$ibex_core.load_store_unit_i...
Checking module ibex_ex_block$ibex_core.ex_block_i...
Checking module ibex_id_stage$ibex_core.id_stage_i...
Checking module ibex_if_stage$ibex_core.if_stage_i...
Checking module prim_clock_gating$ibex_core.core_clock_gate_i...
Checking module ibex_core...
Found and reported 0 problems.

6.4. Executing FLATTEN pass (flatten design).
Deleting now unused module ibex_fetch_fifo$ibex_core.if_stage_i.gen_prefetch_buffer.prefetch_buffer_i.fifo_i.
Deleting now unused module ibex_csr$ibex_core.cs_registers_i.u_cpuctrl_csr.
Deleting now unused module ibex_counter$ibex_core.cs_registers_i.minstret_counter_i.
Deleting now unused module ibex_counter$ibex_core.cs_registers_i.mcycle_counter_i.
Deleting now unused module ibex_csr$ibex_core.cs_registers_i.u_mstack_cause_csr.
Deleting now unused module ibex_csr$ibex_core.cs_registers_i.u_mstack_epc_csr.
Deleting now unused module ibex_csr$ibex_core.cs_registers_i.u_mstack_csr.
Deleting now unused module ibex_csr$ibex_core.cs_registers_i.u_dscratch1_csr.
Deleting now unused module ibex_csr$ibex_core.cs_registers_i.u_dscratch0_csr.
Deleting now unused module ibex_csr$ibex_core.cs_registers_i.u_depc_csr.
Deleting now unused module ibex_csr$ibex_core.cs_registers_i.u_dcsr_csr.
Deleting now unused module ibex_csr$ibex_core.cs_registers_i.u_mtvec_csr.
Deleting now unused module ibex_csr$ibex_core.cs_registers_i.u_mtval_csr.
Deleting now unused module ibex_csr$ibex_core.cs_registers_i.u_mcause_csr.
Deleting now unused module ibex_csr$ibex_core.cs_registers_i.u_mscratch_csr.
Deleting now unused module ibex_csr$ibex_core.cs_registers_i.u_mie_csr.
Deleting now unused module ibex_csr$ibex_core.cs_registers_i.u_mepc_csr.
Deleting now unused module ibex_csr$ibex_core.cs_registers_i.u_mstatus_csr.
Deleting now unused module ibex_multdiv_fast$ibex_core.ex_block_i.gen_multdiv_fast.multdiv_i.
Deleting now unused module ibex_alu$ibex_core.ex_block_i.alu_i.
Deleting now unused module ibex_controller$ibex_core.id_stage_i.controller_i.
Deleting now unused module ibex_decoder$ibex_core.id_stage_i.decoder_i.
Deleting now unused module ibex_compressed_decoder$ibex_core.if_stage_i.compressed_decoder_i.
Deleting now unused module ibex_prefetch_buffer$ibex_core.if_stage_i.gen_prefetch_buffer.prefetch_buffer_i.
Deleting now unused module ibex_cs_registers$ibex_core.cs_registers_i.
Deleting now unused module ibex_register_file_ff$ibex_core.gen_regfile_ff.register_file_i.
Deleting now unused module ibex_wb_stage$ibex_core.wb_stage_i.
Deleting now unused module ibex_load_store_unit$ibex_core.load_store_unit_i.
Deleting now unused module ibex_ex_block$ibex_core.ex_block_i.
Deleting now unused module ibex_id_stage$ibex_core.id_stage_i.
Deleting now unused module ibex_if_stage$ibex_core.if_stage_i.
Deleting now unused module prim_clock_gating$ibex_core.core_clock_gate_i.
<suppressed ~32 debug messages>

6.5. Executing OPT_EXPR pass (perform const folding).
Optimizing module ibex_core.
Couldn't topologically sort cells, optimizing module ibex_core may take a longer time.
Couldn't topologically sort cells, optimizing module ibex_core may take a longer time.

6.6. Executing OPT_CLEAN pass (remove unused cells and wires).
Finding unused cells or wires in module \ibex_core..
Removed 222 unused cells and 2168 unused wires.
<suppressed ~924 debug messages>

6.7. Executing CHECK pass (checking for obvious problems).
Checking module ibex_core...
Found and reported 0 problems.

6.8. Executing OPT pass (performing simple optimizations).

6.8.1. Executing OPT_EXPR pass (perform const folding).
Optimizing module ibex_core.
<suppressed ~61 debug messages>

6.8.2. Executing OPT_MERGE pass (detect identical cells).
Finding identical cells in module `\ibex_core'.
Computing hashes of 3192 cells of `\ibex_core'.
Finding duplicate cells in `\ibex_core'.
Computing hashes of 2269 cells of `\ibex_core'.
Finding duplicate cells in `\ibex_core'.
Computing hashes of 2253 cells of `\ibex_core'.
Finding duplicate cells in `\ibex_core'.
<suppressed ~2817 debug messages>
Removed a total of 939 cells.

6.8.3. Executing OPT_MUXTREE pass (detect dead branches in mux trees).
Running muxtree optimizer on module \ibex_core..
  Creating internal representation of mux trees.
  Evaluating internal representation of mux trees.
      Replacing known input bits on port A of cell $flatten\id_stage_i.$procmux$10781: \id_stage_i.id_fsm_q -> 1'1
      Replacing known input bits on port B of cell $flatten\id_stage_i.$procmux$10857: \id_stage_i.id_fsm_q -> 1'0
      Replacing known input bits on port A of cell $flatten\id_stage_i.\controller_i.$procmux$6132: \id_stage_i.controller_i.nmi_mode_q -> 1'0
  Analyzing evaluation results.
    dead port 1/2 on $mux $flatten\cs_registers_i.\mcycle_counter_i.$procmux$5642.
    dead port 2/2 on $mux $flatten\load_store_unit_i.$procmux$10361.
    dead port 2/2 on $mux $flatten\cs_registers_i.$procmux$9822.
    dead port 2/2 on $mux $flatten\load_store_unit_i.$procmux$10369.
    dead port 2/2 on $mux $flatten\load_store_unit_i.$procmux$10377.
    dead port 2/2 on $mux $flatten\cs_registers_i.$procmux$9829.
    dead port 2/2 on $mux $flatten\id_stage_i.$procmux$10783.
    dead port 2/2 on $mux $flatten\id_stage_i.$procmux$10785.
    dead port 2/2 on $mux $flatten\id_stage_i.$procmux$10791.
    dead port 2/2 on $mux $flatten\id_stage_i.$procmux$10793.
    dead port 2/2 on $mux $flatten\id_stage_i.$procmux$10799.
    dead port 2/2 on $mux $flatten\id_stage_i.$procmux$10801.
    dead port 2/2 on $mux $flatten\id_stage_i.$procmux$10807.
    dead port 2/2 on $mux $flatten\id_stage_i.$procmux$10809.
    dead port 2/2 on $mux $flatten\id_stage_i.$procmux$10813.
    dead port 2/2 on $mux $flatten\id_stage_i.$procmux$10815.
    dead port 2/2 on $mux $flatten\id_stage_i.$procmux$10822.
    dead port 2/2 on $mux $flatten\id_stage_i.$procmux$10829.
    dead port 2/2 on $mux $flatten\id_stage_i.$procmux$10836.
    dead port 2/2 on $mux $flatten\id_stage_i.$procmux$10843.
    dead port 2/2 on $mux $flatten\id_stage_i.$procmux$10850.
    dead port 2/2 on $mux $flatten\id_stage_i.$procmux$10859.
    dead port 1/2 on $mux $flatten\id_stage_i.$procmux$10861.
    dead port 2/2 on $mux $flatten\id_stage_i.$procmux$10863.
    dead port 2/2 on $mux $flatten\id_stage_i.$procmux$10872.
    dead port 1/2 on $mux $flatten\id_stage_i.$procmux$10874.
    dead port 2/2 on $mux $flatten\id_stage_i.$procmux$10876.
    dead port 2/2 on $mux $flatten\id_stage_i.$procmux$10885.
    dead port 1/2 on $mux $flatten\id_stage_i.$procmux$10887.
    dead port 2/2 on $mux $flatten\id_stage_i.$procmux$10889.
    dead port 1/6 on $pmux $flatten\id_stage_i.$procmux$10893.
    dead port 1/2 on $mux $flatten\id_stage_i.$procmux$10900.
    dead port 2/2 on $mux $flatten\id_stage_i.$procmux$10902.
    dead port 1/2 on $mux $flatten\id_stage_i.$procmux$10908.
    dead port 2/2 on $mux $flatten\id_stage_i.$procmux$10910.
    dead port 1/3 on $pmux $flatten\id_stage_i.$procmux$10914.
    dead port 1/2 on $mux $flatten\id_stage_i.$procmux$10918.
    dead port 2/2 on $mux $flatten\id_stage_i.$procmux$10920.
    dead port 1/2 on $mux $flatten\id_stage_i.$procmux$10927.
    dead port 2/2 on $mux $flatten\id_stage_i.$procmux$10929.
    dead port 2/2 on $mux $flatten\id_stage_i.$procmux$11073.
    dead port 1/2 on $mux $flatten\id_stage_i.$procmux$10937.
    dead port 2/2 on $mux $flatten\id_stage_i.$procmux$10939.
    dead port 1/2 on $mux $flatten\id_stage_i.$procmux$10949.
    dead port 2/2 on $mux $flatten\id_stage_i.$procmux$10951.
    dead port 1/2 on $mux $flatten\id_stage_i.$procmux$11063.
    dead port 1/2 on $mux $flatten\id_stage_i.$procmux$10958.
    dead port 2/2 on $mux $flatten\id_stage_i.$procmux$10960.
    dead port 1/2 on $mux $flatten\id_stage_i.$procmux$10968.
    dead port 2/2 on $mux $flatten\id_stage_i.$procmux$10970.
    dead port 1/2 on $mux $flatten\id_stage_i.$procmux$11057.
    dead port 2/2 on $mux $flatten\id_stage_i.$procmux$11054.
    dead port 2/2 on $mux $flatten\id_stage_i.$procmux$10996.
    dead port 2/2 on $mux $flatten\id_stage_i.$procmux$11002.
    dead port 2/2 on $mux $flatten\id_stage_i.$procmux$11008.
    dead port 2/2 on $mux $flatten\load_store_unit_i.$procmux$10399.
    dead port 2/2 on $mux $flatten\load_store_unit_i.$procmux$10401.
    dead port 2/2 on $mux $flatten\load_store_unit_i.$procmux$10411.
    dead port 2/2 on $mux $flatten\load_store_unit_i.$procmux$10413.
    dead port 2/2 on $mux $flatten\load_store_unit_i.$procmux$10423.
    dead port 2/2 on $mux $flatten\load_store_unit_i.$procmux$10425.
    dead port 2/2 on $mux $flatten\load_store_unit_i.$procmux$10435.
    dead port 2/2 on $mux $flatten\load_store_unit_i.$procmux$10437.
    dead port 2/2 on $mux $flatten\load_store_unit_i.$procmux$10447.
    dead port 2/2 on $mux $flatten\load_store_unit_i.$procmux$10457.
    dead port 2/2 on $mux $flatten\load_store_unit_i.$procmux$10467.
    dead port 2/2 on $mux $flatten\load_store_unit_i.$procmux$10477.
    dead port 2/2 on $mux $flatten\load_store_unit_i.$procmux$10487.
    dead port 2/2 on $mux $flatten\load_store_unit_i.$procmux$10497.
    dead port 2/2 on $mux $flatten\id_stage_i.\decoder_i.$procmux$8898.
    dead port 2/2 on $mux $flatten\id_stage_i.\decoder_i.$procmux$8882.
    dead port 2/2 on $mux $flatten\id_stage_i.\decoder_i.$procmux$8866.
    dead port 2/2 on $mux $flatten\id_stage_i.\decoder_i.$procmux$8851.
    dead port 2/2 on $mux $flatten\id_stage_i.\decoder_i.$procmux$8836.
    dead port 2/2 on $mux $flatten\id_stage_i.\decoder_i.$procmux$8821.
    dead port 2/2 on $mux $flatten\id_stage_i.\decoder_i.$procmux$8807.
    dead port 2/2 on $mux $flatten\id_stage_i.\decoder_i.$procmux$8795.
    dead port 2/2 on $mux $flatten\id_stage_i.\decoder_i.$procmux$8779.
    dead port 2/2 on $mux $flatten\load_store_unit_i.$procmux$10527.
    dead port 2/2 on $mux $flatten\id_stage_i.\decoder_i.$procmux$8763.
    dead port 2/2 on $mux $flatten\id_stage_i.\decoder_i.$procmux$8748.
    dead port 2/2 on $mux $flatten\id_stage_i.\decoder_i.$procmux$8733.
    dead port 2/2 on $mux $flatten\id_stage_i.\decoder_i.$procmux$8731.
    dead port 2/2 on $mux $flatten\id_stage_i.\decoder_i.$procmux$8719.
    dead port 2/2 on $mux $flatten\id_stage_i.\decoder_i.$procmux$8707.
    dead port 2/2 on $mux $flatten\id_stage_i.\decoder_i.$procmux$8705.
    dead port 2/2 on $mux $flatten\id_stage_i.\decoder_i.$procmux$8691.
    dead port 2/2 on $mux $flatten\id_stage_i.\decoder_i.$procmux$8689.
    dead port 2/2 on $mux $flatten\id_stage_i.\decoder_i.$procmux$8687.
    dead port 2/2 on $mux $flatten\id_stage_i.\decoder_i.$procmux$8676.
    dead port 2/2 on $mux $flatten\id_stage_i.\decoder_i.$procmux$8674.
    dead port 2/2 on $mux $flatten\id_stage_i.\decoder_i.$procmux$8672.
    dead port 2/2 on $mux $flatten\id_stage_i.\decoder_i.$procmux$8661.
    dead port 2/2 on $mux $flatten\id_stage_i.\decoder_i.$procmux$8659.
    dead port 1/2 on $mux $flatten\cs_registers_i.\minstret_counter_i.$procmux$5630.
    dead port 2/2 on $mux $flatten\id_stage_i.\decoder_i.$procmux$8649.
    dead port 2/2 on $mux $flatten\id_stage_i.\decoder_i.$procmux$8647.
    dead port 1/2 on $mux $flatten\id_stage_i.\decoder_i.$procmux$8645.
    dead port 2/2 on $mux $flatten\id_stage_i.\decoder_i.$procmux$8629.
    dead port 2/2 on $mux $flatten\id_stage_i.\decoder_i.$procmux$8627.
    dead port 1/2 on $mux $flatten\id_stage_i.\decoder_i.$procmux$8625.
    dead port 2/2 on $mux $flatten\id_stage_i.\decoder_i.$procmux$8622.
    dead port 2/2 on $mux $flatten\id_stage_i.\decoder_i.$procmux$8611.
    dead port 2/2 on $mux $flatten\id_stage_i.\decoder_i.$procmux$8609.
    dead port 1/2 on $mux $flatten\id_stage_i.\decoder_i.$procmux$8607.
    dead port 2/2 on $mux $flatten\id_stage_i.\decoder_i.$procmux$8604.
    dead port 2/2 on $mux $flatten\id_stage_i.\decoder_i.$procmux$8594.
    dead port 2/2 on $mux $flatten\id_stage_i.\decoder_i.$procmux$8592.
    dead port 1/2 on $mux $flatten\id_stage_i.\decoder_i.$procmux$8590.
    dead port 2/2 on $mux $flatten\id_stage_i.\decoder_i.$procmux$8587.
    dead port 2/2 on $mux $flatten\id_stage_i.\decoder_i.$procmux$8578.
    dead port 2/2 on $mux $flatten\id_stage_i.\decoder_i.$procmux$8569.
    dead port 2/2 on $mux $flatten\id_stage_i.\decoder_i.$procmux$8560.
    dead port 2/2 on $mux $flatten\id_stage_i.\decoder_i.$procmux$8551.
    dead port 1/2 on $mux $flatten\id_stage_i.\decoder_i.$procmux$8549.
    dead port 2/2 on $mux $flatten\id_stage_i.\decoder_i.$procmux$8534.
    dead port 1/2 on $mux $flatten\id_stage_i.\decoder_i.$procmux$8532.
    dead port 2/2 on $mux $flatten\load_store_unit_i.$procmux$10625.
    dead port 2/2 on $mux $flatten\id_stage_i.\decoder_i.$procmux$8519.
    dead port 2/2 on $mux $flatten\load_store_unit_i.$procmux$10631.
    dead port 1/2 on $mux $flatten\id_stage_i.\decoder_i.$procmux$8517.
    dead port 2/2 on $mux $flatten\load_store_unit_i.$procmux$10638.
    dead port 2/2 on $mux $flatten\id_stage_i.\decoder_i.$procmux$8500.
    dead port 2/2 on $mux $flatten\id_stage_i.\decoder_i.$procmux$8484.
    dead port 2/2 on $mux $flatten\load_store_unit_i.$procmux$10655.
    dead port 2/2 on $mux $flatten\id_stage_i.\decoder_i.$procmux$8476.
    dead port 2/2 on $mux $flatten\load_store_unit_i.$procmux$10660.
    dead port 2/2 on $mux $flatten\id_stage_i.\decoder_i.$procmux$8468.
    dead port 2/2 on $mux $flatten\id_stage_i.\decoder_i.$procmux$8460.
    dead port 2/2 on $mux $flatten\id_stage_i.\decoder_i.$procmux$8458.
    dead port 2/2 on $mux $flatten\load_store_unit_i.$procmux$10666.
    dead port 2/2 on $mux $flatten\id_stage_i.\decoder_i.$procmux$8442.
    dead port 2/2 on $mux $flatten\id_stage_i.\decoder_i.$procmux$8435.
    dead port 2/2 on $mux $flatten\load_store_unit_i.$procmux$10777.
    dead port 2/2 on $mux $flatten\id_stage_i.\decoder_i.$procmux$8428.
    dead port 2/2 on $mux $flatten\load_store_unit_i.$procmux$10673.
    dead port 2/2 on $mux $flatten\id_stage_i.\decoder_i.$procmux$8421.
    dead port 2/2 on $mux $flatten\id_stage_i.\decoder_i.$procmux$8414.
    dead port 2/2 on $mux $flatten\id_stage_i.\decoder_i.$procmux$8407.
    dead port 2/2 on $mux $flatten\id_stage_i.\decoder_i.$procmux$8393.
    dead port 2/2 on $mux $flatten\id_stage_i.\decoder_i.$procmux$8379.
    dead port 2/2 on $mux $flatten\id_stage_i.\decoder_i.$procmux$8372.
    dead port 2/2 on $mux $flatten\id_stage_i.\decoder_i.$procmux$8365.
    dead port 2/2 on $mux $flatten\id_stage_i.\decoder_i.$procmux$8363.
    dead port 2/2 on $mux $flatten\id_stage_i.\decoder_i.$procmux$8353.
    dead port 2/2 on $mux $flatten\load_store_unit_i.$procmux$10690.
    dead port 2/2 on $mux $flatten\id_stage_i.\decoder_i.$procmux$8351.
    dead port 2/2 on $mux $flatten\id_stage_i.\decoder_i.$procmux$8342.
    dead port 2/2 on $mux $flatten\id_stage_i.\decoder_i.$procmux$8340.
    dead port 2/2 on $mux $flatten\id_stage_i.\decoder_i.$procmux$8332.
    dead port 2/2 on $mux $flatten\id_stage_i.\decoder_i.$procmux$8330.
    dead port 2/2 on $mux $flatten\id_stage_i.\decoder_i.$procmux$8319.
    dead port 2/2 on $mux $flatten\id_stage_i.\decoder_i.$procmux$8317.
    dead port 2/2 on $mux $flatten\id_stage_i.\decoder_i.$procmux$8310.
    dead port 1/2 on $mux $flatten\load_store_unit_i.$procmux$10775.
    dead port 2/2 on $mux $flatten\id_stage_i.\decoder_i.$procmux$8308.
    dead port 2/2 on $mux $flatten\id_stage_i.\decoder_i.$procmux$8297.
    dead port 2/2 on $mux $flatten\id_stage_i.\decoder_i.$procmux$8295.
    dead port 2/2 on $mux $flatten\id_stage_i.\decoder_i.$procmux$8288.
    dead port 2/2 on $mux $flatten\id_stage_i.\decoder_i.$procmux$8272.
    dead port 1/2 on $mux $flatten\id_stage_i.\decoder_i.$procmux$8270.
    dead port 2/2 on $mux $flatten\id_stage_i.\decoder_i.$procmux$8260.
    dead port 1/2 on $mux $flatten\id_stage_i.\decoder_i.$procmux$8258.
    dead port 2/2 on $mux $flatten\load_store_unit_i.$procmux$10719.
    dead port 2/2 on $mux $flatten\load_store_unit_i.$procmux$10726.
    dead port 1/2 on $mux $flatten\load_store_unit_i.$procmux$10735.
    dead port 2/2 on $mux $flatten\load_store_unit_i.$procmux$10737.
    dead port 2/2 on $mux $flatten\cs_registers_i.$procmux$9816.
    dead port 2/2 on $mux $flatten\id_stage_i.\decoder_i.$procmux$8134.
    dead port 2/2 on $mux $flatten\id_stage_i.\decoder_i.$procmux$8118.
    dead port 2/2 on $mux $flatten\load_store_unit_i.$procmux$10754.
    dead port 2/2 on $mux $flatten\id_stage_i.\decoder_i.$procmux$8103.
    dead port 2/2 on $mux $flatten\id_stage_i.\decoder_i.$procmux$8088.
    dead port 2/2 on $mux $flatten\load_store_unit_i.$procmux$10756.
    dead port 2/2 on $mux $flatten\id_stage_i.\decoder_i.$procmux$8073.
    dead port 2/2 on $mux $flatten\id_stage_i.\decoder_i.$procmux$8058.
    dead port 2/2 on $mux $flatten\id_stage_i.\decoder_i.$procmux$8044.
    dead port 2/2 on $mux $flatten\load_store_unit_i.$procmux$10765.
    dead port 2/2 on $mux $flatten\id_stage_i.\decoder_i.$procmux$8029.
    dead port 2/2 on $mux $flatten\id_stage_i.\decoder_i.$procmux$8015.
    dead port 2/2 on $mux $flatten\id_stage_i.\decoder_i.$procmux$7996.
    dead port 2/2 on $mux $flatten\id_stage_i.\decoder_i.$procmux$7981.
    dead port 2/2 on $mux $flatten\id_stage_i.\decoder_i.$procmux$7966.
    dead port 2/2 on $mux $flatten\id_stage_i.\decoder_i.$procmux$7952.
    dead port 2/2 on $mux $flatten\id_stage_i.\decoder_i.$procmux$7938.
    dead port 2/2 on $mux $flatten\id_stage_i.\decoder_i.$procmux$7926.
    dead port 2/2 on $mux $flatten\id_stage_i.\decoder_i.$procmux$7914.
    dead port 2/2 on $mux $flatten\id_stage_i.\decoder_i.$procmux$7898.
    dead port 2/2 on $mux $flatten\id_stage_i.\decoder_i.$procmux$7896.
    dead port 2/2 on $mux $flatten\id_stage_i.\decoder_i.$procmux$7886.
    dead port 2/2 on $mux $flatten\id_stage_i.\decoder_i.$procmux$7884.
    dead port 1/2 on $mux $flatten\id_stage_i.\decoder_i.$procmux$7882.
    dead port 2/2 on $mux $flatten\id_stage_i.\decoder_i.$procmux$7873.
    dead port 2/2 on $mux $flatten\id_stage_i.\decoder_i.$procmux$7864.
    dead port 2/2 on $mux $flatten\id_stage_i.\decoder_i.$procmux$7855.
    dead port 2/2 on $mux $flatten\id_stage_i.\decoder_i.$procmux$7846.
    dead port 1/2 on $mux $flatten\id_stage_i.\decoder_i.$procmux$7844.
    dead port 2/2 on $mux $flatten\id_stage_i.\decoder_i.$procmux$7819.
    dead port 1/2 on $mux $flatten\id_stage_i.\decoder_i.$procmux$7817.
    dead port 2/2 on $mux $flatten\id_stage_i.\decoder_i.$procmux$7801.
    dead port 1/2 on $mux $flatten\id_stage_i.\decoder_i.$procmux$7799.
    dead port 2/2 on $mux $flatten\id_stage_i.\decoder_i.$procmux$7787.
    dead port 2/2 on $mux $flatten\id_stage_i.\decoder_i.$procmux$7780.
    dead port 2/2 on $mux $flatten\id_stage_i.\decoder_i.$procmux$7772.
    dead port 2/2 on $mux $flatten\id_stage_i.\decoder_i.$procmux$7764.
    dead port 2/2 on $mux $flatten\id_stage_i.\decoder_i.$procmux$7757.
    dead port 2/2 on $mux $flatten\id_stage_i.\decoder_i.$procmux$7750.
    dead port 2/2 on $mux $flatten\id_stage_i.\decoder_i.$procmux$7744.
    dead port 2/2 on $mux $flatten\id_stage_i.\decoder_i.$procmux$7737.
    dead port 2/2 on $mux $flatten\id_stage_i.\decoder_i.$procmux$7731.
    dead port 1/2 on $mux $flatten\id_stage_i.\decoder_i.$procmux$7729.
    dead port 2/2 on $mux $flatten\cs_registers_i.$procmux$9837.
    dead port 2/2 on $mux $flatten\cs_registers_i.$procmux$9846.
    dead port 2/2 on $mux $flatten\cs_registers_i.$procmux$9856.
    dead port 2/2 on $mux $flatten\cs_registers_i.$procmux$9867.
    dead port 2/2 on $mux $flatten\cs_registers_i.$procmux$9880.
    dead port 2/2 on $mux $flatten\cs_registers_i.$procmux$9893.
    dead port 2/2 on $mux $flatten\cs_registers_i.$procmux$9906.
    dead port 2/2 on $mux $flatten\cs_registers_i.$procmux$9920.
    dead port 1/2 on $mux $flatten\id_stage_i.\controller_i.$procmux$7636.
    dead port 1/2 on $mux $flatten\id_stage_i.\controller_i.$procmux$7633.
    dead port 1/2 on $mux $flatten\id_stage_i.\controller_i.$procmux$7626.
    dead port 1/2 on $mux $flatten\id_stage_i.\controller_i.$procmux$7623.
    dead port 1/2 on $mux $flatten\id_stage_i.\controller_i.$procmux$7620.
    dead port 1/2 on $mux $flatten\id_stage_i.\controller_i.$procmux$7614.
    dead port 1/2 on $mux $flatten\id_stage_i.\controller_i.$procmux$7611.
    dead port 1/2 on $mux $flatten\id_stage_i.\controller_i.$procmux$7608.
    dead port 1/2 on $mux $flatten\id_stage_i.\controller_i.$procmux$7601.
    dead port 1/2 on $mux $flatten\id_stage_i.\controller_i.$procmux$7598.
    dead port 1/2 on $mux $flatten\id_stage_i.\controller_i.$procmux$7595.
    dead port 1/2 on $mux $flatten\id_stage_i.\controller_i.$procmux$7588.
    dead port 1/2 on $mux $flatten\id_stage_i.\controller_i.$procmux$7585.
    dead port 1/2 on $mux $flatten\id_stage_i.\controller_i.$procmux$7582.
    dead port 1/2 on $mux $flatten\id_stage_i.\controller_i.$procmux$7579.
    dead port 1/2 on $mux $flatten\id_stage_i.\controller_i.$procmux$7573.
    dead port 1/2 on $mux $flatten\id_stage_i.\controller_i.$procmux$7570.
    dead port 1/2 on $mux $flatten\id_stage_i.\controller_i.$procmux$7567.
    dead port 1/2 on $mux $flatten\id_stage_i.\controller_i.$procmux$7564.
    dead port 1/2 on $mux $flatten\id_stage_i.\controller_i.$procmux$7557.
    dead port 1/2 on $mux $flatten\id_stage_i.\controller_i.$procmux$7554.
    dead port 1/2 on $mux $flatten\id_stage_i.\controller_i.$procmux$7551.
    dead port 1/2 on $mux $flatten\id_stage_i.\controller_i.$procmux$7548.
    dead port 1/2 on $mux $flatten\id_stage_i.\controller_i.$procmux$7545.
    dead port 1/2 on $mux $flatten\id_stage_i.\controller_i.$procmux$7536.
    dead port 1/2 on $mux $flatten\id_stage_i.\controller_i.$procmux$7529.
    dead port 1/2 on $mux $flatten\id_stage_i.\controller_i.$procmux$7526.
    dead port 1/2 on $mux $flatten\id_stage_i.\controller_i.$procmux$7519.
    dead port 1/2 on $mux $flatten\id_stage_i.\controller_i.$procmux$7516.
    dead port 1/2 on $mux $flatten\id_stage_i.\controller_i.$procmux$7513.
    dead port 1/2 on $mux $flatten\id_stage_i.\controller_i.$procmux$7506.
    dead port 1/2 on $mux $flatten\id_stage_i.\controller_i.$procmux$7503.
    dead port 1/2 on $mux $flatten\id_stage_i.\controller_i.$procmux$7500.
    dead port 1/2 on $mux $flatten\id_stage_i.\controller_i.$procmux$7497.
    dead port 1/2 on $mux $flatten\id_stage_i.\controller_i.$procmux$7490.
    dead port 1/2 on $mux $flatten\id_stage_i.\controller_i.$procmux$7487.
    dead port 1/2 on $mux $flatten\id_stage_i.\controller_i.$procmux$7484.
    dead port 1/2 on $mux $flatten\id_stage_i.\controller_i.$procmux$7481.
    dead port 1/2 on $mux $flatten\id_stage_i.\controller_i.$procmux$7478.
    dead port 1/2 on $mux $flatten\id_stage_i.\controller_i.$procmux$7471.
    dead port 1/2 on $mux $flatten\id_stage_i.\controller_i.$procmux$7468.
    dead port 1/2 on $mux $flatten\id_stage_i.\controller_i.$procmux$7465.
    dead port 1/2 on $mux $flatten\id_stage_i.\controller_i.$procmux$7462.
    dead port 1/2 on $mux $flatten\id_stage_i.\controller_i.$procmux$7459.
    dead port 1/2 on $mux $flatten\id_stage_i.\controller_i.$procmux$7456.
    dead port 1/2 on $mux $flatten\id_stage_i.\controller_i.$procmux$7449.
    dead port 1/2 on $mux $flatten\id_stage_i.\controller_i.$procmux$7446.
    dead port 1/2 on $mux $flatten\id_stage_i.\controller_i.$procmux$7443.
    dead port 1/2 on $mux $flatten\id_stage_i.\controller_i.$procmux$7440.
    dead port 1/2 on $mux $flatten\id_stage_i.\controller_i.$procmux$7437.
    dead port 1/2 on $mux $flatten\id_stage_i.\controller_i.$procmux$7434.
    dead port 1/2 on $mux $flatten\id_stage_i.\controller_i.$procmux$7431.
    dead port 1/2 on $mux $flatten\id_stage_i.\controller_i.$procmux$7424.
    dead port 1/2 on $mux $flatten\id_stage_i.\controller_i.$procmux$7421.
    dead port 1/2 on $mux $flatten\id_stage_i.\controller_i.$procmux$7418.
    dead port 1/2 on $mux $flatten\id_stage_i.\controller_i.$procmux$7415.
    dead port 1/2 on $mux $flatten\id_stage_i.\controller_i.$procmux$7412.
    dead port 1/2 on $mux $flatten\id_stage_i.\controller_i.$procmux$7409.
    dead port 1/2 on $mux $flatten\id_stage_i.\controller_i.$procmux$7406.
    dead port 1/2 on $mux $flatten\id_stage_i.\controller_i.$procmux$7403.
    dead port 1/2 on $mux $flatten\id_stage_i.\controller_i.$procmux$7396.
    dead port 1/2 on $mux $flatten\id_stage_i.\controller_i.$procmux$7393.
    dead port 1/2 on $mux $flatten\id_stage_i.\controller_i.$procmux$7390.
    dead port 1/2 on $mux $flatten\id_stage_i.\controller_i.$procmux$7387.
    dead port 1/2 on $mux $flatten\id_stage_i.\controller_i.$procmux$7384.
    dead port 1/2 on $mux $flatten\id_stage_i.\controller_i.$procmux$7381.
    dead port 1/2 on $mux $flatten\id_stage_i.\controller_i.$procmux$7378.
    dead port 1/2 on $mux $flatten\id_stage_i.\controller_i.$procmux$7375.
    dead port 1/2 on $mux $flatten\id_stage_i.\controller_i.$procmux$7372.
    dead port 1/2 on $mux $flatten\id_stage_i.\controller_i.$procmux$7365.
    dead port 1/2 on $mux $flatten\id_stage_i.\controller_i.$procmux$7362.
    dead port 1/2 on $mux $flatten\id_stage_i.\controller_i.$procmux$7359.
    dead port 1/2 on $mux $flatten\id_stage_i.\controller_i.$procmux$7356.
    dead port 1/2 on $mux $flatten\id_stage_i.\controller_i.$procmux$7353.
    dead port 1/2 on $mux $flatten\id_stage_i.\controller_i.$procmux$7350.
    dead port 1/2 on $mux $flatten\id_stage_i.\controller_i.$procmux$7347.
    dead port 1/2 on $mux $flatten\id_stage_i.\controller_i.$procmux$7344.
    dead port 1/2 on $mux $flatten\id_stage_i.\controller_i.$procmux$7341.
    dead port 1/2 on $mux $flatten\id_stage_i.\controller_i.$procmux$7338.
    dead port 1/2 on $mux $flatten\id_stage_i.\controller_i.$procmux$7331.
    dead port 1/2 on $mux $flatten\id_stage_i.\controller_i.$procmux$7328.
    dead port 1/2 on $mux $flatten\id_stage_i.\controller_i.$procmux$7325.
    dead port 1/2 on $mux $flatten\id_stage_i.\controller_i.$procmux$7322.
    dead port 1/2 on $mux $flatten\id_stage_i.\controller_i.$procmux$7319.
    dead port 1/2 on $mux $flatten\id_stage_i.\controller_i.$procmux$7316.
    dead port 1/2 on $mux $flatten\id_stage_i.\controller_i.$procmux$7313.
    dead port 1/2 on $mux $flatten\id_stage_i.\controller_i.$procmux$7310.
    dead port 1/2 on $mux $flatten\id_stage_i.\controller_i.$procmux$7307.
    dead port 1/2 on $mux $flatten\id_stage_i.\controller_i.$procmux$7304.
    dead port 1/2 on $mux $flatten\id_stage_i.\controller_i.$procmux$7301.
    dead port 1/2 on $mux $flatten\id_stage_i.\controller_i.$procmux$7294.
    dead port 1/2 on $mux $flatten\id_stage_i.\controller_i.$procmux$7291.
    dead port 1/2 on $mux $flatten\id_stage_i.\controller_i.$procmux$7288.
    dead port 1/2 on $mux $flatten\id_stage_i.\controller_i.$procmux$7285.
    dead port 1/2 on $mux $flatten\id_stage_i.\controller_i.$procmux$7282.
    dead port 1/2 on $mux $flatten\id_stage_i.\controller_i.$procmux$7279.
    dead port 1/2 on $mux $flatten\id_stage_i.\controller_i.$procmux$7276.
    dead port 1/2 on $mux $flatten\id_stage_i.\controller_i.$procmux$7273.
    dead port 1/2 on $mux $flatten\id_stage_i.\controller_i.$procmux$7270.
    dead port 1/2 on $mux $flatten\id_stage_i.\controller_i.$procmux$7267.
    dead port 1/2 on $mux $flatten\id_stage_i.\controller_i.$procmux$7264.
    dead port 1/2 on $mux $flatten\id_stage_i.\controller_i.$procmux$7261.
    dead port 1/2 on $mux $flatten\id_stage_i.\controller_i.$procmux$7254.
    dead port 1/2 on $mux $flatten\id_stage_i.\controller_i.$procmux$7251.
    dead port 1/2 on $mux $flatten\id_stage_i.\controller_i.$procmux$7248.
    dead port 1/2 on $mux $flatten\id_stage_i.\controller_i.$procmux$7245.
    dead port 1/2 on $mux $flatten\id_stage_i.\controller_i.$procmux$7242.
    dead port 1/2 on $mux $flatten\id_stage_i.\controller_i.$procmux$7239.
    dead port 1/2 on $mux $flatten\id_stage_i.\controller_i.$procmux$7236.
    dead port 1/2 on $mux $flatten\id_stage_i.\controller_i.$procmux$7233.
    dead port 1/2 on $mux $flatten\id_stage_i.\controller_i.$procmux$7230.
    dead port 1/2 on $mux $flatten\id_stage_i.\controller_i.$procmux$7227.
    dead port 1/2 on $mux $flatten\id_stage_i.\controller_i.$procmux$7224.
    dead port 1/2 on $mux $flatten\id_stage_i.\controller_i.$procmux$7221.
    dead port 1/2 on $mux $flatten\id_stage_i.\controller_i.$procmux$7218.
    dead port 2/2 on $mux $flatten\id_stage_i.\controller_i.$procmux$6999.
    dead port 2/2 on $mux $flatten\id_stage_i.\controller_i.$procmux$6987.
    dead port 2/2 on $mux $flatten\id_stage_i.\controller_i.$procmux$6975.
    dead port 2/2 on $mux $flatten\id_stage_i.\controller_i.$procmux$6965.
    dead port 2/2 on $mux $flatten\id_stage_i.\controller_i.$procmux$6954.
    dead port 2/2 on $mux $flatten\id_stage_i.\controller_i.$procmux$6943.
    dead port 2/2 on $mux $flatten\id_stage_i.\controller_i.$procmux$6932.
    dead port 2/2 on $mux $flatten\id_stage_i.\controller_i.$procmux$6921.
    dead port 2/2 on $mux $flatten\id_stage_i.\controller_i.$procmux$6911.
    dead port 2/2 on $mux $flatten\id_stage_i.\controller_i.$procmux$6901.
    dead port 2/2 on $mux $flatten\id_stage_i.\controller_i.$procmux$6899.
    dead port 2/2 on $mux $flatten\id_stage_i.\controller_i.$procmux$6890.
    dead port 2/2 on $mux $flatten\cs_registers_i.$procmux$9405.
    dead port 2/2 on $mux $flatten\cs_registers_i.$procmux$9411.
    dead port 2/2 on $mux $flatten\cs_registers_i.$procmux$9417.
    dead port 2/2 on $mux $flatten\id_stage_i.\controller_i.$procmux$6857.
    dead port 1/2 on $mux $flatten\id_stage_i.\controller_i.$procmux$6855.
    dead port 2/2 on $mux $flatten\cs_registers_i.$procmux$9423.
    dead port 2/2 on $mux $flatten\cs_registers_i.$procmux$9429.
    dead port 1/2 on $mux $flatten\cs_registers_i.$procmux$9437.
    dead port 2/2 on $mux $flatten\id_stage_i.\controller_i.$procmux$6824.
    dead port 2/2 on $mux $flatten\cs_registers_i.$procmux$9439.
    dead port 2/2 on $mux $flatten\id_stage_i.\controller_i.$procmux$6814.
    dead port 2/2 on $mux $flatten\id_stage_i.\controller_i.$procmux$6804.
    dead port 1/2 on $mux $flatten\cs_registers_i.$procmux$9447.
    dead port 2/2 on $mux $flatten\id_stage_i.\controller_i.$procmux$6793.
    dead port 2/2 on $mux $flatten\id_stage_i.\controller_i.$procmux$6782.
    dead port 2/2 on $mux $flatten\id_stage_i.\controller_i.$procmux$6780.
    dead port 2/2 on $mux $flatten\id_stage_i.\controller_i.$procmux$6769.
    dead port 2/2 on $mux $flatten\id_stage_i.\controller_i.$procmux$6767.
    dead port 2/2 on $mux $flatten\id_stage_i.\controller_i.$procmux$6756.
    dead port 2/2 on $mux $flatten\id_stage_i.\controller_i.$procmux$6754.
    dead port 1/2 on $mux $flatten\id_stage_i.\controller_i.$procmux$6752.
    dead port 2/2 on $mux $flatten\id_stage_i.\controller_i.$procmux$6742.
    dead port 2/2 on $mux $flatten\cs_registers_i.$procmux$9449.
    dead port 2/2 on $mux $flatten\id_stage_i.\controller_i.$procmux$6740.
    dead port 1/2 on $mux $flatten\id_stage_i.\controller_i.$procmux$6738.
    dead port 2/2 on $mux $flatten\id_stage_i.\controller_i.$procmux$6728.
    dead port 2/2 on $mux $flatten\id_stage_i.\controller_i.$procmux$6719.
    dead port 2/2 on $mux $flatten\id_stage_i.\controller_i.$procmux$6710.
    dead port 2/2 on $mux $flatten\id_stage_i.\controller_i.$procmux$6701.
    dead port 2/2 on $mux $flatten\id_stage_i.\controller_i.$procmux$6692.
    dead port 2/2 on $mux $flatten\id_stage_i.\controller_i.$procmux$6683.
    dead port 1/2 on $mux $flatten\cs_registers_i.$procmux$9457.
    dead port 2/2 on $mux $flatten\id_stage_i.\controller_i.$procmux$6674.
    dead port 2/2 on $mux $flatten\id_stage_i.\controller_i.$procmux$6672.
    dead port 2/2 on $mux $flatten\id_stage_i.\controller_i.$procmux$6663.
    dead port 2/2 on $mux $flatten\id_stage_i.\controller_i.$procmux$6661.
    dead port 2/2 on $mux $flatten\id_stage_i.\controller_i.$procmux$6651.
    dead port 2/2 on $mux $flatten\id_stage_i.\controller_i.$procmux$6649.
    dead port 1/2 on $mux $flatten\id_stage_i.\controller_i.$procmux$6647.
    dead port 2/2 on $mux $flatten\id_stage_i.\controller_i.$procmux$6636.
    dead port 2/2 on $mux $flatten\cs_registers_i.$procmux$9459.
    dead port 2/2 on $mux $flatten\id_stage_i.\controller_i.$procmux$6634.
    dead port 1/2 on $mux $flatten\id_stage_i.\controller_i.$procmux$6632.
    dead port 1/2 on $mux $flatten\id_stage_i.\controller_i.$procmux$6629.
    dead port 2/2 on $mux $flatten\id_stage_i.\controller_i.$procmux$6618.
    dead port 2/2 on $mux $flatten\id_stage_i.\controller_i.$procmux$6616.
    dead port 1/2 on $mux $flatten\id_stage_i.\controller_i.$procmux$6614.
    dead port 1/2 on $mux $flatten\id_stage_i.\controller_i.$procmux$6611.
    dead port 1/2 on $mux $flatten\id_stage_i.\controller_i.$procmux$6608.
    dead port 2/2 on $mux $flatten\id_stage_i.\controller_i.$procmux$6598.
    dead port 2/2 on $mux $flatten\id_stage_i.\controller_i.$procmux$6590.
    dead port 1/2 on $mux $flatten\cs_registers_i.$procmux$9467.
    dead port 2/2 on $mux $flatten\id_stage_i.\controller_i.$procmux$6582.
    dead port 2/2 on $mux $flatten\id_stage_i.\controller_i.$procmux$6574.
    dead port 2/2 on $mux $flatten\id_stage_i.\controller_i.$procmux$6566.
    dead port 2/2 on $mux $flatten\id_stage_i.\controller_i.$procmux$6558.
    dead port 2/2 on $mux $flatten\id_stage_i.\controller_i.$procmux$6550.
    dead port 2/2 on $mux $flatten\id_stage_i.\controller_i.$procmux$6542.
    dead port 2/2 on $mux $flatten\id_stage_i.\controller_i.$procmux$6534.
    dead port 2/2 on $mux $flatten\cs_registers_i.$procmux$9469.
    dead port 2/2 on $mux $flatten\id_stage_i.\controller_i.$procmux$6532.
    dead port 2/2 on $mux $flatten\id_stage_i.\controller_i.$procmux$6523.
    dead port 2/2 on $mux $flatten\id_stage_i.\controller_i.$procmux$6521.
    dead port 2/2 on $mux $flatten\id_stage_i.\controller_i.$procmux$6510.
    dead port 2/2 on $mux $flatten\id_stage_i.\controller_i.$procmux$6505.
    dead port 1/2 on $mux $flatten\cs_registers_i.$procmux$9477.
    dead port 2/2 on $mux $flatten\cs_registers_i.$procmux$9479.
    dead port 2/2 on $mux $flatten\id_stage_i.\controller_i.$procmux$6493.
    dead port 2/2 on $mux $flatten\id_stage_i.\controller_i.$procmux$6487.
    dead port 2/2 on $mux $flatten\id_stage_i.\controller_i.$procmux$6480.
    dead port 2/2 on $mux $flatten\id_stage_i.\controller_i.$procmux$6466.
    dead port 1/2 on $mux $flatten\cs_registers_i.$procmux$9487.
    dead port 2/2 on $mux $flatten\id_stage_i.\controller_i.$procmux$6459.
    dead port 2/2 on $mux $flatten\id_stage_i.\controller_i.$procmux$6452.
    dead port 2/2 on $mux $flatten\id_stage_i.\controller_i.$procmux$6445.
    dead port 2/2 on $mux $flatten\cs_registers_i.$procmux$9489.
    dead port 2/2 on $mux $flatten\id_stage_i.\controller_i.$procmux$6438.
    dead port 2/2 on $mux $flatten\id_stage_i.\controller_i.$procmux$6431.
    dead port 1/2 on $mux $flatten\cs_registers_i.$procmux$9497.
    dead port 2/2 on $mux $flatten\id_stage_i.\controller_i.$procmux$6424.
    dead port 2/2 on $mux $flatten\id_stage_i.\controller_i.$procmux$6417.
    dead port 2/2 on $mux $flatten\cs_registers_i.$procmux$9499.
    dead port 2/2 on $mux $flatten\id_stage_i.\controller_i.$procmux$6415.
    dead port 1/2 on $mux $flatten\id_stage_i.\controller_i.$procmux$7646.
    dead port 2/2 on $mux $flatten\id_stage_i.\controller_i.$procmux$6405.
    dead port 2/2 on $mux $flatten\id_stage_i.\controller_i.$procmux$6403.
    dead port 1/2 on $mux $flatten\id_stage_i.\controller_i.$procmux$7653.
    dead port 2/2 on $mux $flatten\id_stage_i.\controller_i.$procmux$6393.
    dead port 1/2 on $mux $flatten\cs_registers_i.$procmux$9507.
    dead port 2/2 on $mux $flatten\id_stage_i.\controller_i.$procmux$6391.
    dead port 1/2 on $mux $flatten\id_stage_i.\controller_i.$procmux$7662.
    dead port 1/2 on $mux $flatten\id_stage_i.\controller_i.$procmux$7665.
    dead port 1/2 on $mux $flatten\id_stage_i.\controller_i.$procmux$7672.
    dead port 2/2 on $mux $flatten\cs_registers_i.$procmux$9509.
    dead port 2/2 on $mux $flatten\id_stage_i.\controller_i.$procmux$6366.
    dead port 1/2 on $mux $flatten\cs_registers_i.$procmux$9517.
    dead port 2/2 on $mux $flatten\id_stage_i.\controller_i.$procmux$6364.
    dead port 2/2 on $mux $flatten\id_stage_i.\controller_i.$procmux$6354.
    dead port 2/2 on $mux $flatten\id_stage_i.\controller_i.$procmux$6352.
    dead port 1/2 on $mux $flatten\id_stage_i.\controller_i.$procmux$7699.
    dead port 2/2 on $mux $flatten\id_stage_i.\controller_i.$procmux$6342.
    dead port 2/2 on $mux $flatten\cs_registers_i.$procmux$9519.
    dead port 2/2 on $mux $flatten\id_stage_i.\controller_i.$procmux$6340.
    dead port 2/2 on $mux $flatten\id_stage_i.\controller_i.$procmux$6330.
    dead port 2/2 on $mux $flatten\id_stage_i.\controller_i.$procmux$6328.
    dead port 2/2 on $mux $flatten\id_stage_i.\controller_i.$procmux$6318.
    dead port 2/2 on $mux $flatten\id_stage_i.\controller_i.$procmux$6316.
    dead port 2/2 on $mux $flatten\id_stage_i.\controller_i.$procmux$6314.
    dead port 2/2 on $mux $flatten\id_stage_i.\controller_i.$procmux$6304.
    dead port 2/2 on $mux $flatten\cs_registers_i.$procmux$9529.
    dead port 2/2 on $mux $flatten\id_stage_i.\controller_i.$procmux$6302.
    dead port 2/2 on $mux $flatten\id_stage_i.\controller_i.$procmux$6300.
    dead port 1/2 on $mux $flatten\id_stage_i.\controller_i.$procmux$7656.
    dead port 2/2 on $mux $flatten\id_stage_i.\controller_i.$procmux$6290.
    dead port 2/2 on $mux $flatten\id_stage_i.\controller_i.$procmux$6288.
    dead port 2/2 on $mux $flatten\id_stage_i.\controller_i.$procmux$6286.
    dead port 1/2 on $mux $flatten\id_stage_i.\controller_i.$procmux$7679.
    dead port 2/2 on $mux $flatten\cs_registers_i.$procmux$9538.
    dead port 1/2 on $mux $flatten\id_stage_i.\controller_i.$procmux$7686.
    dead port 2/2 on $mux $flatten\id_stage_i.\controller_i.$procmux$6263.
    dead port 2/2 on $mux $flatten\cs_registers_i.$procmux$9547.
    dead port 2/2 on $mux $flatten\id_stage_i.\controller_i.$procmux$6261.
    dead port 2/2 on $mux $flatten\id_stage_i.\controller_i.$procmux$6259.
    dead port 1/2 on $mux $flatten\id_stage_i.\controller_i.$procmux$7693.
    dead port 2/2 on $mux $flatten\id_stage_i.\controller_i.$procmux$6249.
    dead port 2/2 on $mux $flatten\id_stage_i.\controller_i.$procmux$6247.
    dead port 2/2 on $mux $flatten\id_stage_i.\controller_i.$procmux$6245.
    dead port 2/2 on $mux $flatten\id_stage_i.\controller_i.$procmux$6235.
    dead port 2/2 on $mux $flatten\id_stage_i.\controller_i.$procmux$6233.
    dead port 2/2 on $mux $flatten\id_stage_i.\controller_i.$procmux$6231.
    dead port 2/2 on $mux $flatten\id_stage_i.\controller_i.$procmux$6221.
    dead port 2/2 on $mux $flatten\cs_registers_i.$procmux$9556.
    dead port 2/2 on $mux $flatten\id_stage_i.\controller_i.$procmux$6213.
    dead port 2/2 on $mux $flatten\id_stage_i.\controller_i.$procmux$6205.
    dead port 2/2 on $mux $flatten\id_stage_i.\controller_i.$procmux$6197.
    dead port 2/2 on $mux $flatten\cs_registers_i.$procmux$9565.
    dead port 2/2 on $mux $flatten\id_stage_i.\controller_i.$procmux$6189.
    dead port 1/2 on $mux $flatten\id_stage_i.\controller_i.$procmux$6187.
    dead port 2/2 on $mux $flatten\id_stage_i.\controller_i.$procmux$6179.
    dead port 1/2 on $mux $flatten\id_stage_i.\controller_i.$procmux$6177.
    dead port 2/2 on $mux $flatten\id_stage_i.\controller_i.$procmux$6169.
    dead port 2/2 on $mux $flatten\cs_registers_i.$procmux$9574.
    dead port 1/2 on $mux $flatten\id_stage_i.\controller_i.$procmux$6167.
    dead port 2/2 on $mux $flatten\id_stage_i.\controller_i.$procmux$6159.
    dead port 1/2 on $mux $flatten\id_stage_i.\controller_i.$procmux$6157.
    dead port 2/2 on $mux $flatten\id_stage_i.\controller_i.$procmux$6149.
    dead port 1/2 on $mux $flatten\id_stage_i.\controller_i.$procmux$6147.
    dead port 2/2 on $mux $flatten\id_stage_i.\controller_i.$procmux$6139.
    dead port 2/2 on $mux $flatten\cs_registers_i.$procmux$9584.
    dead port 1/2 on $mux $flatten\id_stage_i.\controller_i.$procmux$6137.
    dead port 2/2 on $mux $flatten\id_stage_i.\controller_i.$procmux$6134.
    dead port 2/2 on $mux $flatten\id_stage_i.\controller_i.$procmux$6128.
    dead port 1/2 on $mux $flatten\id_stage_i.\controller_i.$procmux$6126.
    dead port 2/2 on $mux $flatten\id_stage_i.\controller_i.$procmux$6117.
    dead port 1/2 on $mux $flatten\id_stage_i.\controller_i.$procmux$6115.
    dead port 2/2 on $mux $flatten\id_stage_i.\controller_i.$procmux$6106.
    dead port 1/2 on $mux $flatten\id_stage_i.\controller_i.$procmux$6104.
    dead port 2/2 on $mux $flatten\id_stage_i.\controller_i.$procmux$6095.
    dead port 1/2 on $mux $flatten\id_stage_i.\controller_i.$procmux$6093.
    dead port 1/2 on $mux $flatten\id_stage_i.\controller_i.$procmux$6090.
    dead port 2/2 on $mux $flatten\id_stage_i.\controller_i.$procmux$6083.
    dead port 2/2 on $mux $flatten\cs_registers_i.$procmux$9594.
    dead port 1/2 on $mux $flatten\id_stage_i.\controller_i.$procmux$6081.
    dead port 1/2 on $mux $flatten\id_stage_i.\controller_i.$procmux$6078.
    dead port 2/2 on $mux $flatten\id_stage_i.\controller_i.$procmux$6071.
    dead port 1/2 on $mux $flatten\id_stage_i.\controller_i.$procmux$6069.
    dead port 1/2 on $mux $flatten\id_stage_i.\controller_i.$procmux$6066.
    dead port 2/2 on $mux $flatten\id_stage_i.\controller_i.$procmux$6059.
    dead port 1/2 on $mux $flatten\id_stage_i.\controller_i.$procmux$6057.
    dead port 1/2 on $mux $flatten\id_stage_i.\controller_i.$procmux$6054.
    dead port 2/2 on $mux $flatten\id_stage_i.\controller_i.$procmux$6047.
    dead port 1/2 on $mux $flatten\id_stage_i.\controller_i.$procmux$6045.
    dead port 1/2 on $mux $flatten\id_stage_i.\controller_i.$procmux$6042.
    dead port 2/2 on $mux $flatten\id_stage_i.\controller_i.$procmux$6034.
    dead port 1/2 on $mux $flatten\id_stage_i.\controller_i.$procmux$6032.
    dead port 1/2 on $mux $flatten\id_stage_i.\controller_i.$procmux$6029.
    dead port 2/2 on $mux $flatten\id_stage_i.\controller_i.$procmux$6022.
    dead port 1/2 on $mux $flatten\id_stage_i.\controller_i.$procmux$6020.
    dead port 1/2 on $mux $flatten\id_stage_i.\controller_i.$procmux$6017.
    dead port 1/2 on $mux $flatten\id_stage_i.\controller_i.$procmux$6014.
    dead port 2/2 on $mux $flatten\id_stage_i.\controller_i.$procmux$6006.
    dead port 1/2 on $mux $flatten\id_stage_i.\controller_i.$procmux$6004.
    dead port 1/2 on $mux $flatten\id_stage_i.\controller_i.$procmux$6001.
    dead port 1/2 on $mux $flatten\id_stage_i.\controller_i.$procmux$5998.
    dead port 1/2 on $mux $flatten\id_stage_i.\controller_i.$procmux$5995.
    dead port 2/2 on $mux $flatten\id_stage_i.\controller_i.$procmux$5989.
    dead port 1/2 on $mux $flatten\id_stage_i.\controller_i.$procmux$7643.
    dead port 2/2 on $mux $flatten\cs_registers_i.$procmux$9604.
    dead port 2/2 on $mux $flatten\cs_registers_i.$procmux$9935.
    dead port 2/2 on $mux $flatten\cs_registers_i.$procmux$9951.
    dead port 2/2 on $mux $flatten\cs_registers_i.$procmux$9614.
    dead port 2/2 on $mux $flatten\cs_registers_i.$procmux$9968.
    dead port 2/2 on $mux $flatten\cs_registers_i.$procmux$9624.
    dead port 2/2 on $mux $flatten\cs_registers_i.$procmux$9986.
    dead port 2/2 on $mux $flatten\cs_registers_i.$procmux$10006.
    dead port 2/2 on $mux $flatten\cs_registers_i.$procmux$10026.
    dead port 2/2 on $mux $flatten\cs_registers_i.$procmux$9634.
    dead port 2/2 on $mux $flatten\cs_registers_i.$procmux$9644.
    dead port 2/2 on $mux $flatten\cs_registers_i.$procmux$9654.
    dead port 1/3 on $pmux $flatten\cs_registers_i.$procmux$9660.
    dead port 2/2 on $mux $flatten\cs_registers_i.$procmux$9663.
    dead port 2/2 on $mux $flatten\load_store_unit_i.$procmux$10231.
    dead port 2/2 on $mux $flatten\load_store_unit_i.$procmux$10236.
    dead port 2/2 on $mux $flatten\load_store_unit_i.$procmux$10241.
    dead port 2/2 on $mux $flatten\ex_block_i.\gen_multdiv_fast.multdiv_i.$procmux$5861.
    dead port 2/2 on $mux $flatten\ex_block_i.\gen_multdiv_fast.multdiv_i.$procmux$5854.
    dead port 2/2 on $mux $flatten\load_store_unit_i.$procmux$10246.
    dead port 2/2 on $mux $flatten\ex_block_i.\gen_multdiv_fast.multdiv_i.$procmux$5848.
    dead port 2/2 on $mux $flatten\ex_block_i.\gen_multdiv_fast.multdiv_i.$procmux$5842.
    dead port 2/2 on $mux $flatten\ex_block_i.\gen_multdiv_fast.multdiv_i.$procmux$5836.
    dead port 2/2 on $mux $flatten\load_store_unit_i.$procmux$10251.
    dead port 2/2 on $mux $flatten\if_stage_i.\gen_prefetch_buffer.prefetch_buffer_i.\fifo_i.$procmux$5622.
    dead port 2/2 on $mux $flatten\ex_block_i.\gen_multdiv_fast.multdiv_i.$procmux$5830.
    dead port 2/2 on $mux $flatten\load_store_unit_i.$procmux$10257.
    dead port 2/2 on $mux $flatten\load_store_unit_i.$procmux$10263.
    dead port 2/2 on $mux $flatten\load_store_unit_i.$procmux$10269.
    dead port 2/2 on $mux $flatten\load_store_unit_i.$procmux$10275.
    dead port 1/2 on $mux $flatten\load_store_unit_i.$procmux$10283.
    dead port 2/2 on $mux $flatten\load_store_unit_i.$procmux$10285.
    dead port 2/2 on $mux $flatten\ex_block_i.\gen_multdiv_fast.multdiv_i.$procmux$5739.
    dead port 1/2 on $mux $flatten\load_store_unit_i.$procmux$10293.
    dead port 2/2 on $mux $flatten\ex_block_i.\gen_multdiv_fast.multdiv_i.$procmux$5727.
    dead port 2/2 on $mux $flatten\ex_block_i.\gen_multdiv_fast.multdiv_i.$procmux$5715.
    dead port 2/2 on $mux $flatten\if_stage_i.\compressed_decoder_i.$procmux$9371.
    dead port 2/2 on $mux $flatten\load_store_unit_i.$procmux$10295.
    dead port 2/2 on $mux $flatten\if_stage_i.\compressed_decoder_i.$procmux$9360.
    dead port 2/2 on $mux $flatten\if_stage_i.\compressed_decoder_i.$procmux$9351.
    dead port 2/2 on $mux $flatten\if_stage_i.\compressed_decoder_i.$procmux$9349.
    dead port 2/2 on $mux $flatten\load_store_unit_i.$procmux$10304.
    dead port 2/2 on $mux $flatten\if_stage_i.\compressed_decoder_i.$procmux$9339.
    dead port 2/2 on $mux $flatten\if_stage_i.\compressed_decoder_i.$procmux$9329.
    dead port 2/2 on $mux $flatten\load_store_unit_i.$procmux$10313.
    dead port 2/2 on $mux $flatten\ex_block_i.\gen_multdiv_fast.multdiv_i.$procmux$5691.
    dead port 2/2 on $mux $flatten\ex_block_i.\gen_multdiv_fast.multdiv_i.$procmux$5683.
    dead port 2/2 on $mux $flatten\if_stage_i.\compressed_decoder_i.$procmux$9316.
    dead port 2/2 on $mux $flatten\if_stage_i.\compressed_decoder_i.$procmux$9314.
    dead port 2/2 on $mux $flatten\if_stage_i.\compressed_decoder_i.$procmux$9306.
    dead port 2/2 on $mux $flatten\if_stage_i.\compressed_decoder_i.$procmux$9304.
    dead port 2/2 on $mux $flatten\if_stage_i.\compressed_decoder_i.$procmux$9295.
    dead port 2/2 on $mux $flatten\if_stage_i.\compressed_decoder_i.$procmux$9293.
    dead port 2/2 on $mux $flatten\if_stage_i.\compressed_decoder_i.$procmux$9283.
    dead port 2/2 on $mux $flatten\if_stage_i.\compressed_decoder_i.$procmux$9281.
    dead port 2/2 on $mux $flatten\load_store_unit_i.$procmux$10321.
    dead port 2/2 on $mux $flatten\if_stage_i.\compressed_decoder_i.$procmux$9279.
    dead port 2/2 on $mux $flatten\if_stage_i.\compressed_decoder_i.$procmux$9270.
    dead port 2/2 on $mux $flatten\if_stage_i.\compressed_decoder_i.$procmux$9268.
    dead port 2/2 on $mux $flatten\if_stage_i.\compressed_decoder_i.$procmux$9257.
    dead port 2/2 on $mux $flatten\if_stage_i.\compressed_decoder_i.$procmux$9255.
    dead port 2/2 on $mux $flatten\if_stage_i.\compressed_decoder_i.$procmux$9253.
    dead port 2/2 on $mux $flatten\if_stage_i.\compressed_decoder_i.$procmux$9242.
    dead port 2/2 on $mux $flatten\if_stage_i.\compressed_decoder_i.$procmux$9240.
    dead port 2/2 on $mux $flatten\if_stage_i.\compressed_decoder_i.$procmux$9238.
    dead port 2/2 on $mux $flatten\if_stage_i.\compressed_decoder_i.$procmux$9231.
    dead port 2/2 on $mux $flatten\load_store_unit_i.$procmux$10329.
    dead port 2/2 on $mux $flatten\if_stage_i.\compressed_decoder_i.$procmux$9219.
    dead port 2/2 on $mux $flatten\if_stage_i.\compressed_decoder_i.$procmux$9208.
    dead port 2/2 on $mux $flatten\if_stage_i.\compressed_decoder_i.$procmux$9206.
    dead port 2/2 on $mux $flatten\if_stage_i.\compressed_decoder_i.$procmux$9197.
    dead port 2/2 on $mux $flatten\if_stage_i.\compressed_decoder_i.$procmux$9195.
    dead port 2/2 on $mux $flatten\if_stage_i.\compressed_decoder_i.$procmux$9187.
    dead port 2/2 on $mux $flatten\load_store_unit_i.$procmux$10337.
    dead port 2/2 on $mux $flatten\if_stage_i.\compressed_decoder_i.$procmux$9185.
    dead port 2/2 on $mux $flatten\if_stage_i.\compressed_decoder_i.$procmux$9176.
    dead port 2/2 on $mux $flatten\if_stage_i.\compressed_decoder_i.$procmux$9174.
    dead port 1/2 on $mux $flatten\if_stage_i.\compressed_decoder_i.$procmux$9172.
    dead port 2/2 on $mux $flatten\if_stage_i.\compressed_decoder_i.$procmux$9162.
    dead port 2/2 on $mux $flatten\if_stage_i.\compressed_decoder_i.$procmux$9160.
    dead port 1/2 on $mux $flatten\if_stage_i.\compressed_decoder_i.$procmux$9158.
    dead port 2/2 on $mux $flatten\if_stage_i.\compressed_decoder_i.$procmux$9148.
    dead port 2/2 on $mux $flatten\if_stage_i.\compressed_decoder_i.$procmux$9146.
    dead port 1/2 on $mux $flatten\if_stage_i.\compressed_decoder_i.$procmux$9144.
    dead port 1/2 on $mux $flatten\if_stage_i.\compressed_decoder_i.$procmux$9142.
    dead port 2/2 on $mux $flatten\if_stage_i.\compressed_decoder_i.$procmux$9133.
    dead port 2/2 on $mux $flatten\if_stage_i.\compressed_decoder_i.$procmux$9131.
    dead port 2/2 on $mux $flatten\if_stage_i.\compressed_decoder_i.$procmux$9121.
    dead port 2/2 on $mux $flatten\if_stage_i.\compressed_decoder_i.$procmux$9119.
    dead port 2/2 on $mux $flatten\if_stage_i.\compressed_decoder_i.$procmux$9117.
    dead port 2/2 on $mux $flatten\if_stage_i.\compressed_decoder_i.$procmux$9107.
    dead port 2/2 on $mux $flatten\if_stage_i.\compressed_decoder_i.$procmux$9105.
    dead port 2/2 on $mux $flatten\if_stage_i.\compressed_decoder_i.$procmux$9103.
    dead port 1/2 on $mux $flatten\if_stage_i.\compressed_decoder_i.$procmux$9100.
    dead port 2/2 on $mux $flatten\load_store_unit_i.$procmux$10345.
    dead port 2/2 on $mux $flatten\load_store_unit_i.$procmux$10353.
    dead port 2/2 on $mux $flatten\cs_registers_i.$procmux$9788.
    dead port 2/2 on $mux $flatten\cs_registers_i.$procmux$9790.
    dead port 2/2 on $mux $flatten\cs_registers_i.$procmux$9809.
    dead port 2/2 on $mux $flatten\cs_registers_i.$procmux$9811.
Removed 633 multiplexer ports.
<suppressed ~3435 debug messages>

6.8.4. Executing OPT_REDUCE pass (consolidate $*mux and $reduce_* inputs).
  Optimizing cells in module \ibex_core.
    New ctrl vector for $pmux cell $flatten\id_stage_i.\decoder_i.$procmux$8265: $auto$opt_reduce.cc:137:opt_pmux$11171
    New ctrl vector for $pmux cell $flatten\id_stage_i.\decoder_i.$procmux$8207: { $flatten\id_stage_i.\decoder_i.$procmux$8210_CMP $auto$opt_reduce.cc:137:opt_pmux$11173 $flatten\id_stage_i.\decoder_i.$procmux$8215_CMP $flatten\id_stage_i.\decoder_i.$procmux$8217_CMP $flatten\id_stage_i.\decoder_i.$procmux$8219_CMP $flatten\id_stage_i.\decoder_i.$procmux$8221_CMP }
    New ctrl vector for $pmux cell $flatten\id_stage_i.\decoder_i.$procmux$8188: { $flatten\id_stage_i.\decoder_i.$procmux$8210_CMP $flatten\id_stage_i.\decoder_i.$procmux$8191_CMP $flatten\id_stage_i.\decoder_i.$procmux$8193_CMP $auto$opt_reduce.cc:137:opt_pmux$11175 $flatten\id_stage_i.\decoder_i.$procmux$8217_CMP }
    New ctrl vector for $pmux cell $flatten\id_stage_i.\decoder_i.$procmux$8167: { $flatten\id_stage_i.\decoder_i.$procmux$8225_CMP $flatten\id_stage_i.\decoder_i.$procmux$8210_CMP $auto$opt_reduce.cc:137:opt_pmux$11179 $auto$opt_reduce.cc:137:opt_pmux$11177 $flatten\id_stage_i.\decoder_i.$procmux$8217_CMP $flatten\id_stage_i.\decoder_i.$procmux$8219_CMP }
    New ctrl vector for $pmux cell $flatten\id_stage_i.\decoder_i.$procmux$8150: { $flatten\id_stage_i.\decoder_i.$procmux$8191_CMP $flatten\id_stage_i.\decoder_i.$procmux$8215_CMP $flatten\id_stage_i.\decoder_i.$procmux$8217_CMP }
    New ctrl vector for $pmux cell $flatten\cs_registers_i.$procmux$9393: { $auto$opt_reduce.cc:137:opt_pmux$11181 $flatten\cs_registers_i.$procmux$9395_CMP $flatten\cs_registers_i.$procmux$9396_CMP }
    New ctrl vector for $pmux cell $flatten\id_stage_i.\decoder_i.$procmux$7825: { $auto$opt_reduce.cc:137:opt_pmux$11183 $flatten\id_stage_i.\decoder_i.$procmux$7834_CMP $flatten\id_stage_i.\decoder_i.$procmux$7835_CMP $flatten\id_stage_i.\decoder_i.$procmux$7836_CMP $flatten\id_stage_i.\decoder_i.$procmux$7837_CMP $flatten\id_stage_i.\decoder_i.$procmux$7838_CMP $flatten\id_stage_i.\decoder_i.$procmux$7839_CMP $flatten\id_stage_i.\decoder_i.$procmux$7840_CMP $flatten\id_stage_i.\decoder_i.$procmux$7841_CMP }
    New ctrl vector for $pmux cell $flatten\id_stage_i.$procmux$10893: { $auto$opt_reduce.cc:137:opt_pmux$11185 \id_stage_i.branch_in_dec \id_stage_i.multdiv_en_dec }
    New ctrl vector for $pmux cell $flatten\id_stage_i.\decoder_i.$procmux$7811: $auto$opt_reduce.cc:137:opt_pmux$11187
    New ctrl vector for $pmux cell $flatten\id_stage_i.\decoder_i.$procmux$7793: $auto$opt_reduce.cc:137:opt_pmux$11189
    New ctrl vector for $pmux cell $flatten\id_stage_i.\decoder_i.$procmux$7777: $auto$opt_reduce.cc:137:opt_pmux$11191
    New ctrl vector for $pmux cell $flatten\id_stage_i.\decoder_i.$procmux$9007: $auto$opt_reduce.cc:137:opt_pmux$11193
    New ctrl vector for $pmux cell $flatten\id_stage_i.\decoder_i.$procmux$8960: { $flatten\id_stage_i.\decoder_i.$procmux$9066_CMP $auto$opt_reduce.cc:137:opt_pmux$11195 }
    New ctrl vector for $pmux cell $flatten\id_stage_i.\controller_i.$procmux$7186: $auto$opt_reduce.cc:137:opt_pmux$11197
    New ctrl vector for $pmux cell $flatten\id_stage_i.\controller_i.$procmux$7173: { $flatten\id_stage_i.\controller_i.$procmux$7187_CMP $auto$opt_reduce.cc:137:opt_pmux$11199 $flatten\id_stage_i.\controller_i.$procmux$7189_CMP $flatten\id_stage_i.\controller_i.$procmux$7190_CMP $flatten\id_stage_i.\controller_i.$procmux$7202_CMP }
    New ctrl vector for $pmux cell $flatten\id_stage_i.\controller_i.$procmux$7159: { $flatten\id_stage_i.\controller_i.$procmux$7187_CMP $auto$opt_reduce.cc:137:opt_pmux$11201 $flatten\id_stage_i.\controller_i.$procmux$7189_CMP $flatten\id_stage_i.\controller_i.$procmux$7190_CMP $flatten\id_stage_i.\controller_i.$procmux$7202_CMP }
    New ctrl vector for $pmux cell $flatten\id_stage_i.\controller_i.$procmux$7147: { $flatten\id_stage_i.\controller_i.$procmux$7187_CMP $auto$opt_reduce.cc:137:opt_pmux$11203 $flatten\id_stage_i.\controller_i.$procmux$7202_CMP }
    New ctrl vector for $pmux cell $flatten\id_stage_i.\controller_i.$procmux$7138: { $flatten\id_stage_i.\controller_i.$procmux$7187_CMP $auto$opt_reduce.cc:137:opt_pmux$11205 }
    New ctrl vector for $pmux cell $flatten\id_stage_i.\controller_i.$procmux$7126: $flatten\id_stage_i.\controller_i.$procmux$7189_CMP
    New ctrl vector for $pmux cell $flatten\id_stage_i.\controller_i.$procmux$7041: { $auto$opt_reduce.cc:137:opt_pmux$11207 $flatten\id_stage_i.\controller_i.$procmux$7202_CMP $flatten\id_stage_i.\controller_i.$procmux$7192_CMP }
    New ctrl vector for $pmux cell $flatten\id_stage_i.\controller_i.$procmux$7022: { $flatten\id_stage_i.\controller_i.$procmux$7187_CMP $auto$opt_reduce.cc:137:opt_pmux$11209 $flatten\id_stage_i.\controller_i.$procmux$7189_CMP }
    New ctrl vector for $pmux cell $flatten\id_stage_i.\controller_i.$procmux$7003: { $flatten\id_stage_i.\controller_i.$procmux$7187_CMP $auto$opt_reduce.cc:137:opt_pmux$11211 $flatten\id_stage_i.\controller_i.$procmux$7202_CMP $flatten\id_stage_i.\controller_i.$procmux$7192_CMP $flatten\id_stage_i.\controller_i.$procmux$7212_CMP $flatten\id_stage_i.\controller_i.$procmux$7213_CMP $flatten\id_stage_i.\controller_i.$procmux$7194_CMP $flatten\id_stage_i.\controller_i.$procmux$7184_CMP }
    New ctrl vector for $pmux cell $flatten\id_stage_i.\decoder_i.$procmux$8926: { $flatten\id_stage_i.\decoder_i.$procmux$9090_CMP $flatten\id_stage_i.\decoder_i.$procmux$9066_CMP $flatten\id_stage_i.\decoder_i.$procmux$9026_CMP $flatten\id_stage_i.\decoder_i.$procmux$8933_CMP $auto$opt_reduce.cc:137:opt_pmux$11213 $flatten\id_stage_i.\decoder_i.$procmux$9008_CMP $flatten\id_stage_i.\decoder_i.$procmux$9010_CMP $flatten\id_stage_i.\decoder_i.$procmux$8956_CMP $flatten\id_stage_i.\decoder_i.$procmux$9068_CMP }
    New ctrl vector for $pmux cell $flatten\ex_block_i.\alu_i.$procmux$5938: { $flatten\ex_block_i.\alu_i.$procmux$5948_CTRL $flatten\ex_block_i.\alu_i.$procmux$5950_CTRL $flatten\ex_block_i.\alu_i.$procmux$5951_CTRL $flatten\ex_block_i.\alu_i.$procmux$5952_CTRL }
    New ctrl vector for $pmux cell $flatten\id_stage_i.\decoder_i.$procmux$8906: { $flatten\id_stage_i.\decoder_i.$procmux$9090_CMP $auto$opt_reduce.cc:137:opt_pmux$11215 $flatten\id_stage_i.\decoder_i.$procmux$9068_CMP $flatten\id_stage_i.\decoder_i.$procmux$9070_CMP }
    New ctrl vector for $pmux cell $flatten\id_stage_i.\decoder_i.$procmux$8775: $auto$opt_reduce.cc:137:opt_pmux$11217
    New ctrl vector for $pmux cell $flatten\id_stage_i.\decoder_i.$procmux$8744: { $flatten\id_stage_i.\decoder_i.$procmux$8776_CMP $auto$opt_reduce.cc:137:opt_pmux$11219 }
    New ctrl vector for $pmux cell $flatten\id_stage_i.\decoder_i.$procmux$8700: { $flatten\id_stage_i.\decoder_i.$procmux$8701_CMP $flatten\id_stage_i.\decoder_i.$procmux$8704_CMP }
    New ctrl vector for $pmux cell $flatten\id_stage_i.\controller_i.$procmux$6347: { $auto$opt_reduce.cc:137:opt_pmux$11221 \id_stage_i.controller_i.illegal_insn_prio \id_stage_i.controller_i.instr_fetch_err_prio }
    New ctrl vector for $pmux cell $flatten\id_stage_i.\decoder_i.$procmux$8637: $flatten\id_stage_i.\decoder_i.$procmux$8643_CTRL
    New ctrl vector for $pmux cell $flatten\load_store_unit_i.$procmux$10601: { $auto$opt_reduce.cc:137:opt_pmux$11223 $flatten\load_store_unit_i.$procmux$10258_CMP }
    New ctrl vector for $pmux cell $flatten\load_store_unit_i.$procmux$10610: { $auto$opt_reduce.cc:137:opt_pmux$11225 $flatten\load_store_unit_i.$142y }
    New ctrl vector for $pmux cell $flatten\id_stage_i.\decoder_i.$procmux$8540: { $auto$opt_reduce.cc:137:opt_pmux$11231 $auto$opt_reduce.cc:137:opt_pmux$11229 $auto$opt_reduce.cc:137:opt_pmux$11227 }
    New ctrl vector for $pmux cell $flatten\id_stage_i.\decoder_i.$procmux$8526: { $auto$opt_reduce.cc:137:opt_pmux$11233 $flatten\id_stage_i.\decoder_i.$procmux$8546_CMP }
    New ctrl vector for $pmux cell $flatten\id_stage_i.\decoder_i.$procmux$8506: $auto$opt_reduce.cc:137:opt_pmux$11235
    New ctrl vector for $pmux cell $flatten\id_stage_i.\decoder_i.$procmux$8473: $auto$opt_reduce.cc:137:opt_pmux$11237
    New ctrl vector for $pmux cell $flatten\cs_registers_i.$procmux$10080: { $auto$opt_reduce.cc:137:opt_pmux$11241 $auto$opt_reduce.cc:137:opt_pmux$11239 }
    New ctrl vector for $pmux cell $flatten\ex_block_i.\gen_multdiv_fast.multdiv_i.$procmux$5898: { $auto$opt_reduce.cc:137:opt_pmux$11245 $auto$opt_reduce.cc:137:opt_pmux$11243 }
    New ctrl vector for $pmux cell $flatten\ex_block_i.\gen_multdiv_fast.multdiv_i.$procmux$5891: { $auto$opt_reduce.cc:137:opt_pmux$11249 $auto$opt_reduce.cc:137:opt_pmux$11247 }
    New ctrl vector for $pmux cell $flatten\ex_block_i.\gen_multdiv_fast.multdiv_i.$procmux$5884: { $auto$opt_reduce.cc:137:opt_pmux$11251 $flatten\ex_block_i.\gen_multdiv_fast.multdiv_i.$procmux$5919_CMP $flatten\ex_block_i.\gen_multdiv_fast.multdiv_i.$procmux$5910_CMP }
    New ctrl vector for $pmux cell $flatten\ex_block_i.\gen_multdiv_fast.multdiv_i.$procmux$5877: { $auto$opt_reduce.cc:137:opt_pmux$11255 $auto$opt_reduce.cc:137:opt_pmux$11253 }
    New ctrl vector for $pmux cell $flatten\ex_block_i.\gen_multdiv_fast.multdiv_i.$procmux$5870: { $auto$opt_reduce.cc:137:opt_pmux$11259 $auto$opt_reduce.cc:137:opt_pmux$11257 }
    New ctrl vector for $pmux cell $flatten\ex_block_i.\gen_multdiv_fast.multdiv_i.$procmux$5817: $auto$opt_reduce.cc:137:opt_pmux$11261
    New ctrl vector for $pmux cell $flatten\ex_block_i.\gen_multdiv_fast.multdiv_i.$procmux$5803: { $flatten\ex_block_i.\gen_multdiv_fast.multdiv_i.$procmux$5804_CMP $auto$opt_reduce.cc:137:opt_pmux$11263 $flatten\ex_block_i.\gen_multdiv_fast.multdiv_i.$procmux$5809_CMP }
    New ctrl vector for $pmux cell $flatten\ex_block_i.\gen_multdiv_fast.multdiv_i.$procmux$5759: $auto$opt_reduce.cc:137:opt_pmux$11265
    New ctrl vector for $pmux cell $flatten\id_stage_i.\decoder_i.$procmux$8302: $auto$opt_reduce.cc:137:opt_pmux$11267
    New ctrl vector for $pmux cell $flatten\cs_registers_i.$procmux$10123: { $flatten\cs_registers_i.$procmux$9815_CMP $flatten\cs_registers_i.$procmux$9821_CTRL $flatten\cs_registers_i.$procmux$9828_CTRL $flatten\cs_registers_i.$procmux$10085_CTRL $flatten\cs_registers_i.$procmux$10131_CMP $flatten\cs_registers_i.$procmux$10132_CMP $flatten\cs_registers_i.$procmux$10133_CMP $flatten\cs_registers_i.$procmux$10134_CMP $flatten\cs_registers_i.$procmux$10135_CMP $flatten\cs_registers_i.$procmux$10156_CMP $flatten\cs_registers_i.$procmux$10157_CMP $flatten\cs_registers_i.$procmux$10158_CMP $flatten\cs_registers_i.$procmux$10159_CMP $flatten\cs_registers_i.$procmux$10160_CMP $flatten\cs_registers_i.$procmux$10161_CMP $flatten\cs_registers_i.$procmux$10162_CMP $flatten\cs_registers_i.$procmux$10163_CMP $flatten\cs_registers_i.$procmux$10164_CMP $flatten\cs_registers_i.$procmux$10165_CMP }
    New input vector for $reduce_or cell $auto$opt_reduce.cc:131:opt_pmux$11240: { $flatten\cs_registers_i.$procmux$9815_CMP $flatten\cs_registers_i.$procmux$9821_CMP $flatten\cs_registers_i.$procmux$9828_CMP $flatten\cs_registers_i.$procmux$10081_CMP $flatten\cs_registers_i.$procmux$10130_CMP $flatten\cs_registers_i.$procmux$10131_CMP $flatten\cs_registers_i.$procmux$10136_CMP $flatten\cs_registers_i.$procmux$10137_CMP $flatten\cs_registers_i.$procmux$10138_CMP $flatten\cs_registers_i.$procmux$10139_CMP $flatten\cs_registers_i.$procmux$10140_CMP $flatten\cs_registers_i.$procmux$10141_CMP $flatten\cs_registers_i.$procmux$10142_CMP $flatten\cs_registers_i.$procmux$10143_CMP $flatten\cs_registers_i.$procmux$10144_CMP $flatten\cs_registers_i.$procmux$10145_CMP $flatten\cs_registers_i.$procmux$10146_CMP $flatten\cs_registers_i.$procmux$10147_CMP $flatten\cs_registers_i.$procmux$10148_CMP $flatten\cs_registers_i.$procmux$10149_CMP $flatten\cs_registers_i.$procmux$10150_CMP $flatten\cs_registers_i.$procmux$10151_CMP $flatten\cs_registers_i.$procmux$10152_CMP $flatten\cs_registers_i.$procmux$10153_CMP $flatten\cs_registers_i.$procmux$10154_CMP $flatten\cs_registers_i.$procmux$10155_CMP $flatten\cs_registers_i.$procmux$10156_CMP $flatten\cs_registers_i.$procmux$10157_CMP $flatten\cs_registers_i.$procmux$10158_CMP $flatten\cs_registers_i.$procmux$10159_CMP $flatten\cs_registers_i.$procmux$10160_CMP $flatten\cs_registers_i.$procmux$10161_CMP $flatten\cs_registers_i.$procmux$10162_CMP $flatten\cs_registers_i.$procmux$10163_CMP $flatten\cs_registers_i.$procmux$10164_CMP $flatten\cs_registers_i.$procmux$10165_CMP }
    New input vector for $reduce_or cell $auto$opt_reduce.cc:131:opt_pmux$11234: { $flatten\id_stage_i.\decoder_i.$procmux$8547_CMP $flatten\id_stage_i.\decoder_i.$procmux$8546_CMP $flatten\id_stage_i.\decoder_i.$procmux$8545_CMP $flatten\id_stage_i.\decoder_i.$procmux$8544_CMP $flatten\id_stage_i.\decoder_i.$procmux$8543_CMP $flatten\id_stage_i.\decoder_i.$procmux$8542_CMP $flatten\id_stage_i.\decoder_i.$procmux$8541_CMP $flatten\id_stage_i.\decoder_i.$procmux$8515_CMP $flatten\id_stage_i.\decoder_i.$procmux$8514_CMP }
  Optimizing cells in module \ibex_core.
Performed a total of 53 changes.

6.8.5. Executing OPT_MERGE pass (detect identical cells).
Finding identical cells in module `\ibex_core'.
Computing hashes of 1668 cells of `\ibex_core'.
Finding duplicate cells in `\ibex_core'.
Computing hashes of 1625 cells of `\ibex_core'.
Finding duplicate cells in `\ibex_core'.
Computing hashes of 1617 cells of `\ibex_core'.
Finding duplicate cells in `\ibex_core'.
Computing hashes of 1616 cells of `\ibex_core'.
Finding duplicate cells in `\ibex_core'.
<suppressed ~156 debug messages>
Removed a total of 52 cells.

6.8.6. Executing OPT_DFF pass (perform DFF optimizations).
Changing const-value async load to async reset on $driver$core_busy_q ($aldff) from module ibex_core.
Changing const-value async load to async reset on $driver$fetch_enable_q ($aldff) from module ibex_core.
Changing const-value async load to async reset on $flatten\gen_regfile_ff.register_file_i.$driver$rf_reg_q[3] ($aldff) from module ibex_core.
Changing const-value async load to async reset on $flatten\ex_block_i.\gen_multdiv_fast.multdiv_i.$driver$op_numerator_q ($aldff) from module ibex_core.
Changing const-value async load to async reset on $flatten\ex_block_i.\gen_multdiv_fast.multdiv_i.$driver$op_quotient_q ($aldff) from module ibex_core.
Changing const-value async load to async reset on $flatten\ex_block_i.\gen_multdiv_fast.multdiv_i.$driver$div_counter_q ($aldff) from module ibex_core.
Changing const-value async load to async reset on $flatten\ex_block_i.\gen_multdiv_fast.multdiv_i.$driver$div_by_zero_q ($aldff) from module ibex_core.
Changing const-value async load to async reset on $flatten\ex_block_i.\gen_multdiv_fast.multdiv_i.$driver$md_state_q ($aldff) from module ibex_core.
Changing const-value async load to async reset on $flatten\load_store_unit_i.$driver$addr_last_q ($aldff) from module ibex_core.
Changing const-value async load to async reset on $flatten\gen_regfile_ff.register_file_i.$driver$rf_reg_q[4] ($aldff) from module ibex_core.
Changing const-value async load to async reset on $flatten\gen_regfile_ff.register_file_i.$driver$rf_reg_q[29] ($aldff) from module ibex_core.
Changing const-value async load to async reset on $flatten\gen_regfile_ff.register_file_i.$driver$rf_reg_q[17] ($aldff) from module ibex_core.
Changing const-value async load to async reset on $flatten\ex_block_i.\gen_multdiv_fast.multdiv_i.$driver$gen_mult_fast.mult_state_q ($aldff) from module ibex_core.
Changing const-value async load to async reset on $flatten\id_stage_i.$driver$imd_val_q[1] ($aldff) from module ibex_core.
Changing const-value async load to async reset on $flatten\cs_registers_i.\mcycle_counter_i.$driver$counter_q ($aldff) from module ibex_core.
Changing const-value async load to async reset on $flatten\load_store_unit_i.$driver$data_we_q ($aldff) from module ibex_core.
Changing const-value async load to async reset on $flatten\load_store_unit_i.$driver$data_sign_ext_q ($aldff) from module ibex_core.
Changing const-value async load to async reset on $flatten\id_stage_i.$driver$imd_val_q[0] ($aldff) from module ibex_core.
Changing const-value async load to async reset on $flatten\load_store_unit_i.$driver$data_type_q ($aldff) from module ibex_core.
Changing const-value async load to async reset on $flatten\load_store_unit_i.$driver$rdata_offset_q ($aldff) from module ibex_core.
Changing const-value async load to async reset on $flatten\cs_registers_i.\u_mstatus_csr.$driver$rdata_q ($aldff) from module ibex_core.
Changing const-value async load to async reset on $flatten\gen_regfile_ff.register_file_i.$driver$rf_reg_q[28] ($aldff) from module ibex_core.
Changing const-value async load to async reset on $flatten\cs_registers_i.$driver$priv_lvl_q ($aldff) from module ibex_core.
Changing const-value async load to async reset on $flatten\gen_regfile_ff.register_file_i.$driver$rf_reg_q[30] ($aldff) from module ibex_core.
Changing const-value async load to async reset on $flatten\gen_regfile_ff.register_file_i.$driver$rf_reg_q[27] ($aldff) from module ibex_core.
Changing const-value async load to async reset on $flatten\load_store_unit_i.$driver$rdata_q ($aldff) from module ibex_core.
Changing const-value async load to async reset on $flatten\gen_regfile_ff.register_file_i.$driver$rf_reg_q[16] ($aldff) from module ibex_core.
Changing const-value async load to async reset on $flatten\gen_regfile_ff.register_file_i.$driver$rf_reg_q[6] ($aldff) from module ibex_core.
Changing const-value async load to async reset on $flatten\gen_regfile_ff.register_file_i.$driver$rf_reg_q[26] ($aldff) from module ibex_core.
Changing const-value async load to async reset on $flatten\gen_regfile_ff.register_file_i.$driver$rf_reg_q[8] ($aldff) from module ibex_core.
Changing const-value async load to async reset on $flatten\gen_regfile_ff.register_file_i.$driver$rf_reg_q[9] ($aldff) from module ibex_core.
Changing const-value async load to async reset on $flatten\if_stage_i.\gen_prefetch_buffer.prefetch_buffer_i.$driver$valid_req_q ($aldff) from module ibex_core.
Changing const-value async load to async reset on $flatten\if_stage_i.\gen_prefetch_buffer.prefetch_buffer_i.$driver$discard_req_q ($aldff) from module ibex_core.
Changing const-value async load to async reset on $flatten\if_stage_i.\gen_prefetch_buffer.prefetch_buffer_i.$driver$rdata_outstanding_q ($aldff) from module ibex_core.
Changing const-value async load to async reset on $flatten\if_stage_i.\gen_prefetch_buffer.prefetch_buffer_i.$driver$branch_discard_q ($aldff) from module ibex_core.
Changing const-value async load to async reset on $flatten\if_stage_i.\gen_prefetch_buffer.prefetch_buffer_i.$driver$rdata_pmp_err_q ($aldff) from module ibex_core.
Changing const-value async load to async reset on $flatten\gen_regfile_ff.register_file_i.$driver$rf_reg_q[10] ($aldff) from module ibex_core.
Changing const-value async load to async reset on $flatten\if_stage_i.\gen_prefetch_buffer.prefetch_buffer_i.\fifo_i.$driver$valid_q ($aldff) from module ibex_core.
Changing const-value async load to async reset on $flatten\cs_registers_i.\u_mepc_csr.$driver$rdata_q ($aldff) from module ibex_core.
Changing const-value async load to async reset on $flatten\cs_registers_i.\u_mstack_epc_csr.$driver$rdata_q ($aldff) from module ibex_core.
Changing const-value async load to async reset on $flatten\gen_regfile_ff.register_file_i.$driver$rf_reg_q[25] ($aldff) from module ibex_core.
Changing const-value async load to async reset on $flatten\gen_regfile_ff.register_file_i.$driver$rf_reg_q[1] ($aldff) from module ibex_core.
Changing const-value async load to async reset on $flatten\gen_regfile_ff.register_file_i.$driver$rf_reg_q[24] ($aldff) from module ibex_core.
Changing const-value async load to async reset on $flatten\if_stage_i.$driver$instr_valid_id_q ($aldff) from module ibex_core.
Changing const-value async load to async reset on $flatten\gen_regfile_ff.register_file_i.$driver$rf_reg_q[2] ($aldff) from module ibex_core.
Changing const-value async load to async reset on $flatten\gen_regfile_ff.register_file_i.$driver$rf_reg_q[13] ($aldff) from module ibex_core.
Changing const-value async load to async reset on $flatten\cs_registers_i.\u_mie_csr.$driver$rdata_q ($aldff) from module ibex_core.
Changing const-value async load to async reset on $flatten\id_stage_i.\controller_i.$driver$ctrl_fsm_cs ($aldff) from module ibex_core.
Changing const-value async load to async reset on $flatten\id_stage_i.\controller_i.$driver$nmi_mode_q ($aldff) from module ibex_core.
Changing const-value async load to async reset on $flatten\id_stage_i.\controller_i.$driver$debug_mode_q ($aldff) from module ibex_core.
Changing const-value async load to async reset on $flatten\id_stage_i.\controller_i.$driver$load_err_q ($aldff) from module ibex_core.
Changing const-value async load to async reset on $flatten\id_stage_i.\controller_i.$driver$store_err_q ($aldff) from module ibex_core.
Changing const-value async load to async reset on $flatten\id_stage_i.\controller_i.$driver$exc_req_q ($aldff) from module ibex_core.
Changing const-value async load to async reset on $flatten\id_stage_i.\controller_i.$driver$illegal_insn_q ($aldff) from module ibex_core.
Changing const-value async load to async reset on $flatten\gen_regfile_ff.register_file_i.$driver$rf_reg_q[12] ($aldff) from module ibex_core.
Changing const-value async load to async reset on $flatten\gen_regfile_ff.register_file_i.$driver$rf_reg_q[19] ($aldff) from module ibex_core.
Changing const-value async load to async reset on $flatten\gen_regfile_ff.register_file_i.$driver$rf_reg_q[14] ($aldff) from module ibex_core.
Changing const-value async load to async reset on $flatten\id_stage_i.$driver$id_fsm_q ($aldff) from module ibex_core.
Changing const-value async load to async reset on $flatten\gen_regfile_ff.register_file_i.$driver$rf_reg_q[23] ($aldff) from module ibex_core.
Changing const-value async load to async reset on $flatten\cs_registers_i.\minstret_counter_i.$driver$counter_q ($aldff) from module ibex_core.
Changing const-value async load to async reset on $flatten\id_stage_i.$driver$g_branch_set_flop.branch_set_q ($aldff) from module ibex_core.
Changing const-value async load to async reset on $flatten\cs_registers_i.\u_mstack_cause_csr.$driver$rdata_q ($aldff) from module ibex_core.
Changing const-value async load to async reset on $flatten\cs_registers_i.\u_mscratch_csr.$driver$rdata_q ($aldff) from module ibex_core.
Changing const-value async load to async reset on $flatten\load_store_unit_i.$driver$ls_fsm_cs ($aldff) from module ibex_core.
Changing const-value async load to async reset on $flatten\load_store_unit_i.$driver$lsu_err_q ($aldff) from module ibex_core.
Changing const-value async load to async reset on $flatten\load_store_unit_i.$driver$pmp_err_q ($aldff) from module ibex_core.
Changing const-value async load to async reset on $flatten\load_store_unit_i.$driver$handle_misaligned_q ($aldff) from module ibex_core.
Changing const-value async load to async reset on $flatten\gen_regfile_ff.register_file_i.$driver$rf_reg_q[18] ($aldff) from module ibex_core.
Changing const-value async load to async reset on $flatten\gen_regfile_ff.register_file_i.$driver$rf_reg_q[20] ($aldff) from module ibex_core.
Changing const-value async load to async reset on $flatten\cs_registers_i.\u_mcause_csr.$driver$rdata_q ($aldff) from module ibex_core.
Changing const-value async load to async reset on $flatten\cs_registers_i.\u_mtval_csr.$driver$rdata_q ($aldff) from module ibex_core.
Changing const-value async load to async reset on $flatten\cs_registers_i.\u_mtvec_csr.$driver$rdata_q ($aldff) from module ibex_core.
Changing const-value async load to async reset on $flatten\cs_registers_i.\u_dcsr_csr.$driver$rdata_q ($aldff) from module ibex_core.
Changing const-value async load to async reset on $flatten\cs_registers_i.\u_depc_csr.$driver$rdata_q ($aldff) from module ibex_core.
Changing const-value async load to async reset on $flatten\cs_registers_i.\u_dscratch0_csr.$driver$rdata_q ($aldff) from module ibex_core.
Changing const-value async load to async reset on $flatten\cs_registers_i.\u_dscratch1_csr.$driver$rdata_q ($aldff) from module ibex_core.
Changing const-value async load to async reset on $flatten\cs_registers_i.\u_cpuctrl_csr.$driver$rdata_q ($aldff) from module ibex_core.
Changing const-value async load to async reset on $flatten\gen_regfile_ff.register_file_i.$driver$rf_reg_q[7] ($aldff) from module ibex_core.
Changing const-value async load to async reset on $flatten\gen_regfile_ff.register_file_i.$driver$rf_reg_q[22] ($aldff) from module ibex_core.
Changing const-value async load to async reset on $flatten\gen_regfile_ff.register_file_i.$driver$rf_reg_q[15] ($aldff) from module ibex_core.
Changing const-value async load to async reset on $flatten\gen_regfile_ff.register_file_i.$driver$rf_reg_q[21] ($aldff) from module ibex_core.
Changing const-value async load to async reset on $flatten\gen_regfile_ff.register_file_i.$driver$rf_reg_q[11] ($aldff) from module ibex_core.
Changing const-value async load to async reset on $flatten\cs_registers_i.\u_mstack_csr.$driver$rdata_q ($aldff) from module ibex_core.
Changing const-value async load to async reset on $flatten\gen_regfile_ff.register_file_i.$driver$rf_reg_q[5] ($aldff) from module ibex_core.
Changing const-value async load to async reset on $flatten\gen_regfile_ff.register_file_i.$driver$rf_reg_q[31] ($aldff) from module ibex_core.
Changing const-value async load to async reset on $flatten\cs_registers_i.$driver$mcountinhibit_q ($aldff) from module ibex_core.

6.8.7. Executing OPT_CLEAN pass (remove unused cells and wires).
Finding unused cells or wires in module \ibex_core..
Removed 55 unused cells and 1500 unused wires.
<suppressed ~57 debug messages>

6.8.8. Executing OPT_EXPR pass (perform const folding).
Optimizing module ibex_core.
<suppressed ~4 debug messages>

6.8.9. Rerunning OPT passes. (Maybe there is more to do..)

6.8.10. Executing OPT_MUXTREE pass (detect dead branches in mux trees).
Running muxtree optimizer on module \ibex_core..
  Creating internal representation of mux trees.
  Evaluating internal representation of mux trees.
  Analyzing evaluation results.
Removed 0 multiplexer ports.
<suppressed ~1877 debug messages>

6.8.11. Executing OPT_REDUCE pass (consolidate $*mux and $reduce_* inputs).
  Optimizing cells in module \ibex_core.
    New ctrl vector for $pmux cell $flatten\id_stage_i.\decoder_i.$procmux$9065: { $flatten\id_stage_i.\decoder_i.$procmux$8461_CMP $auto$opt_reduce.cc:137:opt_pmux$11269 }
    New ctrl vector for $pmux cell $flatten\id_stage_i.\decoder_i.$procmux$8984: $auto$opt_reduce.cc:137:opt_pmux$11271
    New ctrl vector for $pmux cell $flatten\id_stage_i.\decoder_i.$procmux$8167: { $auto$opt_reduce.cc:137:opt_pmux$11273 $auto$opt_reduce.cc:137:opt_pmux$11177 $auto$opt_reduce.cc:137:opt_pmux$11179 $flatten\id_stage_i.\decoder_i.$procmux$7765_CMP $flatten\id_stage_i.\decoder_i.$procmux$7732_CMP }
    New ctrl vector for $pmux cell $flatten\id_stage_i.\decoder_i.$procmux$8906: { $auto$opt_reduce.cc:137:opt_pmux$11275 $auto$opt_reduce.cc:137:opt_pmux$11215 $flatten\id_stage_i.\decoder_i.$procmux$8261_CMP }
    New ctrl vector for $pmux cell $flatten\load_store_unit_i.$procmux$10565: { $auto$opt_reduce.cc:137:opt_pmux$11277 $flatten\load_store_unit_i.$142y }
    New ctrl vector for $pmux cell $flatten\ex_block_i.\gen_multdiv_fast.multdiv_i.$procmux$5884: { $auto$opt_reduce.cc:137:opt_pmux$11279 $auto$opt_reduce.cc:137:opt_pmux$11251 }
  Optimizing cells in module \ibex_core.
Performed a total of 6 changes.

6.8.12. Executing OPT_MERGE pass (detect identical cells).
Finding identical cells in module `\ibex_core'.
Computing hashes of 1563 cells of `\ibex_core'.
Finding duplicate cells in `\ibex_core'.
Computing hashes of 1560 cells of `\ibex_core'.
Finding duplicate cells in `\ibex_core'.
<suppressed ~9 debug messages>
Removed a total of 3 cells.

6.8.13. Executing OPT_DFF pass (perform DFF optimizations).

6.8.14. Executing OPT_CLEAN pass (remove unused cells and wires).
Finding unused cells or wires in module \ibex_core..
Removed 0 unused cells and 6 unused wires.
<suppressed ~1 debug messages>

6.8.15. Executing OPT_EXPR pass (perform const folding).
Optimizing module ibex_core.

6.8.16. Rerunning OPT passes. (Maybe there is more to do..)

6.8.17. Executing OPT_MUXTREE pass (detect dead branches in mux trees).
Running muxtree optimizer on module \ibex_core..
  Creating internal representation of mux trees.
  Evaluating internal representation of mux trees.
  Analyzing evaluation results.
Removed 0 multiplexer ports.
<suppressed ~1838 debug messages>

6.8.18. Executing OPT_REDUCE pass (consolidate $*mux and $reduce_* inputs).
  Optimizing cells in module \ibex_core.
Performed a total of 0 changes.

6.8.19. Executing OPT_MERGE pass (detect identical cells).
Finding identical cells in module `\ibex_core'.
Computing hashes of 1560 cells of `\ibex_core'.
Finding duplicate cells in `\ibex_core'.
Removed a total of 0 cells.

6.8.20. Executing OPT_DFF pass (perform DFF optimizations).

6.8.21. Executing OPT_CLEAN pass (remove unused cells and wires).
Finding unused cells or wires in module \ibex_core..

6.8.22. Executing OPT_EXPR pass (perform const folding).
Optimizing module ibex_core.

6.8.23. Finished fast OPT passes. (There is nothing left to do.)

6.9. Executing FSM pass (extract and optimize FSM).

6.9.1. Executing FSM_DETECT pass (finding FSMs in design).
Not marking ibex_core.cs_registers_i.u_cpuctrl_csr.rdata_q as FSM state register:
    Users of register don't seem to benefit from recoding.
Found FSM state register ibex_core.load_store_unit_i.data_type_q.
Not marking ibex_core.load_store_unit_i.ls_fsm_cs as FSM state register:
    Users of register don't seem to benefit from recoding.
Found FSM state register ibex_core.id_stage_i.controller_i.ctrl_fsm_cs.
Found FSM state register ibex_core.ex_block_i.gen_multdiv_fast.multdiv_i.gen_mult_fast.mult_state_q.
Found FSM state register ibex_core.ex_block_i.gen_multdiv_fast.multdiv_i.md_state_q.

6.9.2. Executing FSM_EXTRACT pass (extracting FSM from design).
Extracting FSM `\load_store_unit_i.data_type_q' from module `\ibex_core'.
  found $adff cell for state register: $flatten\load_store_unit_i.$driver$data_type_q
  root of input selection tree: $flatten\load_store_unit_i.$data_type_q$24
  found reset state: 2'00 (from async reset)
  found ctrl input: \load_store_unit_i.ctrl_update
  found ctrl input: $auto$opt_reduce.cc:137:opt_pmux$11193
  found ctrl input: $flatten\id_stage_i.\decoder_i.$procmux$8256_CMP
  found ctrl input: $flatten\id_stage_i.\decoder_i.$procmux$8747_CMP
  found state code: 2'01
  found state code: 2'10
  found ctrl output: $flatten\load_store_unit_i.$procmux$10621_CMP
  found ctrl output: $flatten\load_store_unit_i.$procmux$10620_CMP
  found ctrl output: $flatten\load_store_unit_i.$procmux$10619_CMP [1]
  found ctrl output: $flatten\load_store_unit_i.$procmux$10619_CMP [0]
  ctrl inputs: { \load_store_unit_i.ctrl_update $flatten\id_stage_i.\decoder_i.$procmux$8747_CMP $flatten\id_stage_i.\decoder_i.$procmux$8256_CMP $auto$opt_reduce.cc:137:opt_pmux$11193 }
  ctrl outputs: { $flatten\load_store_unit_i.$data_type_q$24 $flatten\load_store_unit_i.$procmux$10619_CMP $flatten\load_store_unit_i.$procmux$10620_CMP $flatten\load_store_unit_i.$procmux$10621_CMP }
  transition:       2'00 4'0--- ->       2'00 6'000001
  transition:       2'00 4'1--0 ->       2'00 6'000001
  transition:       2'00 4'1001 ->       2'00 6'000001
  transition:       2'00 4'11-1 ->       2'10 6'100001
  transition:       2'00 4'1-11 ->       2'01 6'010001
  transition:       2'10 4'0--- ->       2'10 6'100100
  transition:       2'10 4'1--0 ->       2'00 6'000100
  transition:       2'10 4'1001 ->       2'00 6'000100
  transition:       2'10 4'11-1 ->       2'10 6'100100
  transition:       2'10 4'1-11 ->       2'01 6'010100
  transition:       2'01 4'0--- ->       2'01 6'010010
  transition:       2'01 4'1--0 ->       2'00 6'000010
  transition:       2'01 4'1001 ->       2'00 6'000010
  transition:       2'01 4'11-1 ->       2'10 6'100010
  transition:       2'01 4'1-11 ->       2'01 6'010010
Extracting FSM `\id_stage_i.controller_i.ctrl_fsm_cs' from module `\ibex_core'.
  found $adff cell for state register: $flatten\id_stage_i.\controller_i.$driver$ctrl_fsm_cs
  root of input selection tree: \id_stage_i.controller_i.ctrl_fsm_ns
  found reset state: 4'0000 (from async reset)
  found ctrl input: $flatten\id_stage_i.\controller_i.$procmux$7019_CMP
  found ctrl input: $flatten\id_stage_i.\controller_i.$procmux$7018_CMP
  found ctrl input: $flatten\id_stage_i.\controller_i.$procmux$7017_CMP
  found ctrl input: $flatten\id_stage_i.\controller_i.$procmux$6988_CMP
  found ctrl input: $flatten\id_stage_i.\controller_i.$procmux$6933_CMP
  found ctrl input: $flatten\id_stage_i.\controller_i.$procmux$6743_CMP
  found ctrl input: $auto$opt_reduce.cc:137:opt_pmux$11203
  found ctrl input: $flatten\id_stage_i.\controller_i.$procmux$5990_CMP
  found state code: 4'0001
  found state code: 4'0100
  found state code: 4'0011
  found ctrl input: $flatten\id_stage_i.\controller_i.$109y
  found ctrl input: \id_stage_i.controller_i.enter_debug_mode
  found ctrl input: \id_stage_i.controller_i.handle_irq
  found ctrl input: \if_stage_i.id_in_ready_i
  found state code: 4'0101
  found state code: 4'0111
  found state code: 4'1000
  found ctrl input: $flatten\id_stage_i.\controller_i.$138y
  found ctrl input: \id_stage_i.controller_i.special_req_all
  found state code: 4'0110
  found ctrl input: $flatten\id_stage_i.\controller_i.$235y
  found ctrl input: $flatten\id_stage_i.\controller_i.$178y
  found ctrl input: \id_stage_i.controller_i.mret_insn
  found ctrl input: \id_stage_i.controller_i.dret_insn
  found ctrl input: \id_stage_i.controller_i.wfi_insn
  found ctrl input: $flatten\id_stage_i.\controller_i.$202y
  found state code: 4'0010
  found ctrl input: \id_stage_i.controller_i.ebrk_insn_prio
  found ctrl input: $flatten\id_stage_i.\controller_i.$185y
  found state code: 4'1001
  found ctrl output: $flatten\id_stage_i.\controller_i.$26y
  found ctrl output: $flatten\id_stage_i.\controller_i.$procmux$7019_CMP
  found ctrl output: $flatten\id_stage_i.\controller_i.$procmux$5990_CMP
  found ctrl output: $flatten\id_stage_i.\controller_i.$procmux$6494_CMP
  found ctrl output: $flatten\id_stage_i.\controller_i.$procmux$6524_CMP
  found ctrl output: $flatten\id_stage_i.\controller_i.$procmux$6619_CMP
  found ctrl output: $flatten\id_stage_i.\controller_i.$procmux$6933_CMP
  found ctrl output: $flatten\id_stage_i.\controller_i.$procmux$7018_CMP
  found ctrl output: $flatten\id_stage_i.\controller_i.$procmux$6743_CMP
  found ctrl output: $flatten\id_stage_i.\controller_i.$procmux$6988_CMP
  found ctrl output: $flatten\id_stage_i.\controller_i.$procmux$7017_CMP
  ctrl inputs: { $flatten\id_stage_i.\controller_i.$235y $flatten\id_stage_i.\controller_i.$202y $flatten\id_stage_i.\controller_i.$185y $flatten\id_stage_i.\controller_i.$178y $flatten\id_stage_i.\controller_i.$138y $flatten\id_stage_i.\controller_i.$109y \id_stage_i.controller_i.wfi_insn \id_stage_i.controller_i.dret_insn \id_stage_i.controller_i.mret_insn \id_stage_i.controller_i.handle_irq \id_stage_i.controller_i.enter_debug_mode \id_stage_i.controller_i.special_req_all \id_stage_i.controller_i.ebrk_insn_prio \if_stage_i.id_in_ready_i $auto$opt_reduce.cc:137:opt_pmux$11203 }
  ctrl outputs: { $flatten\id_stage_i.\controller_i.$procmux$7019_CMP $flatten\id_stage_i.\controller_i.$procmux$7018_CMP $flatten\id_stage_i.\controller_i.$procmux$7017_CMP $flatten\id_stage_i.\controller_i.$procmux$6988_CMP $flatten\id_stage_i.\controller_i.$procmux$6933_CMP $flatten\id_stage_i.\controller_i.$procmux$6743_CMP $flatten\id_stage_i.\controller_i.$procmux$6619_CMP $flatten\id_stage_i.\controller_i.$procmux$6524_CMP $flatten\id_stage_i.\controller_i.$procmux$6494_CMP $flatten\id_stage_i.\controller_i.$procmux$5990_CMP $flatten\id_stage_i.\controller_i.$26y \id_stage_i.controller_i.ctrl_fsm_ns }
  transition:     4'0000 15'--------------- ->     4'0001 15'100000000010001
  transition:     4'1000 15'--------------- ->     4'0101 15'000000010010101
  transition:     4'0100 15'---------00--0- ->     4'0100 15'000010000010100
  transition:     4'0100 15'---------00--1- ->     4'0101 15'000010000010101
  transition:     4'0100 15'---------10---- ->     4'0111 15'000010000010111
  transition:     4'0100 15'----------1---- ->     4'1000 15'000010000011000
  transition:     4'0010 15'--------------- ->     4'0011 15'001000000010011
  transition:     4'0110 15'00-0--000------ ->     4'0101 15'000000000100101
  transition:     4'0110 15'01-0--000------ ->     4'0111 15'000000000100111
  transition:     4'0110 15'0--0--100------ ->     4'0010 15'000000000100010
  transition:     4'0110 15'0--0---10------ ->     4'0101 15'000000000100101
  transition:     4'0110 15'0--0----1------ ->     4'0101 15'000000000100101
  transition:     4'0110 15'0--1--------0-- ->     4'0101 15'000000000100101
  transition:     4'0110 15'0-01--------1-- ->     4'0101 15'000000000100101
  transition:     4'0110 15'0-11--------1-- ->     4'1001 15'000000000101001
  transition:     4'0110 15'1-------------- ->     4'1000 15'000000000101000
  transition:     4'0001 15'--------------- ->     4'0100 15'010000000010100
  transition:     4'1001 15'--------------- ->     4'0101 15'000000001010101
  transition:     4'0101 15'----0------0--- ->     4'0101 15'000001000010101
  transition:     4'0101 15'----0------1--- ->     4'0110 15'000001000010110
  transition:     4'0101 15'----1----000--- ->     4'0101 15'000001000010101
  transition:     4'0101 15'----1----001--- ->     4'0110 15'000001000010110
  transition:     4'0101 15'----1----10---- ->     4'0111 15'000001000010111
  transition:     4'0101 15'----1-----1---- ->     4'1000 15'000001000011000
  transition:     4'0011 15'-----0--------- ->     4'0011 15'000100000010011
  transition:     4'0011 15'-----1--------- ->     4'0100 15'000100000010100
  transition:     4'0111 15'--------------- ->     4'0101 15'000000100010101
Extracting FSM `\ex_block_i.gen_multdiv_fast.multdiv_i.gen_mult_fast.mult_state_q' from module `\ibex_core'.
  found $adff cell for state register: $flatten\ex_block_i.\gen_multdiv_fast.multdiv_i.$driver$gen_mult_fast.mult_state_q
  root of input selection tree: $flatten\ex_block_i.\gen_multdiv_fast.multdiv_i.$gen_mult_fast.mult_state_q$63
  found reset state: 2'00 (from async reset)
  found ctrl input: \ex_block_i.gen_multdiv_fast.multdiv_i.mult_en_i
  found ctrl input: $flatten\ex_block_i.\gen_multdiv_fast.multdiv_i.$procmux$5864_CMP
  found ctrl input: $flatten\ex_block_i.\gen_multdiv_fast.multdiv_i.$procmux$5831_CMP
  found ctrl input: $flatten\ex_block_i.\gen_multdiv_fast.multdiv_i.$procmux$5862_CMP
  found ctrl input: $flatten\ex_block_i.\gen_multdiv_fast.multdiv_i.$procmux$5869_CMP
  found ctrl input: $flatten\ex_block_i.\gen_multdiv_fast.multdiv_i.$36y
  found state code: 2'11
  found state code: 2'10
  found state code: 2'01
  found ctrl output: $flatten\ex_block_i.\gen_multdiv_fast.multdiv_i.$procmux$5862_CMP
  found ctrl output: $flatten\ex_block_i.\gen_multdiv_fast.multdiv_i.$procmux$5869_CMP
  found ctrl output: $flatten\ex_block_i.\gen_multdiv_fast.multdiv_i.$procmux$5864_CMP
  found ctrl output: $flatten\ex_block_i.\gen_multdiv_fast.multdiv_i.$procmux$5831_CMP
  ctrl inputs: { $flatten\ex_block_i.\gen_multdiv_fast.multdiv_i.$36y \ex_block_i.gen_multdiv_fast.multdiv_i.mult_en_i }
  ctrl outputs: { $flatten\ex_block_i.\gen_multdiv_fast.multdiv_i.$procmux$5869_CMP $flatten\ex_block_i.\gen_multdiv_fast.multdiv_i.$procmux$5864_CMP $flatten\ex_block_i.\gen_multdiv_fast.multdiv_i.$procmux$5862_CMP $flatten\ex_block_i.\gen_multdiv_fast.multdiv_i.$procmux$5831_CMP $flatten\ex_block_i.\gen_multdiv_fast.multdiv_i.$gen_mult_fast.mult_state_q$63 }
  transition:       2'00 2'-0 ->       2'00 6'100000
  transition:       2'00 2'-1 ->       2'01 6'100001
  transition:       2'10 2'-0 ->       2'10 6'000110
  transition:       2'10 2'01 ->       2'11 6'000111
  transition:       2'10 2'11 ->       2'00 6'000100
  transition:       2'01 2'-0 ->       2'01 6'001001
  transition:       2'01 2'-1 ->       2'10 6'001010
  transition:       2'11 2'-0 ->       2'11 6'010011
  transition:       2'11 2'-1 ->       2'00 6'010000
Extracting FSM `\ex_block_i.gen_multdiv_fast.multdiv_i.md_state_q' from module `\ibex_core'.
  found $adff cell for state register: $flatten\ex_block_i.\gen_multdiv_fast.multdiv_i.$driver$md_state_q
  root of input selection tree: $flatten\ex_block_i.\gen_multdiv_fast.multdiv_i.$md_state_q$14
  found reset state: 3'000 (from async reset)
  found ctrl input: \ex_block_i.gen_multdiv_fast.multdiv_i.div_en_i
  found ctrl input: $flatten\ex_block_i.\gen_multdiv_fast.multdiv_i.$procmux$5684_CMP
  found ctrl input: $flatten\ex_block_i.\gen_multdiv_fast.multdiv_i.$procmux$5692_CMP
  found ctrl input: $flatten\ex_block_i.\gen_multdiv_fast.multdiv_i.$procmux$5700_CMP
  found ctrl input: $flatten\ex_block_i.\gen_multdiv_fast.multdiv_i.$procmux$5701_CMP
  found ctrl input: $flatten\ex_block_i.\gen_multdiv_fast.multdiv_i.$procmux$5702_CMP
  found ctrl input: $flatten\ex_block_i.\gen_multdiv_fast.multdiv_i.$procmux$5704_CMP
  found state code: 3'110
  found state code: 3'101
  found ctrl input: $flatten\ex_block_i.\gen_multdiv_fast.multdiv_i.$109y
  found state code: 3'011
  found state code: 3'100
  found state code: 3'010
  found ctrl input: $flatten\ex_block_i.\gen_multdiv_fast.multdiv_i.$93y
  found state code: 3'001
  found ctrl output: $flatten\ex_block_i.\gen_multdiv_fast.multdiv_i.$procmux$5753_CMP
  found ctrl output: $flatten\ex_block_i.\gen_multdiv_fast.multdiv_i.$procmux$5684_CMP
  found ctrl output: $flatten\ex_block_i.\gen_multdiv_fast.multdiv_i.$procmux$5701_CMP
  found ctrl output: $flatten\ex_block_i.\gen_multdiv_fast.multdiv_i.$procmux$5702_CMP
  found ctrl output: $flatten\ex_block_i.\gen_multdiv_fast.multdiv_i.$procmux$5704_CMP
  found ctrl output: $flatten\ex_block_i.\gen_multdiv_fast.multdiv_i.$procmux$5692_CMP
  found ctrl output: $flatten\ex_block_i.\gen_multdiv_fast.multdiv_i.$procmux$5700_CMP
  ctrl inputs: { $flatten\ex_block_i.\gen_multdiv_fast.multdiv_i.$109y $flatten\ex_block_i.\gen_multdiv_fast.multdiv_i.$93y \ex_block_i.gen_multdiv_fast.multdiv_i.div_en_i }
  ctrl outputs: { $flatten\ex_block_i.\gen_multdiv_fast.multdiv_i.$procmux$5753_CMP $flatten\ex_block_i.\gen_multdiv_fast.multdiv_i.$procmux$5704_CMP $flatten\ex_block_i.\gen_multdiv_fast.multdiv_i.$procmux$5702_CMP $flatten\ex_block_i.\gen_multdiv_fast.multdiv_i.$procmux$5701_CMP $flatten\ex_block_i.\gen_multdiv_fast.multdiv_i.$procmux$5700_CMP $flatten\ex_block_i.\gen_multdiv_fast.multdiv_i.$procmux$5692_CMP $flatten\ex_block_i.\gen_multdiv_fast.multdiv_i.$procmux$5684_CMP $flatten\ex_block_i.\gen_multdiv_fast.multdiv_i.$md_state_q$14 }
  transition:      3'000 3'--0 ->      3'000 10'0100000000
  transition:      3'000 3'-01 ->      3'001 10'0100000001
  transition:      3'000 3'-11 ->      3'110 10'0100000110
  transition:      3'100 3'--0 ->      3'100 10'0000010100
  transition:      3'100 3'--1 ->      3'101 10'0000010101
  transition:      3'010 3'--0 ->      3'010 10'0001000010
  transition:      3'010 3'--1 ->      3'011 10'0001000011
  transition:      3'110 3'--0 ->      3'110 10'1000000110
  transition:      3'110 3'--1 ->      3'000 10'1000000000
  transition:      3'001 3'--0 ->      3'001 10'0010000001
  transition:      3'001 3'--1 ->      3'010 10'0010000010
  transition:      3'101 3'--0 ->      3'101 10'0000001101
  transition:      3'101 3'--1 ->      3'110 10'0000001110
  transition:      3'011 3'--0 ->      3'011 10'0000100011
  transition:      3'011 3'0-1 ->      3'011 10'0000100011
  transition:      3'011 3'1-1 ->      3'100 10'0000100100

6.9.3. Executing FSM_OPT pass (simple optimizations of FSMs).
Optimizing FSM `$fsm$\ex_block_i.gen_multdiv_fast.multdiv_i.md_state_q$11305' from module `\ibex_core'.
Optimizing FSM `$fsm$\ex_block_i.gen_multdiv_fast.multdiv_i.gen_mult_fast.mult_state_q$11299' from module `\ibex_core'.
Optimizing FSM `$fsm$\id_stage_i.controller_i.ctrl_fsm_cs$11286' from module `\ibex_core'.
  Removing unused input signal $auto$opt_reduce.cc:137:opt_pmux$11203.
Optimizing FSM `$fsm$\load_store_unit_i.data_type_q$11280' from module `\ibex_core'.

6.9.4. Executing OPT_CLEAN pass (remove unused cells and wires).
Finding unused cells or wires in module \ibex_core..
Removed 55 unused cells and 55 unused wires.
<suppressed ~58 debug messages>

6.9.5. Executing FSM_OPT pass (simple optimizations of FSMs).
Optimizing FSM `$fsm$\load_store_unit_i.data_type_q$11280' from module `\ibex_core'.
  Removing unused output signal $flatten\load_store_unit_i.$data_type_q$24 [0].
  Removing unused output signal $flatten\load_store_unit_i.$data_type_q$24 [1].
Optimizing FSM `$fsm$\id_stage_i.controller_i.ctrl_fsm_cs$11286' from module `\ibex_core'.
  Removing unused output signal \id_stage_i.controller_i.ctrl_fsm_ns [0].
  Removing unused output signal \id_stage_i.controller_i.ctrl_fsm_ns [1].
  Removing unused output signal \id_stage_i.controller_i.ctrl_fsm_ns [2].
  Removing unused output signal \id_stage_i.controller_i.ctrl_fsm_ns [3].
Optimizing FSM `$fsm$\ex_block_i.gen_multdiv_fast.multdiv_i.gen_mult_fast.mult_state_q$11299' from module `\ibex_core'.
  Removing unused output signal $flatten\ex_block_i.\gen_multdiv_fast.multdiv_i.$gen_mult_fast.mult_state_q$63 [0].
  Removing unused output signal $flatten\ex_block_i.\gen_multdiv_fast.multdiv_i.$gen_mult_fast.mult_state_q$63 [1].
Optimizing FSM `$fsm$\ex_block_i.gen_multdiv_fast.multdiv_i.md_state_q$11305' from module `\ibex_core'.
  Removing unused output signal $flatten\ex_block_i.\gen_multdiv_fast.multdiv_i.$md_state_q$14 [0].
  Removing unused output signal $flatten\ex_block_i.\gen_multdiv_fast.multdiv_i.$md_state_q$14 [1].
  Removing unused output signal $flatten\ex_block_i.\gen_multdiv_fast.multdiv_i.$md_state_q$14 [2].

6.9.6. Executing FSM_RECODE pass (re-assigning FSM state encoding).
Recoding FSM `$fsm$\load_store_unit_i.data_type_q$11280' from module `\ibex_core' using `auto' encoding:
  mapping auto encoding to `one-hot` for this FSM.
  00 -> --1
  10 -> -1-
  01 -> 1--
Recoding FSM `$fsm$\id_stage_i.controller_i.ctrl_fsm_cs$11286' from module `\ibex_core' using `auto' encoding:
  mapping auto encoding to `one-hot` for this FSM.
  0000 -> ---------1
  1000 -> --------1-
  0100 -> -------1--
  0010 -> ------1---
  0110 -> -----1----
  0001 -> ----1-----
  1001 -> ---1------
  0101 -> --1-------
  0011 -> -1--------
  0111 -> 1---------
Recoding FSM `$fsm$\ex_block_i.gen_multdiv_fast.multdiv_i.gen_mult_fast.mult_state_q$11299' from module `\ibex_core' using `auto' encoding:
  mapping auto encoding to `one-hot` for this FSM.
  00 -> ---1
  10 -> --1-
  01 -> -1--
  11 -> 1---
Recoding FSM `$fsm$\ex_block_i.gen_multdiv_fast.multdiv_i.md_state_q$11305' from module `\ibex_core' using `auto' encoding:
  mapping auto encoding to `one-hot` for this FSM.
  000 -> ------1
  100 -> -----1-
  010 -> ----1--
  110 -> ---1---
  001 -> --1----
  101 -> -1-----
  011 -> 1------

6.9.7. Executing FSM_INFO pass (dumping all available information on FSM cells).

FSM `$fsm$\load_store_unit_i.data_type_q$11280' from module `ibex_core':
-------------------------------------

  Information on FSM $fsm$\load_store_unit_i.data_type_q$11280 (\load_store_unit_i.data_type_q):

  Number of input signals:    4
  Number of output signals:   4
  Number of state bits:       3

  Input signals:
    0: $auto$opt_reduce.cc:137:opt_pmux$11193
    1: $flatten\id_stage_i.\decoder_i.$procmux$8256_CMP
    2: $flatten\id_stage_i.\decoder_i.$procmux$8747_CMP
    3: \load_store_unit_i.ctrl_update

  Output signals:
    0: $flatten\load_store_unit_i.$procmux$10621_CMP
    1: $flatten\load_store_unit_i.$procmux$10620_CMP
    2: $flatten\load_store_unit_i.$procmux$10619_CMP [0]
    3: $flatten\load_store_unit_i.$procmux$10619_CMP [1]

  State encoding:
    0:      3'--1  <RESET STATE>
    1:      3'-1-
    2:      3'1--

  Transition Table (state_in, ctrl_in, state_out, ctrl_out):
      0:     0 4'1--0   ->     0 4'0001
      1:     0 4'1001   ->     0 4'0001
      2:     0 4'0---   ->     0 4'0001
      3:     0 4'11-1   ->     1 4'0001
      4:     0 4'1-11   ->     2 4'0001
      5:     1 4'1--0   ->     0 4'0100
      6:     1 4'1001   ->     0 4'0100
      7:     1 4'11-1   ->     1 4'0100
      8:     1 4'0---   ->     1 4'0100
      9:     1 4'1-11   ->     2 4'0100
     10:     2 4'1--0   ->     0 4'0010
     11:     2 4'1001   ->     0 4'0010
     12:     2 4'11-1   ->     1 4'0010
     13:     2 4'1-11   ->     2 4'0010
     14:     2 4'0---   ->     2 4'0010

-------------------------------------

FSM `$fsm$\id_stage_i.controller_i.ctrl_fsm_cs$11286' from module `ibex_core':
-------------------------------------

  Information on FSM $fsm$\id_stage_i.controller_i.ctrl_fsm_cs$11286 (\id_stage_i.controller_i.ctrl_fsm_cs):

  Number of input signals:   14
  Number of output signals:  11
  Number of state bits:      10

  Input signals:
    0: \if_stage_i.id_in_ready_i
    1: \id_stage_i.controller_i.ebrk_insn_prio
    2: \id_stage_i.controller_i.special_req_all
    3: \id_stage_i.controller_i.enter_debug_mode
    4: \id_stage_i.controller_i.handle_irq
    5: \id_stage_i.controller_i.mret_insn
    6: \id_stage_i.controller_i.dret_insn
    7: \id_stage_i.controller_i.wfi_insn
    8: $flatten\id_stage_i.\controller_i.$109y
    9: $flatten\id_stage_i.\controller_i.$138y
   10: $flatten\id_stage_i.\controller_i.$178y
   11: $flatten\id_stage_i.\controller_i.$185y
   12: $flatten\id_stage_i.\controller_i.$202y
   13: $flatten\id_stage_i.\controller_i.$235y

  Output signals:
    0: $flatten\id_stage_i.\controller_i.$26y
    1: $flatten\id_stage_i.\controller_i.$procmux$5990_CMP
    2: $flatten\id_stage_i.\controller_i.$procmux$6494_CMP
    3: $flatten\id_stage_i.\controller_i.$procmux$6524_CMP
    4: $flatten\id_stage_i.\controller_i.$procmux$6619_CMP
    5: $flatten\id_stage_i.\controller_i.$procmux$6743_CMP
    6: $flatten\id_stage_i.\controller_i.$procmux$6933_CMP
    7: $flatten\id_stage_i.\controller_i.$procmux$6988_CMP
    8: $flatten\id_stage_i.\controller_i.$procmux$7017_CMP
    9: $flatten\id_stage_i.\controller_i.$procmux$7018_CMP
   10: $flatten\id_stage_i.\controller_i.$procmux$7019_CMP

  State encoding:
    0: 10'---------1  <RESET STATE>
    1: 10'--------1-
    2: 10'-------1--
    3: 10'------1---
    4: 10'-----1----
    5: 10'----1-----
    6: 10'---1------
    7: 10'--1-------
    8: 10'-1--------
    9: 10'1---------

  Transition Table (state_in, ctrl_in, state_out, ctrl_out):
      0:     0 14'--------------   ->     5 11'10000000001
      1:     1 14'--------------   ->     7 11'00000001001
      2:     2 14'----------1---   ->     1 11'00001000001
      3:     2 14'---------00--0   ->     2 11'00001000001
      4:     2 14'---------00--1   ->     7 11'00001000001
      5:     2 14'---------10---   ->     9 11'00001000001
      6:     3 14'--------------   ->     8 11'00100000001
      7:     4 14'1-------------   ->     1 11'00000000010
      8:     4 14'0--0--100-----   ->     3 11'00000000010
      9:     4 14'0-11--------1-   ->     6 11'00000000010
     10:     4 14'0--1--------0-   ->     7 11'00000000010
     11:     4 14'0-01--------1-   ->     7 11'00000000010
     12:     4 14'00-0--000-----   ->     7 11'00000000010
     13:     4 14'0--0---10-----   ->     7 11'00000000010
     14:     4 14'0--0----1-----   ->     7 11'00000000010
     15:     4 14'01-0--000-----   ->     9 11'00000000010
     16:     5 14'--------------   ->     2 11'01000000001
     17:     6 14'--------------   ->     7 11'00000000101
     18:     7 14'----1-----1---   ->     1 11'00000100001
     19:     7 14'----1----001--   ->     4 11'00000100001
     20:     7 14'----0------1--   ->     4 11'00000100001
     21:     7 14'----1----000--   ->     7 11'00000100001
     22:     7 14'----0------0--   ->     7 11'00000100001
     23:     7 14'----1----10---   ->     9 11'00000100001
     24:     8 14'-----1--------   ->     2 11'00010000001
     25:     8 14'-----0--------   ->     8 11'00010000001
     26:     9 14'--------------   ->     7 11'00000010001

-------------------------------------

FSM `$fsm$\ex_block_i.gen_multdiv_fast.multdiv_i.gen_mult_fast.mult_state_q$11299' from module `ibex_core':
-------------------------------------

  Information on FSM $fsm$\ex_block_i.gen_multdiv_fast.multdiv_i.gen_mult_fast.mult_state_q$11299 (\ex_block_i.gen_multdiv_fast.multdiv_i.gen_mult_fast.mult_state_q):

  Number of input signals:    2
  Number of output signals:   4
  Number of state bits:       4

  Input signals:
    0: \ex_block_i.gen_multdiv_fast.multdiv_i.mult_en_i
    1: $flatten\ex_block_i.\gen_multdiv_fast.multdiv_i.$36y

  Output signals:
    0: $flatten\ex_block_i.\gen_multdiv_fast.multdiv_i.$procmux$5831_CMP
    1: $flatten\ex_block_i.\gen_multdiv_fast.multdiv_i.$procmux$5862_CMP
    2: $flatten\ex_block_i.\gen_multdiv_fast.multdiv_i.$procmux$5864_CMP
    3: $flatten\ex_block_i.\gen_multdiv_fast.multdiv_i.$procmux$5869_CMP

  State encoding:
    0:     4'---1  <RESET STATE>
    1:     4'--1-
    2:     4'-1--
    3:     4'1---

  Transition Table (state_in, ctrl_in, state_out, ctrl_out):
      0:     0 2'-0   ->     0 4'1000
      1:     0 2'-1   ->     2 4'1000
      2:     1 2'11   ->     0 4'0001
      3:     1 2'-0   ->     1 4'0001
      4:     1 2'01   ->     3 4'0001
      5:     2 2'-1   ->     1 4'0010
      6:     2 2'-0   ->     2 4'0010
      7:     3 2'-1   ->     0 4'0100
      8:     3 2'-0   ->     3 4'0100

-------------------------------------

FSM `$fsm$\ex_block_i.gen_multdiv_fast.multdiv_i.md_state_q$11305' from module `ibex_core':
-------------------------------------

  Information on FSM $fsm$\ex_block_i.gen_multdiv_fast.multdiv_i.md_state_q$11305 (\ex_block_i.gen_multdiv_fast.multdiv_i.md_state_q):

  Number of input signals:    3
  Number of output signals:   7
  Number of state bits:       7

  Input signals:
    0: \ex_block_i.gen_multdiv_fast.multdiv_i.div_en_i
    1: $flatten\ex_block_i.\gen_multdiv_fast.multdiv_i.$93y
    2: $flatten\ex_block_i.\gen_multdiv_fast.multdiv_i.$109y

  Output signals:
    0: $flatten\ex_block_i.\gen_multdiv_fast.multdiv_i.$procmux$5684_CMP
    1: $flatten\ex_block_i.\gen_multdiv_fast.multdiv_i.$procmux$5692_CMP
    2: $flatten\ex_block_i.\gen_multdiv_fast.multdiv_i.$procmux$5700_CMP
    3: $flatten\ex_block_i.\gen_multdiv_fast.multdiv_i.$procmux$5701_CMP
    4: $flatten\ex_block_i.\gen_multdiv_fast.multdiv_i.$procmux$5702_CMP
    5: $flatten\ex_block_i.\gen_multdiv_fast.multdiv_i.$procmux$5704_CMP
    6: $flatten\ex_block_i.\gen_multdiv_fast.multdiv_i.$procmux$5753_CMP

  State encoding:
    0:  7'------1  <RESET STATE>
    1:  7'-----1-
    2:  7'----1--
    3:  7'---1---
    4:  7'--1----
    5:  7'-1-----
    6:  7'1------

  Transition Table (state_in, ctrl_in, state_out, ctrl_out):
      0:     0 3'--0   ->     0 7'0100000
      1:     0 3'-11   ->     3 7'0100000
      2:     0 3'-01   ->     4 7'0100000
      3:     1 3'--0   ->     1 7'0000010
      4:     1 3'--1   ->     5 7'0000010
      5:     2 3'--0   ->     2 7'0001000
      6:     2 3'--1   ->     6 7'0001000
      7:     3 3'--1   ->     0 7'1000000
      8:     3 3'--0   ->     3 7'1000000
      9:     4 3'--1   ->     2 7'0010000
     10:     4 3'--0   ->     4 7'0010000
     11:     5 3'--1   ->     3 7'0000001
     12:     5 3'--0   ->     5 7'0000001
     13:     6 3'1-1   ->     1 7'0000100
     14:     6 3'--0   ->     6 7'0000100
     15:     6 3'0-1   ->     6 7'0000100

-------------------------------------

6.9.8. Executing FSM_MAP pass (mapping FSMs to basic logic).
Mapping FSM `$fsm$\load_store_unit_i.data_type_q$11280' from module `\ibex_core'.
Mapping FSM `$fsm$\id_stage_i.controller_i.ctrl_fsm_cs$11286' from module `\ibex_core'.
Mapping FSM `$fsm$\ex_block_i.gen_multdiv_fast.multdiv_i.gen_mult_fast.mult_state_q$11299' from module `\ibex_core'.
Mapping FSM `$fsm$\ex_block_i.gen_multdiv_fast.multdiv_i.md_state_q$11305' from module `\ibex_core'.

6.10. Executing OPT pass (performing simple optimizations).

6.10.1. Executing OPT_EXPR pass (perform const folding).
Optimizing module ibex_core.
<suppressed ~30 debug messages>

6.10.2. Executing OPT_MERGE pass (detect identical cells).
Finding identical cells in module `\ibex_core'.
Computing hashes of 1620 cells of `\ibex_core'.
Finding duplicate cells in `\ibex_core'.
Computing hashes of 1609 cells of `\ibex_core'.
Finding duplicate cells in `\ibex_core'.
<suppressed ~33 debug messages>
Removed a total of 11 cells.

6.10.3. Executing OPT_MUXTREE pass (detect dead branches in mux trees).
Running muxtree optimizer on module \ibex_core..
  Creating internal representation of mux trees.
  Evaluating internal representation of mux trees.
  Analyzing evaluation results.
Removed 0 multiplexer ports.
<suppressed ~1806 debug messages>

6.10.4. Executing OPT_REDUCE pass (consolidate $*mux and $reduce_* inputs).
  Optimizing cells in module \ibex_core.
Performed a total of 0 changes.

6.10.5. Executing OPT_MERGE pass (detect identical cells).
Finding identical cells in module `\ibex_core'.
Computing hashes of 1609 cells of `\ibex_core'.
Finding duplicate cells in `\ibex_core'.
Removed a total of 0 cells.

6.10.6. Executing OPT_DFF pass (perform DFF optimizations).
Adding EN signal on $driver$fetch_enable_q ($adff) from module ibex_core (D = 1'1, Q = \fetch_enable_q).
Adding EN signal on $flatten\gen_regfile_ff.register_file_i.$driver$rf_reg_q[3] ($adff) from module ibex_core (D = \gen_regfile_ff.register_file_i.wdata_a_i, Q = \gen_regfile_ff.register_file_i.rf_reg_q [95:64]).
Adding EN signal on $flatten\ex_block_i.\gen_multdiv_fast.multdiv_i.$driver$op_numerator_q ($adff) from module ibex_core (D = $flatten\ex_block_i.\gen_multdiv_fast.multdiv_i.$102y, Q = \ex_block_i.gen_multdiv_fast.multdiv_i.op_numerator_q).
Adding EN signal on $flatten\ex_block_i.\gen_multdiv_fast.multdiv_i.$driver$op_quotient_q ($adff) from module ibex_core (D = \ex_block_i.gen_multdiv_fast.multdiv_i.op_quotient_d, Q = \ex_block_i.gen_multdiv_fast.multdiv_i.op_quotient_q).
Adding EN signal on $flatten\ex_block_i.\gen_multdiv_fast.multdiv_i.$driver$div_counter_q ($adff) from module ibex_core (D = \ex_block_i.gen_multdiv_fast.multdiv_i.div_counter_d, Q = \ex_block_i.gen_multdiv_fast.multdiv_i.div_counter_q).
Adding EN signal on $flatten\ex_block_i.\gen_multdiv_fast.multdiv_i.$driver$div_by_zero_q ($adff) from module ibex_core (D = \ex_block_i.alu_i.is_equal, Q = \ex_block_i.gen_multdiv_fast.multdiv_i.div_by_zero_q).
Adding EN signal on $flatten\load_store_unit_i.$driver$addr_last_q ($adff) from module ibex_core (D = \ex_block_i.alu_adder_result_ext [32:1], Q = \load_store_unit_i.addr_last_q).
Adding EN signal on $flatten\gen_regfile_ff.register_file_i.$driver$rf_reg_q[4] ($adff) from module ibex_core (D = \gen_regfile_ff.register_file_i.wdata_a_i, Q = \gen_regfile_ff.register_file_i.rf_reg_q [127:96]).
Adding EN signal on $flatten\gen_regfile_ff.register_file_i.$driver$rf_reg_q[29] ($adff) from module ibex_core (D = \gen_regfile_ff.register_file_i.wdata_a_i, Q = \gen_regfile_ff.register_file_i.rf_reg_q [927:896]).
Adding EN signal on $flatten\gen_regfile_ff.register_file_i.$driver$rf_reg_q[17] ($adff) from module ibex_core (D = \gen_regfile_ff.register_file_i.wdata_a_i, Q = \gen_regfile_ff.register_file_i.rf_reg_q [543:512]).
Adding EN signal on $flatten\id_stage_i.$driver$imd_val_q[1] ($adff) from module ibex_core (D = \id_stage_i.imd_val_d_ex_i [33:32], Q = \id_stage_i.imd_val_q [33:32]).
Adding EN signal on $flatten\id_stage_i.$driver$imd_val_q[1] ($adff) from module ibex_core (D = \id_stage_i.imd_val_d_ex_i [31:0], Q = \id_stage_i.imd_val_q [31:0]).
Adding EN signal on $flatten\cs_registers_i.\mcycle_counter_i.$driver$counter_q ($adff) from module ibex_core (D = \cs_registers_i.mcycle_counter_i.counter_d [63:32], Q = \cs_registers_i.mcycle_counter_i.counter_q [63:32]).
Adding EN signal on $flatten\cs_registers_i.\mcycle_counter_i.$driver$counter_q ($adff) from module ibex_core (D = \cs_registers_i.mcycle_counter_i.counter_d [31:0], Q = \cs_registers_i.mcycle_counter_i.counter_q [31:0]).
Adding EN signal on $flatten\load_store_unit_i.$driver$data_we_q ($adff) from module ibex_core (D = \load_store_unit_i.lsu_we_i, Q = \load_store_unit_i.data_we_q).
Adding EN signal on $flatten\load_store_unit_i.$driver$data_sign_ext_q ($adff) from module ibex_core (D = \load_store_unit_i.lsu_sign_ext_i, Q = \load_store_unit_i.data_sign_ext_q).
Adding EN signal on $flatten\id_stage_i.$driver$imd_val_q[0] ($adff) from module ibex_core (D = \id_stage_i.imd_val_d_ex_i [67:34], Q = \id_stage_i.imd_val_q [67:34]).
Adding EN signal on $flatten\load_store_unit_i.$driver$rdata_offset_q ($adff) from module ibex_core (D = \ex_block_i.alu_adder_result_ext [2:1], Q = \load_store_unit_i.rdata_offset_q).
Adding EN signal on $flatten\cs_registers_i.\u_mstatus_csr.$driver$rdata_q ($adff) from module ibex_core (D = { \cs_registers_i.csr_wdata_int [17] \cs_registers_i.csr_wdata_int [21] }, Q = \cs_registers_i.u_mstatus_csr.rdata_q [1:0]).
Adding EN signal on $flatten\cs_registers_i.\u_mstatus_csr.$driver$rdata_q ($adff) from module ibex_core (D = \cs_registers_i.u_mstatus_csr.wr_data_i [5:2], Q = \cs_registers_i.u_mstatus_csr.rdata_q [5:2]).
Adding EN signal on $flatten\gen_regfile_ff.register_file_i.$driver$rf_reg_q[28] ($adff) from module ibex_core (D = \gen_regfile_ff.register_file_i.wdata_a_i, Q = \gen_regfile_ff.register_file_i.rf_reg_q [895:864]).
Adding EN signal on $flatten\cs_registers_i.$driver$priv_lvl_q ($adff) from module ibex_core (D = \cs_registers_i.priv_lvl_d, Q = \cs_registers_i.priv_lvl_q).
Adding EN signal on $flatten\gen_regfile_ff.register_file_i.$driver$rf_reg_q[30] ($adff) from module ibex_core (D = \gen_regfile_ff.register_file_i.wdata_a_i, Q = \gen_regfile_ff.register_file_i.rf_reg_q [959:928]).
Adding EN signal on $flatten\gen_regfile_ff.register_file_i.$driver$rf_reg_q[27] ($adff) from module ibex_core (D = \gen_regfile_ff.register_file_i.wdata_a_i, Q = \gen_regfile_ff.register_file_i.rf_reg_q [863:832]).
Adding EN signal on $flatten\load_store_unit_i.$driver$rdata_q ($adff) from module ibex_core (D = \data_rdata_i [31:8], Q = \load_store_unit_i.rdata_q).
Adding EN signal on $flatten\gen_regfile_ff.register_file_i.$driver$rf_reg_q[16] ($adff) from module ibex_core (D = \gen_regfile_ff.register_file_i.wdata_a_i, Q = \gen_regfile_ff.register_file_i.rf_reg_q [511:480]).
Adding EN signal on $flatten\if_stage_i.\gen_prefetch_buffer.prefetch_buffer_i.$driver$stored_addr_q ($dff) from module ibex_core (D = $flatten\if_stage_i.\gen_prefetch_buffer.prefetch_buffer_i.$61y [1:0], Q = \if_stage_i.gen_prefetch_buffer.prefetch_buffer_i.stored_addr_q [1:0]).
Adding EN signal on $flatten\if_stage_i.\gen_prefetch_buffer.prefetch_buffer_i.$driver$stored_addr_q ($dff) from module ibex_core (D = \if_stage_i.gen_prefetch_buffer.prefetch_buffer_i.stored_addr_d [31:2], Q = \if_stage_i.gen_prefetch_buffer.prefetch_buffer_i.stored_addr_q [31:2]).
Adding SRST signal on $auto$ff.cc:337:slice$11617 ($dffe) from module ibex_core (D = \if_stage_i.gen_prefetch_buffer.prefetch_buffer_i.fetch_addr_q [0], Q = \if_stage_i.gen_prefetch_buffer.prefetch_buffer_i.stored_addr_q [0], rval = 1'0).
Adding EN signal on $flatten\if_stage_i.\gen_prefetch_buffer.prefetch_buffer_i.$driver$fetch_addr_q ($dff) from module ibex_core (D = \if_stage_i.gen_prefetch_buffer.prefetch_buffer_i.fetch_addr_d, Q = \if_stage_i.gen_prefetch_buffer.prefetch_buffer_i.fetch_addr_q).
Adding EN signal on $flatten\gen_regfile_ff.register_file_i.$driver$rf_reg_q[6] ($adff) from module ibex_core (D = \gen_regfile_ff.register_file_i.wdata_a_i, Q = \gen_regfile_ff.register_file_i.rf_reg_q [191:160]).
Adding EN signal on $flatten\cs_registers_i.$driver$mcountinhibit_q ($adff) from module ibex_core (D = { \cs_registers_i.csr_wdata_int [2] 1'0 \cs_registers_i.csr_wdata_int [0] }, Q = \cs_registers_i.mcountinhibit_q).
Adding EN signal on $flatten\gen_regfile_ff.register_file_i.$driver$rf_reg_q[26] ($adff) from module ibex_core (D = \gen_regfile_ff.register_file_i.wdata_a_i, Q = \gen_regfile_ff.register_file_i.rf_reg_q [831:800]).
Adding EN signal on $flatten\gen_regfile_ff.register_file_i.$driver$rf_reg_q[8] ($adff) from module ibex_core (D = \gen_regfile_ff.register_file_i.wdata_a_i, Q = \gen_regfile_ff.register_file_i.rf_reg_q [255:224]).
Adding EN signal on $flatten\gen_regfile_ff.register_file_i.$driver$rf_reg_q[9] ($adff) from module ibex_core (D = \gen_regfile_ff.register_file_i.wdata_a_i, Q = \gen_regfile_ff.register_file_i.rf_reg_q [287:256]).
Adding EN signal on $flatten\if_stage_i.\gen_prefetch_buffer.prefetch_buffer_i.$driver$rdata_pmp_err_q ($adff) from module ibex_core (D = { 1'0 \if_stage_i.gen_prefetch_buffer.prefetch_buffer_i.rdata_pmp_err_q [1] }, Q = \if_stage_i.gen_prefetch_buffer.prefetch_buffer_i.rdata_pmp_err_q).
Adding EN signal on $flatten\if_stage_i.\gen_prefetch_buffer.prefetch_buffer_i.\fifo_i.$driver$err_q[2:2] ($dff) from module ibex_core (D = \if_stage_i.gen_prefetch_buffer.prefetch_buffer_i.fifo_i.in_err_i, Q = \if_stage_i.gen_prefetch_buffer.prefetch_buffer_i.fifo_i.err_q [2]).
Adding EN signal on $flatten\if_stage_i.\gen_prefetch_buffer.prefetch_buffer_i.\fifo_i.$driver$rdata_q[2] ($dff) from module ibex_core (D = \instr_rdata_i, Q = \if_stage_i.gen_prefetch_buffer.prefetch_buffer_i.fifo_i.rdata_q [95:64]).
Adding EN signal on $flatten\if_stage_i.\gen_prefetch_buffer.prefetch_buffer_i.\fifo_i.$driver$err_q[1:1] ($dff) from module ibex_core (D = \if_stage_i.gen_prefetch_buffer.prefetch_buffer_i.fifo_i.err_d [1], Q = \if_stage_i.gen_prefetch_buffer.prefetch_buffer_i.fifo_i.err_q [1]).
Adding EN signal on $flatten\if_stage_i.\gen_prefetch_buffer.prefetch_buffer_i.\fifo_i.$driver$rdata_q[1] ($dff) from module ibex_core (D = \if_stage_i.gen_prefetch_buffer.prefetch_buffer_i.fifo_i.rdata_d [63:32], Q = \if_stage_i.gen_prefetch_buffer.prefetch_buffer_i.fifo_i.rdata_q [63:32]).
Adding EN signal on $flatten\if_stage_i.\gen_prefetch_buffer.prefetch_buffer_i.\fifo_i.$driver$err_q[0:0] ($dff) from module ibex_core (D = \if_stage_i.gen_prefetch_buffer.prefetch_buffer_i.fifo_i.err_d [0], Q = \if_stage_i.gen_prefetch_buffer.prefetch_buffer_i.fifo_i.err_q [0]).
Adding EN signal on $flatten\if_stage_i.\gen_prefetch_buffer.prefetch_buffer_i.\fifo_i.$driver$rdata_q[0] ($dff) from module ibex_core (D = \if_stage_i.gen_prefetch_buffer.prefetch_buffer_i.fifo_i.rdata_d [31:0], Q = \if_stage_i.gen_prefetch_buffer.prefetch_buffer_i.fifo_i.rdata_q [31:0]).
Adding EN signal on $flatten\gen_regfile_ff.register_file_i.$driver$rf_reg_q[10] ($adff) from module ibex_core (D = \gen_regfile_ff.register_file_i.wdata_a_i, Q = \gen_regfile_ff.register_file_i.rf_reg_q [319:288]).
Adding EN signal on $flatten\cs_registers_i.\u_mepc_csr.$driver$rdata_q ($adff) from module ibex_core (D = \cs_registers_i.u_mepc_csr.wr_data_i, Q = \cs_registers_i.u_mepc_csr.rdata_q).
Adding EN signal on $flatten\cs_registers_i.\u_mstack_epc_csr.$driver$rdata_q ($adff) from module ibex_core (D = \cs_registers_i.u_mepc_csr.rdata_q, Q = \cs_registers_i.u_mstack_epc_csr.rdata_q).
Adding EN signal on $flatten\gen_regfile_ff.register_file_i.$driver$rf_reg_q[25] ($adff) from module ibex_core (D = \gen_regfile_ff.register_file_i.wdata_a_i, Q = \gen_regfile_ff.register_file_i.rf_reg_q [799:768]).
Adding EN signal on $flatten\if_stage_i.\gen_prefetch_buffer.prefetch_buffer_i.\fifo_i.$driver$instr_addr_q ($dff) from module ibex_core (D = \if_stage_i.gen_prefetch_buffer.prefetch_buffer_i.fifo_i.instr_addr_d, Q = \if_stage_i.gen_prefetch_buffer.prefetch_buffer_i.fifo_i.instr_addr_q).
Adding EN signal on $flatten\gen_regfile_ff.register_file_i.$driver$rf_reg_q[1] ($adff) from module ibex_core (D = \gen_regfile_ff.register_file_i.wdata_a_i, Q = \gen_regfile_ff.register_file_i.rf_reg_q [31:0]).
Adding EN signal on $flatten\if_stage_i.$driver$pc_id_o ($dff) from module ibex_core (D = { \if_stage_i.gen_prefetch_buffer.prefetch_buffer_i.fifo_i.instr_addr_q 1'0 }, Q = \if_stage_i.pc_id_o).
Adding EN signal on $flatten\if_stage_i.$driver$illegal_c_insn_id_o ($dff) from module ibex_core (D = \if_stage_i.illegal_c_instr_out, Q = \if_stage_i.illegal_c_insn_id_o).
Adding EN signal on $flatten\if_stage_i.$driver$instr_fetch_err_plus2_o ($dff) from module ibex_core (D = \if_stage_i.fetch_err_plus2, Q = \if_stage_i.instr_fetch_err_plus2_o).
Adding SRST signal on $auto$ff.cc:337:slice$11646 ($dffe) from module ibex_core (D = \if_stage_i.gen_prefetch_buffer.prefetch_buffer_i.fifo_i.err_plus2, Q = \if_stage_i.instr_fetch_err_plus2_o, rval = 1'0).
Adding EN signal on $flatten\if_stage_i.$driver$instr_fetch_err_o ($dff) from module ibex_core (D = \if_stage_i.instr_err_out, Q = \if_stage_i.instr_fetch_err_o).
Adding EN signal on $flatten\if_stage_i.$driver$instr_is_compressed_id_o ($dff) from module ibex_core (D = \if_stage_i.instr_is_compressed_out, Q = \if_stage_i.instr_is_compressed_id_o).
Adding EN signal on $flatten\if_stage_i.$driver$instr_rdata_c_id_o ($dff) from module ibex_core (D = \if_stage_i.compressed_decoder_i.instr_i [15:0], Q = \if_stage_i.instr_rdata_c_id_o).
Adding EN signal on $flatten\if_stage_i.$driver$instr_rdata_alu_id_o ($dff) from module ibex_core (D = \if_stage_i.instr_out, Q = \if_stage_i.instr_rdata_alu_id_o).
Adding EN signal on $flatten\if_stage_i.$driver$instr_rdata_id_o ($dff) from module ibex_core (D = \if_stage_i.instr_out, Q = \if_stage_i.instr_rdata_id_o).
Adding EN signal on $flatten\gen_regfile_ff.register_file_i.$driver$rf_reg_q[24] ($adff) from module ibex_core (D = \gen_regfile_ff.register_file_i.wdata_a_i, Q = \gen_regfile_ff.register_file_i.rf_reg_q [767:736]).
Adding EN signal on $flatten\gen_regfile_ff.register_file_i.$driver$rf_reg_q[2] ($adff) from module ibex_core (D = \gen_regfile_ff.register_file_i.wdata_a_i, Q = \gen_regfile_ff.register_file_i.rf_reg_q [63:32]).
Adding EN signal on $flatten\gen_regfile_ff.register_file_i.$driver$rf_reg_q[13] ($adff) from module ibex_core (D = \gen_regfile_ff.register_file_i.wdata_a_i, Q = \gen_regfile_ff.register_file_i.rf_reg_q [415:384]).
Adding EN signal on $flatten\cs_registers_i.\u_mie_csr.$driver$rdata_q ($adff) from module ibex_core (D = { \cs_registers_i.csr_wdata_int [3] \cs_registers_i.csr_wdata_int [7] \cs_registers_i.csr_wdata_int [11] \cs_registers_i.csr_wdata_int [30:16] }, Q = \cs_registers_i.u_mie_csr.rdata_q).
Adding EN signal on $flatten\id_stage_i.\controller_i.$driver$nmi_mode_q ($adff) from module ibex_core (D = \id_stage_i.controller_i.nmi_mode_d, Q = \id_stage_i.controller_i.nmi_mode_q).
Adding EN signal on $flatten\id_stage_i.\controller_i.$driver$debug_mode_q ($adff) from module ibex_core (D = \id_stage_i.controller_i.debug_mode_d, Q = \id_stage_i.controller_i.debug_mode_q).
Adding EN signal on $flatten\gen_regfile_ff.register_file_i.$driver$rf_reg_q[12] ($adff) from module ibex_core (D = \gen_regfile_ff.register_file_i.wdata_a_i, Q = \gen_regfile_ff.register_file_i.rf_reg_q [383:352]).
Adding EN signal on $flatten\gen_regfile_ff.register_file_i.$driver$rf_reg_q[19] ($adff) from module ibex_core (D = \gen_regfile_ff.register_file_i.wdata_a_i, Q = \gen_regfile_ff.register_file_i.rf_reg_q [607:576]).
Adding EN signal on $flatten\gen_regfile_ff.register_file_i.$driver$rf_reg_q[14] ($adff) from module ibex_core (D = \gen_regfile_ff.register_file_i.wdata_a_i, Q = \gen_regfile_ff.register_file_i.rf_reg_q [447:416]).
Adding EN signal on $flatten\id_stage_i.$driver$id_fsm_q ($adff) from module ibex_core (D = $flatten\id_stage_i.$id_fsm_d$140, Q = \id_stage_i.id_fsm_q).
Adding EN signal on $flatten\gen_regfile_ff.register_file_i.$driver$rf_reg_q[23] ($adff) from module ibex_core (D = \gen_regfile_ff.register_file_i.wdata_a_i, Q = \gen_regfile_ff.register_file_i.rf_reg_q [735:704]).
Adding EN signal on $flatten\cs_registers_i.\minstret_counter_i.$driver$counter_q ($adff) from module ibex_core (D = \cs_registers_i.minstret_counter_i.counter_d [63:32], Q = \cs_registers_i.minstret_counter_i.counter_q [63:32]).
Adding EN signal on $flatten\cs_registers_i.\minstret_counter_i.$driver$counter_q ($adff) from module ibex_core (D = \cs_registers_i.minstret_counter_i.counter_d [31:0], Q = \cs_registers_i.minstret_counter_i.counter_q [31:0]).
Adding EN signal on $flatten\cs_registers_i.\u_mstack_cause_csr.$driver$rdata_q ($adff) from module ibex_core (D = \cs_registers_i.u_mcause_csr.rdata_q, Q = \cs_registers_i.u_mstack_cause_csr.rdata_q).
Adding EN signal on $flatten\gen_regfile_ff.register_file_i.$driver$rf_reg_q[5] ($adff) from module ibex_core (D = \gen_regfile_ff.register_file_i.wdata_a_i, Q = \gen_regfile_ff.register_file_i.rf_reg_q [159:128]).
Adding EN signal on $flatten\cs_registers_i.\u_mscratch_csr.$driver$rdata_q ($adff) from module ibex_core (D = \cs_registers_i.csr_wdata_int, Q = \cs_registers_i.u_mscratch_csr.rdata_q).
Adding EN signal on $flatten\load_store_unit_i.$driver$ls_fsm_cs ($adff) from module ibex_core (D = \load_store_unit_i.ls_fsm_ns, Q = \load_store_unit_i.ls_fsm_cs).
Adding EN signal on $flatten\load_store_unit_i.$driver$lsu_err_q ($adff) from module ibex_core (D = \load_store_unit_i.lsu_err_d, Q = \load_store_unit_i.lsu_err_q).
Adding EN signal on $flatten\load_store_unit_i.$driver$pmp_err_q ($adff) from module ibex_core (D = \load_store_unit_i.pmp_err_d, Q = \load_store_unit_i.pmp_err_q).
Adding EN signal on $flatten\load_store_unit_i.$driver$handle_misaligned_q ($adff) from module ibex_core (D = \load_store_unit_i.handle_misaligned_d, Q = \load_store_unit_i.handle_misaligned_q).
Adding EN signal on $flatten\gen_regfile_ff.register_file_i.$driver$rf_reg_q[18] ($adff) from module ibex_core (D = \gen_regfile_ff.register_file_i.wdata_a_i, Q = \gen_regfile_ff.register_file_i.rf_reg_q [575:544]).
Adding EN signal on $flatten\gen_regfile_ff.register_file_i.$driver$rf_reg_q[20] ($adff) from module ibex_core (D = \gen_regfile_ff.register_file_i.wdata_a_i, Q = \gen_regfile_ff.register_file_i.rf_reg_q [639:608]).
Adding EN signal on $flatten\cs_registers_i.\u_mcause_csr.$driver$rdata_q ($adff) from module ibex_core (D = \cs_registers_i.u_mcause_csr.wr_data_i, Q = \cs_registers_i.u_mcause_csr.rdata_q).
Adding EN signal on $flatten\cs_registers_i.\u_mtval_csr.$driver$rdata_q ($adff) from module ibex_core (D = \cs_registers_i.u_mtval_csr.wr_data_i, Q = \cs_registers_i.u_mtval_csr.rdata_q).
Adding EN signal on $flatten\cs_registers_i.\u_mtvec_csr.$driver$rdata_q ($adff) from module ibex_core (D = \cs_registers_i.u_mtvec_csr.wr_data_i, Q = \cs_registers_i.u_mtvec_csr.rdata_q).
Adding EN signal on $flatten\cs_registers_i.\u_dcsr_csr.$driver$rdata_q ($adff) from module ibex_core (D = { 16'0100000000000000 \cs_registers_i.csr_wdata_int [15] 1'0 \cs_registers_i.csr_wdata_int [13:11] 5'00000 \cs_registers_i.csr_wdata_int [2] }, Q = { \cs_registers_i.u_dcsr_csr.rdata_q [31:9] \cs_registers_i.u_dcsr_csr.rdata_q [5:2] }).
Adding EN signal on $flatten\cs_registers_i.\u_dcsr_csr.$driver$rdata_q ($adff) from module ibex_core (D = { \cs_registers_i.u_dcsr_csr.wr_data_i [8:6] \cs_registers_i.u_dcsr_csr.wr_data_i [1:0] }, Q = { \cs_registers_i.u_dcsr_csr.rdata_q [8:6] \cs_registers_i.u_dcsr_csr.rdata_q [1:0] }).
Adding EN signal on $flatten\cs_registers_i.\u_depc_csr.$driver$rdata_q ($adff) from module ibex_core (D = \cs_registers_i.u_depc_csr.wr_data_i, Q = \cs_registers_i.u_depc_csr.rdata_q).
Adding EN signal on $flatten\cs_registers_i.\u_dscratch0_csr.$driver$rdata_q ($adff) from module ibex_core (D = \cs_registers_i.csr_wdata_int, Q = \cs_registers_i.u_dscratch0_csr.rdata_q).
Adding EN signal on $flatten\cs_registers_i.\u_dscratch1_csr.$driver$rdata_q ($adff) from module ibex_core (D = \cs_registers_i.csr_wdata_int, Q = \cs_registers_i.u_dscratch1_csr.rdata_q).
Adding EN signal on $flatten\gen_regfile_ff.register_file_i.$driver$rf_reg_q[31] ($adff) from module ibex_core (D = \gen_regfile_ff.register_file_i.wdata_a_i, Q = \gen_regfile_ff.register_file_i.rf_reg_q [991:960]).
Adding EN signal on $flatten\cs_registers_i.\u_cpuctrl_csr.$driver$rdata_q ($adff) from module ibex_core (D = 6'000000, Q = \cs_registers_i.u_cpuctrl_csr.rdata_q).
Adding EN signal on $flatten\gen_regfile_ff.register_file_i.$driver$rf_reg_q[7] ($adff) from module ibex_core (D = \gen_regfile_ff.register_file_i.wdata_a_i, Q = \gen_regfile_ff.register_file_i.rf_reg_q [223:192]).
Adding EN signal on $flatten\gen_regfile_ff.register_file_i.$driver$rf_reg_q[22] ($adff) from module ibex_core (D = \gen_regfile_ff.register_file_i.wdata_a_i, Q = \gen_regfile_ff.register_file_i.rf_reg_q [703:672]).
Adding EN signal on $flatten\gen_regfile_ff.register_file_i.$driver$rf_reg_q[15] ($adff) from module ibex_core (D = \gen_regfile_ff.register_file_i.wdata_a_i, Q = \gen_regfile_ff.register_file_i.rf_reg_q [479:448]).
Adding EN signal on $flatten\gen_regfile_ff.register_file_i.$driver$rf_reg_q[21] ($adff) from module ibex_core (D = \gen_regfile_ff.register_file_i.wdata_a_i, Q = \gen_regfile_ff.register_file_i.rf_reg_q [671:640]).
Adding EN signal on $flatten\gen_regfile_ff.register_file_i.$driver$rf_reg_q[11] ($adff) from module ibex_core (D = \gen_regfile_ff.register_file_i.wdata_a_i, Q = \gen_regfile_ff.register_file_i.rf_reg_q [351:320]).
Adding EN signal on $flatten\cs_registers_i.\u_mstack_csr.$driver$rdata_q ($adff) from module ibex_core (D = \cs_registers_i.u_mstatus_csr.rdata_q [4:2], Q = \cs_registers_i.u_mstack_csr.rdata_q).
Setting constant 0-bit at position 1 on $auto$ff.cc:337:slice$11758 ($adffe) from module ibex_core.
Setting constant 0-bit at position 2 on $auto$ff.cc:337:slice$11758 ($adffe) from module ibex_core.
Setting constant 0-bit at position 3 on $auto$ff.cc:337:slice$11758 ($adffe) from module ibex_core.
Setting constant 0-bit at position 4 on $auto$ff.cc:337:slice$11758 ($adffe) from module ibex_core.
Setting constant 0-bit at position 5 on $auto$ff.cc:337:slice$11758 ($adffe) from module ibex_core.
Setting constant 0-bit at position 9 on $auto$ff.cc:337:slice$11758 ($adffe) from module ibex_core.
Setting constant 0-bit at position 11 on $auto$ff.cc:337:slice$11758 ($adffe) from module ibex_core.
Setting constant 0-bit at position 12 on $auto$ff.cc:337:slice$11758 ($adffe) from module ibex_core.
Setting constant 0-bit at position 13 on $auto$ff.cc:337:slice$11758 ($adffe) from module ibex_core.
Setting constant 0-bit at position 14 on $auto$ff.cc:337:slice$11758 ($adffe) from module ibex_core.
Setting constant 0-bit at position 15 on $auto$ff.cc:337:slice$11758 ($adffe) from module ibex_core.
Setting constant 0-bit at position 16 on $auto$ff.cc:337:slice$11758 ($adffe) from module ibex_core.
Setting constant 0-bit at position 17 on $auto$ff.cc:337:slice$11758 ($adffe) from module ibex_core.
Setting constant 0-bit at position 18 on $auto$ff.cc:337:slice$11758 ($adffe) from module ibex_core.
Setting constant 0-bit at position 19 on $auto$ff.cc:337:slice$11758 ($adffe) from module ibex_core.
Setting constant 0-bit at position 20 on $auto$ff.cc:337:slice$11758 ($adffe) from module ibex_core.
Setting constant 0-bit at position 21 on $auto$ff.cc:337:slice$11758 ($adffe) from module ibex_core.
Setting constant 0-bit at position 22 on $auto$ff.cc:337:slice$11758 ($adffe) from module ibex_core.
Setting constant 0-bit at position 23 on $auto$ff.cc:337:slice$11758 ($adffe) from module ibex_core.
Setting constant 0-bit at position 24 on $auto$ff.cc:337:slice$11758 ($adffe) from module ibex_core.
Setting constant 1-bit at position 25 on $auto$ff.cc:337:slice$11758 ($adffe) from module ibex_core.
Setting constant 0-bit at position 26 on $auto$ff.cc:337:slice$11758 ($adffe) from module ibex_core.
Setting constant 0-bit at position 0 on $auto$ff.cc:337:slice$11766 ($adffe) from module ibex_core.
Setting constant 0-bit at position 1 on $auto$ff.cc:337:slice$11766 ($adffe) from module ibex_core.
Setting constant 0-bit at position 2 on $auto$ff.cc:337:slice$11766 ($adffe) from module ibex_core.
Setting constant 0-bit at position 3 on $auto$ff.cc:337:slice$11766 ($adffe) from module ibex_core.
Setting constant 0-bit at position 4 on $auto$ff.cc:337:slice$11766 ($adffe) from module ibex_core.
Setting constant 0-bit at position 5 on $auto$ff.cc:337:slice$11766 ($adffe) from module ibex_core.
Setting constant 0-bit at position 0 on $auto$ff.cc:337:slice$11644 ($dffe) from module ibex_core.
Setting constant 0-bit at position 1 on $auto$ff.cc:337:slice$11631 ($adffe) from module ibex_core.
Setting constant 0-bit at position 1 on $auto$ff.cc:337:slice$11627 ($adffe) from module ibex_core.

6.10.7. Executing OPT_CLEAN pass (remove unused cells and wires).
Finding unused cells or wires in module \ibex_core..
Removed 85 unused cells and 146 unused wires.
<suppressed ~97 debug messages>

6.10.8. Executing OPT_EXPR pass (perform const folding).
Optimizing module ibex_core.
<suppressed ~13 debug messages>

6.10.9. Rerunning OPT passes. (Maybe there is more to do..)

6.10.10. Executing OPT_MUXTREE pass (detect dead branches in mux trees).
Running muxtree optimizer on module \ibex_core..
  Creating internal representation of mux trees.
  Evaluating internal representation of mux trees.
  Analyzing evaluation results.
Removed 0 multiplexer ports.
<suppressed ~1009 debug messages>

6.10.11. Executing OPT_REDUCE pass (consolidate $*mux and $reduce_* inputs).
  Optimizing cells in module \ibex_core.
    New ctrl vector for $pmux cell $flatten\cs_registers_i.$procmux$10123: { $flatten\cs_registers_i.$procmux$10120_CMP $flatten\cs_registers_i.$procmux$10005_CMP $flatten\cs_registers_i.$procmux$10118_CMP $flatten\cs_registers_i.$procmux$10117_CMP $flatten\cs_registers_i.$procmux$10116_CMP $flatten\cs_registers_i.$procmux$10115_CMP $flatten\cs_registers_i.$procmux$10114_CMP $flatten\cs_registers_i.$procmux$10113_CMP $flatten\cs_registers_i.$procmux$10112_CMP $flatten\cs_registers_i.$procmux$10111_CMP $flatten\cs_registers_i.$procmux$10090_CMP $flatten\cs_registers_i.$procmux$10089_CMP $flatten\cs_registers_i.$procmux$10088_CMP $flatten\cs_registers_i.$procmux$10087_CMP $flatten\cs_registers_i.$procmux$10086_CMP $flatten\cs_registers_i.$procmux$10085_CTRL $flatten\cs_registers_i.$procmux$10084_CTRL $flatten\cs_registers_i.$procmux$10083_CTRL }
  Optimizing cells in module \ibex_core.
Performed a total of 1 changes.

6.10.12. Executing OPT_MERGE pass (detect identical cells).
Finding identical cells in module `\ibex_core'.
Computing hashes of 1587 cells of `\ibex_core'.
Finding duplicate cells in `\ibex_core'.
Computing hashes of 1573 cells of `\ibex_core'.
Finding duplicate cells in `\ibex_core'.
Computing hashes of 1535 cells of `\ibex_core'.
Finding duplicate cells in `\ibex_core'.
Computing hashes of 1534 cells of `\ibex_core'.
Finding duplicate cells in `\ibex_core'.
<suppressed ~159 debug messages>
Removed a total of 53 cells.

6.10.13. Executing OPT_DFF pass (perform DFF optimizations).
Setting constant 0-bit at position 0 on $auto$ff.cc:337:slice$11775 ($adffe) from module ibex_core.

6.10.14. Executing OPT_CLEAN pass (remove unused cells and wires).
Finding unused cells or wires in module \ibex_core..
Removed 0 unused cells and 42 unused wires.
<suppressed ~1 debug messages>

6.10.15. Executing OPT_EXPR pass (perform const folding).
Optimizing module ibex_core.
<suppressed ~2 debug messages>

6.10.16. Rerunning OPT passes. (Maybe there is more to do..)

6.10.17. Executing OPT_MUXTREE pass (detect dead branches in mux trees).
Running muxtree optimizer on module \ibex_core..
  Creating internal representation of mux trees.
  Evaluating internal representation of mux trees.
  Analyzing evaluation results.
Removed 0 multiplexer ports.
<suppressed ~1009 debug messages>

6.10.18. Executing OPT_REDUCE pass (consolidate $*mux and $reduce_* inputs).
  Optimizing cells in module \ibex_core.
Performed a total of 0 changes.

6.10.19. Executing OPT_MERGE pass (detect identical cells).
Finding identical cells in module `\ibex_core'.
Computing hashes of 1531 cells of `\ibex_core'.
Finding duplicate cells in `\ibex_core'.
Removed a total of 0 cells.

6.10.20. Executing OPT_DFF pass (perform DFF optimizations).

6.10.21. Executing OPT_CLEAN pass (remove unused cells and wires).
Finding unused cells or wires in module \ibex_core..
Removed 0 unused cells and 1 unused wires.
<suppressed ~1 debug messages>

6.10.22. Executing OPT_EXPR pass (perform const folding).
Optimizing module ibex_core.

6.10.23. Rerunning OPT passes. (Maybe there is more to do..)

6.10.24. Executing OPT_MUXTREE pass (detect dead branches in mux trees).
Running muxtree optimizer on module \ibex_core..
  Creating internal representation of mux trees.
  Evaluating internal representation of mux trees.
  Analyzing evaluation results.
Removed 0 multiplexer ports.
<suppressed ~1009 debug messages>

6.10.25. Executing OPT_REDUCE pass (consolidate $*mux and $reduce_* inputs).
  Optimizing cells in module \ibex_core.
Performed a total of 0 changes.

6.10.26. Executing OPT_MERGE pass (detect identical cells).
Finding identical cells in module `\ibex_core'.
Computing hashes of 1531 cells of `\ibex_core'.
Finding duplicate cells in `\ibex_core'.
Removed a total of 0 cells.

6.10.27. Executing OPT_DFF pass (perform DFF optimizations).

6.10.28. Executing OPT_CLEAN pass (remove unused cells and wires).
Finding unused cells or wires in module \ibex_core..

6.10.29. Executing OPT_EXPR pass (perform const folding).
Optimizing module ibex_core.

6.10.30. Finished fast OPT passes. (There is nothing left to do.)

6.11. Executing WREDUCE pass (reducing word size of cells).
Removed top 27 address bits (of 32) from memory init port ibex_core.$flatten\id_stage_i.\decoder_i.$auto$mem.cc:351:emit$5587 ($flatten\id_stage_i.\decoder_i.$auto$proc_rom.cc:155:do_switch$5585).
Removed top 1 bits (of 2) from port B of cell ibex_core.$auto$opt_dff.cc:320:make_patterns_logic$11726 ($ne).
Removed top 1 bits (of 2) from port B of cell ibex_core.$auto$opt_dff.cc:320:make_patterns_logic$11715 ($ne).
Removed top 1 bits (of 2) from port B of cell ibex_core.$auto$opt_dff.cc:320:make_patterns_logic$11713 ($ne).
Removed top 1 bits (of 3) from port B of cell ibex_core.$auto$opt_dff.cc:320:make_patterns_logic$11707 ($ne).
Removed top 1 bits (of 2) from port B of cell ibex_core.$auto$opt_dff.cc:320:make_patterns_logic$11692 ($ne).
Removed top 1 bits (of 2) from port B of cell ibex_core.$auto$opt_dff.cc:320:make_patterns_logic$11678 ($ne).
Removed top 1 bits (of 2) from port B of cell ibex_core.$auto$opt_dff.cc:320:make_patterns_logic$11674 ($ne).
Removed top 1 bits (of 2) from port B of cell ibex_core.$auto$opt_dff.cc:320:make_patterns_logic$11667 ($ne).
Removed top 1 bits (of 2) from port B of cell ibex_core.$auto$opt_dff.cc:320:make_patterns_logic$11665 ($ne).
Removed top 1 bits (of 2) from port B of cell ibex_core.$auto$opt_dff.cc:320:make_patterns_logic$11661 ($ne).
Removed top 1 bits (of 2) from port B of cell ibex_core.$auto$opt_dff.cc:320:make_patterns_logic$11583 ($ne).
Removed top 1 bits (of 2) from port B of cell ibex_core.$auto$fsm_map.cc:77:implement_pattern_cache$11547 ($eq).
Removed top 1 bits (of 2) from port B of cell ibex_core.$auto$fsm_map.cc:77:implement_pattern_cache$11529 ($eq).
Removed top 1 bits (of 2) from port B of cell ibex_core.$auto$fsm_map.cc:77:implement_pattern_cache$11476 ($eq).
Removed top 1 bits (of 6) from port B of cell ibex_core.$auto$fsm_map.cc:77:implement_pattern_cache$11431 ($eq).
Removed top 2 bits (of 3) from port B of cell ibex_core.$auto$fsm_map.cc:77:implement_pattern_cache$11413 ($eq).
Removed top 2 bits (of 4) from port B of cell ibex_core.$auto$fsm_map.cc:77:implement_pattern_cache$11409 ($eq).
Removed top 2 bits (of 4) from port B of cell ibex_core.$auto$fsm_map.cc:77:implement_pattern_cache$11393 ($eq).
Removed top 1 bits (of 3) from port B of cell ibex_core.$auto$fsm_map.cc:77:implement_pattern_cache$11389 ($eq).
Removed top 2 bits (of 3) from port B of cell ibex_core.$auto$fsm_map.cc:77:implement_pattern_cache$11385 ($eq).
Removed top 1 bits (of 4) from port B of cell ibex_core.$auto$fsm_map.cc:77:implement_pattern_cache$11381 ($eq).
Removed top 1 bits (of 2) from port B of cell ibex_core.$auto$fsm_map.cc:77:implement_pattern_cache$11376 ($eq).
Removed top 2 bits (of 5) from port B of cell ibex_core.$auto$fsm_map.cc:77:implement_pattern_cache$11368 ($eq).
Removed top 3 bits (of 5) from port B of cell ibex_core.$flatten\if_stage_i.\compressed_decoder_i.$7 ($eq).
Removed top 11 bits (of 32) from mux cell ibex_core.$flatten\if_stage_i.\compressed_decoder_i.$procmux$9097 ($mux).
Removed top 7 bits (of 32) from mux cell ibex_core.$flatten\if_stage_i.\compressed_decoder_i.$procmux$9114 ($mux).
Removed top 7 bits (of 32) from mux cell ibex_core.$flatten\if_stage_i.\compressed_decoder_i.$procmux$9156 ($mux).
Removed top 1 bits (of 3) from port B of cell ibex_core.$flatten\if_stage_i.\compressed_decoder_i.$procmux$9249_CMP0 ($eq).
Removed top 1 bits (of 3) from port B of cell ibex_core.$flatten\if_stage_i.\compressed_decoder_i.$procmux$9250_CMP0 ($eq).
Removed top 2 bits (of 3) from port B of cell ibex_core.$flatten\if_stage_i.\compressed_decoder_i.$procmux$9251_CMP0 ($eq).
Removed top 1 bits (of 2) from port B of cell ibex_core.$flatten\if_stage_i.\compressed_decoder_i.$procmux$9292_CMP1 ($eq).
Removed top 3 bits (of 32) from mux cell ibex_core.$flatten\if_stage_i.\compressed_decoder_i.$procmux$9312 ($mux).
Removed top 2 bits (of 3) from port B of cell ibex_core.$flatten\if_stage_i.\compressed_decoder_i.$procmux$9357_CMP0 ($eq).
Removed top 1 bits (of 3) from port B of cell ibex_core.$flatten\if_stage_i.\compressed_decoder_i.$procmux$9357_CMP1 ($eq).
Removed top 1 bits (of 3) from port B of cell ibex_core.$flatten\if_stage_i.\compressed_decoder_i.$procmux$9368_CMP0 ($eq).
Removed top 1 bits (of 2) from port B of cell ibex_core.$flatten\if_stage_i.\compressed_decoder_i.$procmux$9378_CMP0 ($eq).
Removed top 29 bits (of 32) from port B of cell ibex_core.$flatten\if_stage_i.\gen_prefetch_buffer.prefetch_buffer_i.$56 ($add).
Removed top 29 bits (of 31) from port B of cell ibex_core.$flatten\if_stage_i.\gen_prefetch_buffer.prefetch_buffer_i.\fifo_i.$50 ($add).
Removed top 1 bits (of 2) from port B of cell ibex_core.$flatten\if_stage_i.$procmux$11122_CMP0 ($eq).
Removed top 2 bits (of 3) from port B of cell ibex_core.$flatten\if_stage_i.$procmux$11118_CMP0 ($eq).
Removed top 1 bits (of 3) from port B of cell ibex_core.$flatten\if_stage_i.$procmux$11117_CMP0 ($eq).
Removed top 1 bits (of 3) from port B of cell ibex_core.$flatten\if_stage_i.$procmux$11116_CMP0 ($eq).
Removed top 30 bits (of 32) from port B of cell ibex_core.$flatten\id_stage_i.\controller_i.$180 ($add).
Removed top 4 bits (of 6) from mux cell ibex_core.$flatten\id_stage_i.\controller_i.$184 ($mux).
Removed top 4 bits (of 6) from mux cell ibex_core.$flatten\id_stage_i.\controller_i.$procmux$6284 ($mux).
Removed top 2 bits (of 6) from mux cell ibex_core.$flatten\id_stage_i.\controller_i.$procmux$6383 ($pmux).
Removed top 2 bits (of 6) from mux cell ibex_core.$flatten\id_stage_i.\controller_i.$procmux$6478 ($mux).
Removed top 3 bits (of 6) from mux cell ibex_core.$flatten\id_stage_i.\controller_i.$procmux$6605 ($mux).
Removed top 2 bits (of 6) from mux cell ibex_core.$flatten\id_stage_i.\controller_i.$procmux$6626 ($mux).
Removed top 1 bits (of 6) from mux cell ibex_core.$flatten\id_stage_i.\controller_i.$procmux$6644 ($mux).
Removed top 1 bits (of 6) from mux cell ibex_core.$flatten\id_stage_i.\controller_i.$procmux$6659 ($mux).
Removed top 3 bits (of 4) from mux cell ibex_core.$flatten\id_stage_i.\controller_i.$procmux$7215 ($mux).
Removed top 2 bits (of 4) from mux cell ibex_core.$flatten\id_stage_i.\controller_i.$procmux$7258 ($mux).
Removed top 2 bits (of 4) from mux cell ibex_core.$flatten\id_stage_i.\controller_i.$procmux$7298 ($mux).
Removed top 1 bits (of 4) from mux cell ibex_core.$flatten\id_stage_i.\controller_i.$procmux$7335 ($mux).
Removed top 1 bits (of 4) from mux cell ibex_core.$flatten\id_stage_i.\controller_i.$procmux$7369 ($mux).
Removed top 1 bits (of 4) from mux cell ibex_core.$flatten\id_stage_i.\controller_i.$procmux$7400 ($mux).
Removed top 1 bits (of 4) from mux cell ibex_core.$flatten\id_stage_i.\controller_i.$procmux$7428 ($mux).
Removed top 1 bits (of 5) from port B of cell ibex_core.$flatten\id_stage_i.\decoder_i.$153 ($eq).
Removed top 6 bits (of 10) from port B of cell ibex_core.$flatten\id_stage_i.\decoder_i.$procmux$7826_CMP0 ($eq).
Removed top 6 bits (of 10) from port B of cell ibex_core.$flatten\id_stage_i.\decoder_i.$procmux$7827_CMP0 ($eq).
Removed top 6 bits (of 10) from port B of cell ibex_core.$flatten\id_stage_i.\decoder_i.$procmux$7828_CMP0 ($eq).
Removed top 6 bits (of 10) from port B of cell ibex_core.$flatten\id_stage_i.\decoder_i.$procmux$7829_CMP0 ($eq).
Removed top 6 bits (of 10) from port B of cell ibex_core.$flatten\id_stage_i.\decoder_i.$procmux$7830_CMP0 ($eq).
Removed top 6 bits (of 10) from port B of cell ibex_core.$flatten\id_stage_i.\decoder_i.$procmux$7831_CMP0 ($eq).
Removed top 6 bits (of 10) from port B of cell ibex_core.$flatten\id_stage_i.\decoder_i.$procmux$7832_CMP0 ($eq).
Removed top 6 bits (of 10) from port B of cell ibex_core.$flatten\id_stage_i.\decoder_i.$procmux$7833_CMP0 ($eq).
Removed top 1 bits (of 10) from port B of cell ibex_core.$flatten\id_stage_i.\decoder_i.$procmux$7834_CMP0 ($eq).
Removed top 7 bits (of 10) from port B of cell ibex_core.$flatten\id_stage_i.\decoder_i.$procmux$7835_CMP0 ($eq).
Removed top 9 bits (of 10) from port B of cell ibex_core.$flatten\id_stage_i.\decoder_i.$procmux$7836_CMP0 ($eq).
Removed top 7 bits (of 10) from port B of cell ibex_core.$flatten\id_stage_i.\decoder_i.$procmux$7837_CMP0 ($eq).
Removed top 7 bits (of 10) from port B of cell ibex_core.$flatten\id_stage_i.\decoder_i.$procmux$7838_CMP0 ($eq).
Removed top 7 bits (of 10) from port B of cell ibex_core.$flatten\id_stage_i.\decoder_i.$procmux$7839_CMP0 ($eq).
Removed top 8 bits (of 10) from port B of cell ibex_core.$flatten\id_stage_i.\decoder_i.$procmux$7840_CMP0 ($eq).
Removed top 1 bits (of 10) from port B of cell ibex_core.$flatten\id_stage_i.\decoder_i.$procmux$7841_CMP0 ($eq).
Removed top 1 bits (of 3) from port B of cell ibex_core.$flatten\id_stage_i.\decoder_i.$procmux$7911_CMP0 ($eq).
Removed top 1 bits (of 3) from port B of cell ibex_core.$flatten\id_stage_i.\decoder_i.$procmux$7912_CMP0 ($eq).
Removed top 2 bits (of 3) from mux cell ibex_core.$flatten\id_stage_i.\decoder_i.$procmux$7936 ($mux).
Removed top 1 bits (of 3) from mux cell ibex_core.$flatten\id_stage_i.\decoder_i.$procmux$7994 ($mux).
Removed top 2 bits (of 3) from mux cell ibex_core.$flatten\id_stage_i.\decoder_i.$procmux$8132 ($mux).
Removed top 3 bits (of 12) from port B of cell ibex_core.$flatten\id_stage_i.\decoder_i.$procmux$8316_CMP0 ($eq).
Removed top 2 bits (of 12) from port B of cell ibex_core.$flatten\id_stage_i.\decoder_i.$procmux$8350_CMP0 ($eq).
Removed top 11 bits (of 12) from port B of cell ibex_core.$flatten\id_stage_i.\decoder_i.$procmux$8362_CMP0 ($eq).
Removed top 8 bits (of 10) from port B of cell ibex_core.$flatten\id_stage_i.\decoder_i.$procmux$8515_CMP3 ($eq).
Removed top 1 bits (of 5) from port B of cell ibex_core.$flatten\id_stage_i.\decoder_i.$procmux$8701_CMP0 ($eq).
Removed top 1 bits (of 2) from port B of cell ibex_core.$flatten\id_stage_i.\decoder_i.$procmux$8793_CMP0 ($eq).
Removed top 2 bits (of 3) from port B of cell ibex_core.$flatten\id_stage_i.\decoder_i.$procmux$8820_CMP1 ($eq).
Removed top 2 bits (of 7) from port B of cell ibex_core.$flatten\id_stage_i.\decoder_i.$procmux$8933_CMP0 ($eq).
Removed top 2 bits (of 7) from port B of cell ibex_core.$flatten\id_stage_i.\decoder_i.$procmux$8934_CMP0 ($eq).
Removed top 1 bits (of 7) from port B of cell ibex_core.$flatten\id_stage_i.\decoder_i.$procmux$8935_CMP0 ($eq).
Removed top 5 bits (of 7) from port B of cell ibex_core.$flatten\id_stage_i.\decoder_i.$procmux$9008_CMP0 ($eq).
Removed top 1 bits (of 7) from port B of cell ibex_core.$flatten\id_stage_i.\decoder_i.$procmux$9010_CMP0 ($eq).
Removed top 1 bits (of 7) from port B of cell ibex_core.$flatten\id_stage_i.\decoder_i.$procmux$9026_CMP0 ($eq).
Removed top 3 bits (of 7) from port B of cell ibex_core.$flatten\id_stage_i.\decoder_i.$procmux$9066_CMP0 ($eq).
Removed top 1 bits (of 3) from port B of cell ibex_core.$flatten\id_stage_i.$procmux$11087_CMP0 ($eq).
Removed top 1 bits (of 3) from port B of cell ibex_core.$flatten\id_stage_i.$procmux$11088_CMP0 ($eq).
Removed top 2 bits (of 3) from port B of cell ibex_core.$flatten\id_stage_i.$procmux$11089_CMP0 ($eq).
Removed top 1 bits (of 12) from port B of cell ibex_core.$flatten\id_stage_i.$59 ($eq).
Removed top 1 bits (of 12) from port B of cell ibex_core.$flatten\id_stage_i.$57 ($eq).
Removed top 1 bits (of 12) from port B of cell ibex_core.$flatten\id_stage_i.$55 ($eq).
Removed top 1 bits (of 12) from port B of cell ibex_core.$flatten\id_stage_i.$54 ($eq).
Removed top 2 bits (of 12) from port B of cell ibex_core.$flatten\id_stage_i.$48 ($eq).
Removed top 2 bits (of 12) from port B of cell ibex_core.$flatten\id_stage_i.$47 ($eq).
Removed top 1 bits (of 2) from port B of cell ibex_core.$flatten\id_stage_i.$procmux$11094_CMP0 ($eq).
Removed top 29 bits (of 32) from mux cell ibex_core.$flatten\id_stage_i.$19 ($mux).
Removed top 27 bits (of 32) from mux cell ibex_core.$flatten\id_stage_i.$9 ($mux).
Converting cell ibex_core.$flatten\ex_block_i.\gen_multdiv_fast.multdiv_i.$29 ($mul) from unsigned to signed.
Removed top 18 bits (of 35) from port A of cell ibex_core.$flatten\ex_block_i.\gen_multdiv_fast.multdiv_i.$29 ($mul).
Removed top 18 bits (of 35) from port B of cell ibex_core.$flatten\ex_block_i.\gen_multdiv_fast.multdiv_i.$29 ($mul).
Removed top 1 bits (of 35) from port Y of cell ibex_core.$flatten\ex_block_i.\gen_multdiv_fast.multdiv_i.$29 ($mul).
Converting cell ibex_core.$flatten\ex_block_i.\gen_multdiv_fast.multdiv_i.$30 ($add) from unsigned to signed.
Removed top 1 bits (of 35) from port A of cell ibex_core.$flatten\ex_block_i.\gen_multdiv_fast.multdiv_i.$30 ($add).
Removed top 1 bits (of 35) from port B of cell ibex_core.$flatten\ex_block_i.\gen_multdiv_fast.multdiv_i.$30 ($add).
Removed top 1 bits (of 35) from port Y of cell ibex_core.$flatten\ex_block_i.\gen_multdiv_fast.multdiv_i.$30 ($add).
Removed top 1 bits (of 33) from port A of cell ibex_core.$flatten\ex_block_i.\gen_multdiv_fast.multdiv_i.$68 ($or).
Removed top 1 bits (of 33) from port B of cell ibex_core.$flatten\ex_block_i.\gen_multdiv_fast.multdiv_i.$68 ($or).
Removed top 1 bits (of 33) from port Y of cell ibex_core.$flatten\ex_block_i.\gen_multdiv_fast.multdiv_i.$68 ($or).
Removed top 1 bits (of 33) from mux cell ibex_core.$flatten\ex_block_i.\gen_multdiv_fast.multdiv_i.$69 ($mux).
Removed top 31 bits (of 32) from port A of cell ibex_core.$flatten\ex_block_i.\gen_multdiv_fast.multdiv_i.$71 ($shl).
Removed top 4 bits (of 5) from port B of cell ibex_core.$flatten\ex_block_i.\gen_multdiv_fast.multdiv_i.$89 ($sub).
Converting cell ibex_core.$flatten\ex_block_i.\gen_multdiv_fast.multdiv_i.$106 ($lt) from signed to unsigned.
Removed top 1 bits (of 6) from port A of cell ibex_core.$flatten\ex_block_i.\gen_multdiv_fast.multdiv_i.$106 ($lt).
Removed top 1 bits (of 7) from port B of cell ibex_core.$flatten\ex_block_i.\gen_multdiv_fast.multdiv_i.$106 ($lt).
Removed top 4 bits (of 5) from port B of cell ibex_core.$flatten\ex_block_i.\gen_multdiv_fast.multdiv_i.$109 ($eq).
Removed top 2 bits (of 34) from mux cell ibex_core.$flatten\ex_block_i.\gen_multdiv_fast.multdiv_i.$procmux$5689 ($mux).
Removed top 1 bits (of 34) from port A of cell ibex_core.$flatten\ex_block_i.\alu_i.$42 ($add).
Removed top 1 bits (of 34) from port B of cell ibex_core.$flatten\ex_block_i.\alu_i.$42 ($add).
Removed top 1 bits (of 34) from port Y of cell ibex_core.$flatten\ex_block_i.\alu_i.$42 ($add).
Removed top 26 bits (of 32) from port A of cell ibex_core.$flatten\ex_block_i.\alu_i.$106 ($sub).
Removed top 27 bits (of 32) from port B of cell ibex_core.$flatten\ex_block_i.\alu_i.$106 ($sub).
Removed top 27 bits (of 32) from port Y of cell ibex_core.$flatten\ex_block_i.\alu_i.$106 ($sub).
Removed top 5 bits (of 6) from port A of cell ibex_core.$flatten\ex_block_i.\alu_i.$106 ($sub).
Removed top 1 bits (of 33) from port Y of cell ibex_core.$flatten\ex_block_i.\alu_i.$129 ($sshr).
Removed top 2 bits (of 6) from port B of cell ibex_core.$flatten\ex_block_i.\alu_i.$procmux$5950_CMP1 ($eq).
Removed top 2 bits (of 6) from port B of cell ibex_core.$flatten\ex_block_i.\alu_i.$procmux$5950_CMP2 ($eq).
Removed top 2 bits (of 6) from port B of cell ibex_core.$flatten\ex_block_i.\alu_i.$procmux$5950_CMP3 ($eq).
Removed top 2 bits (of 6) from port B of cell ibex_core.$flatten\ex_block_i.\alu_i.$procmux$5950_CMP4 ($eq).
Removed top 4 bits (of 6) from port B of cell ibex_core.$flatten\ex_block_i.\alu_i.$procmux$5952_CMP0 ($eq).
Removed top 3 bits (of 6) from port B of cell ibex_core.$flatten\ex_block_i.\alu_i.$procmux$5952_CMP1 ($eq).
Removed top 4 bits (of 6) from port B of cell ibex_core.$flatten\ex_block_i.\alu_i.$procmux$5952_CMP2 ($eq).
Removed top 3 bits (of 6) from port B of cell ibex_core.$flatten\ex_block_i.\alu_i.$procmux$5952_CMP3 ($eq).
Removed top 3 bits (of 6) from port B of cell ibex_core.$flatten\ex_block_i.\alu_i.$procmux$5952_CMP4 ($eq).
Removed top 3 bits (of 6) from port B of cell ibex_core.$flatten\ex_block_i.\alu_i.$procmux$5952_CMP5 ($eq).
Removed top 2 bits (of 6) from port B of cell ibex_core.$flatten\ex_block_i.\alu_i.$procmux$5963_CMP0 ($eq).
Removed top 1 bits (of 6) from port B of cell ibex_core.$flatten\ex_block_i.\alu_i.$procmux$5970_CMP3 ($eq).
Removed top 1 bits (of 6) from port B of cell ibex_core.$flatten\ex_block_i.\alu_i.$procmux$5977_CMP4 ($eq).
Removed top 5 bits (of 6) from port B of cell ibex_core.$flatten\ex_block_i.\alu_i.$procmux$5984_CMP0 ($eq).
Removed top 1 bits (of 6) from port B of cell ibex_core.$flatten\ex_block_i.\alu_i.$procmux$5984_CMP1 ($eq).
Removed top 1 bits (of 6) from port B of cell ibex_core.$flatten\ex_block_i.\alu_i.$procmux$5984_CMP2 ($eq).
Removed top 1 bits (of 6) from port B of cell ibex_core.$flatten\ex_block_i.\alu_i.$procmux$5984_CMP3 ($eq).
Removed top 1 bits (of 6) from port B of cell ibex_core.$flatten\ex_block_i.\alu_i.$procmux$5984_CMP4 ($eq).
Removed top 1 bits (of 6) from port B of cell ibex_core.$flatten\ex_block_i.\alu_i.$procmux$5984_CMP5 ($eq).
Removed top 1 bits (of 6) from port B of cell ibex_core.$flatten\ex_block_i.\alu_i.$procmux$5984_CMP6 ($eq).
Removed top 1 bits (of 6) from port B of cell ibex_core.$flatten\ex_block_i.\alu_i.$procmux$5984_CMP9 ($eq).
Removed top 1 bits (of 6) from port B of cell ibex_core.$flatten\ex_block_i.\alu_i.$procmux$5984_CMP10 ($eq).
Removed top 2 bits (of 34) from mux cell ibex_core.$flatten\ex_block_i.$4 ($mux).
Removed top 1 bits (of 2) from port B of cell ibex_core.$flatten\load_store_unit_i.$procmux$10712_CMP0 ($eq).
Removed top 1 bits (of 2) from port B of cell ibex_core.$flatten\load_store_unit_i.$procmux$10639_CMP0 ($eq).
Removed top 2 bits (of 3) from port B of cell ibex_core.$flatten\load_store_unit_i.$procmux$10354_CMP0 ($eq).
Removed top 1 bits (of 3) from port B of cell ibex_core.$flatten\load_store_unit_i.$procmux$10286_CMP0 ($eq).
Removed top 1 bits (of 3) from port B of cell ibex_core.$flatten\load_store_unit_i.$procmux$10258_CMP0 ($eq).
Removed top 1 bits (of 3) from mux cell ibex_core.$flatten\load_store_unit_i.$92 ($mux).
Removed top 1 bits (of 3) from mux cell ibex_core.$flatten\load_store_unit_i.$70 ($mux).
Removed top 1 bits (of 3) from mux cell ibex_core.$flatten\load_store_unit_i.$69 ($mux).
Removed top 1 bits (of 2) from port B of cell ibex_core.$flatten\load_store_unit_i.$62 ($eq).
Converting cell ibex_core.$flatten\gen_regfile_ff.register_file_i.$195 ($lt) from signed to unsigned.
Removed top 1 bits (of 6) from port A of cell ibex_core.$flatten\gen_regfile_ff.register_file_i.$195 ($lt).
Removed top 1 bits (of 7) from port B of cell ibex_core.$flatten\gen_regfile_ff.register_file_i.$195 ($lt).
Converting cell ibex_core.$flatten\gen_regfile_ff.register_file_i.$191 ($lt) from signed to unsigned.
Removed top 1 bits (of 6) from port A of cell ibex_core.$flatten\gen_regfile_ff.register_file_i.$191 ($lt).
Removed top 1 bits (of 7) from port B of cell ibex_core.$flatten\gen_regfile_ff.register_file_i.$191 ($lt).
Removed top 1 bits (of 5) from port B of cell ibex_core.$flatten\gen_regfile_ff.register_file_i.$29 ($eq).
Removed top 1 bits (of 5) from port B of cell ibex_core.$flatten\gen_regfile_ff.register_file_i.$27 ($eq).
Removed top 1 bits (of 5) from port B of cell ibex_core.$flatten\gen_regfile_ff.register_file_i.$25 ($eq).
Removed top 1 bits (of 5) from port B of cell ibex_core.$flatten\gen_regfile_ff.register_file_i.$23 ($eq).
Removed top 1 bits (of 5) from port B of cell ibex_core.$flatten\gen_regfile_ff.register_file_i.$21 ($eq).
Removed top 1 bits (of 5) from port B of cell ibex_core.$flatten\gen_regfile_ff.register_file_i.$19 ($eq).
Removed top 1 bits (of 5) from port B of cell ibex_core.$flatten\gen_regfile_ff.register_file_i.$17 ($eq).
Removed top 1 bits (of 5) from port B of cell ibex_core.$flatten\gen_regfile_ff.register_file_i.$15 ($eq).
Removed top 2 bits (of 5) from port B of cell ibex_core.$flatten\gen_regfile_ff.register_file_i.$13 ($eq).
Removed top 2 bits (of 5) from port B of cell ibex_core.$flatten\gen_regfile_ff.register_file_i.$11 ($eq).
Removed top 2 bits (of 5) from port B of cell ibex_core.$flatten\gen_regfile_ff.register_file_i.$9 ($eq).
Removed top 2 bits (of 5) from port B of cell ibex_core.$flatten\gen_regfile_ff.register_file_i.$7 ($eq).
Removed top 3 bits (of 5) from port B of cell ibex_core.$flatten\gen_regfile_ff.register_file_i.$5 ($eq).
Removed top 3 bits (of 5) from port B of cell ibex_core.$flatten\gen_regfile_ff.register_file_i.$3 ($eq).
Removed top 4 bits (of 5) from port B of cell ibex_core.$flatten\gen_regfile_ff.register_file_i.$1 ($eq).
Removed top 63 bits (of 64) from port B of cell ibex_core.$flatten\cs_registers_i.\minstret_counter_i.$3 ($add).
Removed top 63 bits (of 64) from port B of cell ibex_core.$flatten\cs_registers_i.\mcycle_counter_i.$3 ($add).
Removed top 2 bits (of 12) from port B of cell ibex_core.$flatten\cs_registers_i.$procmux$10130_CMP4 ($eq).
Removed top 2 bits (of 12) from port B of cell ibex_core.$flatten\cs_registers_i.$procmux$10130_CMP3 ($eq).
Removed top 2 bits (of 12) from port B of cell ibex_core.$flatten\cs_registers_i.$procmux$10130_CMP2 ($eq).
Removed top 2 bits (of 12) from port B of cell ibex_core.$flatten\cs_registers_i.$procmux$10130_CMP1 ($eq).
Removed top 2 bits (of 12) from port B of cell ibex_core.$flatten\cs_registers_i.$procmux$10130_CMP0 ($eq).
Removed top 1 bits (of 12) from port B of cell ibex_core.$flatten\cs_registers_i.$procmux$10081_CMP0 ($eq).
Removed top 23 bits (of 32) from mux cell ibex_core.$flatten\cs_registers_i.$procmux$10053 ($mux).
Removed top 29 bits (of 32) from mux cell ibex_core.$flatten\cs_registers_i.$procmux$10035 ($mux).
Removed top 29 bits (of 32) from mux cell ibex_core.$flatten\cs_registers_i.$procmux$10032 ($mux).
Removed top 29 bits (of 32) from mux cell ibex_core.$flatten\cs_registers_i.$procmux$9891 ($mux).
Removed top 29 bits (of 32) from mux cell ibex_core.$flatten\cs_registers_i.$procmux$9827 ($mux).
Removed top 29 bits (of 32) from mux cell ibex_core.$flatten\cs_registers_i.$procmux$9820 ($mux).
Removed top 1 bits (of 12) from port B of cell ibex_core.$flatten\cs_registers_i.$procmux$9815_CMP0 ($eq).
Removed top 2 bits (of 12) from port B of cell ibex_core.$flatten\cs_registers_i.$procmux$10130_CMP10 ($eq).
Removed top 2 bits (of 12) from port B of cell ibex_core.$flatten\cs_registers_i.$procmux$10130_CMP11 ($eq).
Removed top 2 bits (of 12) from port B of cell ibex_core.$flatten\cs_registers_i.$procmux$10130_CMP12 ($eq).
Removed top 2 bits (of 12) from port B of cell ibex_core.$flatten\cs_registers_i.$procmux$10130_CMP13 ($eq).
Removed top 2 bits (of 12) from port B of cell ibex_core.$flatten\cs_registers_i.$procmux$10130_CMP14 ($eq).
Removed top 2 bits (of 12) from port B of cell ibex_core.$flatten\cs_registers_i.$procmux$10130_CMP15 ($eq).
Removed top 2 bits (of 12) from port B of cell ibex_core.$flatten\cs_registers_i.$procmux$10130_CMP19 ($eq).
Removed top 2 bits (of 12) from port B of cell ibex_core.$flatten\cs_registers_i.$procmux$10130_CMP20 ($eq).
Removed top 2 bits (of 12) from port B of cell ibex_core.$flatten\cs_registers_i.$procmux$10130_CMP23 ($eq).
Removed top 2 bits (of 12) from port B of cell ibex_core.$flatten\cs_registers_i.$procmux$10130_CMP24 ($eq).
Removed top 2 bits (of 12) from port B of cell ibex_core.$flatten\cs_registers_i.$procmux$10130_CMP28 ($eq).
Removed top 1 bits (of 12) from port B of cell ibex_core.$flatten\cs_registers_i.$procmux$10134_CMP0 ($eq).
Removed top 1 bits (of 12) from port B of cell ibex_core.$flatten\cs_registers_i.$procmux$10135_CMP0 ($eq).
Removed top 2 bits (of 12) from port B of cell ibex_core.$flatten\cs_registers_i.$procmux$10139_CMP0 ($eq).
Removed top 2 bits (of 12) from port B of cell ibex_core.$flatten\cs_registers_i.$procmux$10140_CMP0 ($eq).
Removed top 2 bits (of 12) from port B of cell ibex_core.$flatten\cs_registers_i.$procmux$10144_CMP0 ($eq).
Removed top 2 bits (of 12) from port B of cell ibex_core.$flatten\cs_registers_i.$procmux$10147_CMP0 ($eq).
Removed top 2 bits (of 12) from port B of cell ibex_core.$flatten\cs_registers_i.$procmux$10150_CMP0 ($eq).
Removed top 2 bits (of 12) from port B of cell ibex_core.$flatten\cs_registers_i.$procmux$10152_CMP0 ($eq).
Removed top 2 bits (of 12) from port B of cell ibex_core.$flatten\cs_registers_i.$procmux$10154_CMP0 ($eq).
Removed top 2 bits (of 12) from port B of cell ibex_core.$flatten\cs_registers_i.$procmux$10156_CMP0 ($eq).
Removed top 2 bits (of 12) from port B of cell ibex_core.$flatten\cs_registers_i.$procmux$10161_CMP0 ($eq).
Removed top 2 bits (of 12) from port B of cell ibex_core.$flatten\cs_registers_i.$procmux$10163_CMP0 ($eq).
Removed top 2 bits (of 12) from port B of cell ibex_core.$flatten\cs_registers_i.$procmux$10158_CMP0 ($eq).
Removed top 2 bits (of 12) from port B of cell ibex_core.$flatten\cs_registers_i.$procmux$10159_CMP0 ($eq).
Removed top 2 bits (of 12) from port B of cell ibex_core.$flatten\cs_registers_i.$procmux$10160_CMP0 ($eq).
Removed top 2 bits (of 12) from port B of cell ibex_core.$flatten\cs_registers_i.$procmux$10130_CMP16 ($eq).
Removed top 2 bits (of 12) from port B of cell ibex_core.$flatten\cs_registers_i.$procmux$10130_CMP21 ($eq).
Removed top 2 bits (of 12) from port B of cell ibex_core.$flatten\cs_registers_i.$procmux$10130_CMP25 ($eq).
Removed top 2 bits (of 12) from port B of cell ibex_core.$flatten\cs_registers_i.$procmux$10131_CMP0 ($eq).
Removed top 2 bits (of 12) from port B of cell ibex_core.$flatten\cs_registers_i.$procmux$10136_CMP0 ($eq).
Removed top 2 bits (of 12) from port B of cell ibex_core.$flatten\cs_registers_i.$procmux$10141_CMP0 ($eq).
Removed top 2 bits (of 12) from port B of cell ibex_core.$flatten\cs_registers_i.$procmux$10145_CMP0 ($eq).
Removed top 2 bits (of 12) from port B of cell ibex_core.$flatten\cs_registers_i.$procmux$10148_CMP0 ($eq).
Removed top 2 bits (of 12) from port B of cell ibex_core.$flatten\cs_registers_i.$procmux$10151_CMP0 ($eq).
Removed top 2 bits (of 12) from port B of cell ibex_core.$flatten\cs_registers_i.$procmux$10153_CMP0 ($eq).
Removed top 2 bits (of 12) from port B of cell ibex_core.$flatten\cs_registers_i.$procmux$10155_CMP0 ($eq).
Removed top 2 bits (of 12) from port B of cell ibex_core.$flatten\cs_registers_i.$procmux$10157_CMP0 ($eq).
Removed top 2 bits (of 12) from port B of cell ibex_core.$flatten\cs_registers_i.$procmux$10162_CMP0 ($eq).
Removed top 2 bits (of 12) from port B of cell ibex_core.$flatten\cs_registers_i.$procmux$10164_CMP0 ($eq).
Removed top 2 bits (of 12) from port B of cell ibex_core.$flatten\cs_registers_i.$procmux$10130_CMP17 ($eq).
Removed top 2 bits (of 12) from port B of cell ibex_core.$flatten\cs_registers_i.$procmux$10130_CMP22 ($eq).
Removed top 2 bits (of 12) from port B of cell ibex_core.$flatten\cs_registers_i.$procmux$10130_CMP26 ($eq).
Removed top 1 bits (of 12) from port B of cell ibex_core.$flatten\cs_registers_i.$procmux$10132_CMP0 ($eq).
Removed top 2 bits (of 12) from port B of cell ibex_core.$flatten\cs_registers_i.$procmux$10137_CMP0 ($eq).
Removed top 2 bits (of 12) from port B of cell ibex_core.$flatten\cs_registers_i.$procmux$10142_CMP0 ($eq).
Removed top 2 bits (of 12) from port B of cell ibex_core.$flatten\cs_registers_i.$procmux$10146_CMP0 ($eq).
Removed top 2 bits (of 12) from port B of cell ibex_core.$flatten\cs_registers_i.$procmux$10149_CMP0 ($eq).
Removed top 2 bits (of 12) from port B of cell ibex_core.$flatten\cs_registers_i.$procmux$10130_CMP27 ($eq).
Removed top 1 bits (of 12) from port B of cell ibex_core.$flatten\cs_registers_i.$procmux$10133_CMP0 ($eq).
Removed top 2 bits (of 12) from port B of cell ibex_core.$flatten\cs_registers_i.$procmux$10138_CMP0 ($eq).
Removed top 2 bits (of 12) from port B of cell ibex_core.$flatten\cs_registers_i.$procmux$10143_CMP0 ($eq).
Removed top 2 bits (of 12) from port B of cell ibex_core.$flatten\cs_registers_i.$procmux$10130_CMP18 ($eq).
Removed top 1 bits (of 2) from port B of cell ibex_core.$flatten\cs_registers_i.$procmux$9397_CMP0 ($eq).
Removed top 2 bits (of 12) from port B of cell ibex_core.$flatten\cs_registers_i.$procmux$10130_CMP7 ($eq).
Removed top 2 bits (of 12) from port B of cell ibex_core.$flatten\cs_registers_i.$procmux$10130_CMP8 ($eq).
Removed top 2 bits (of 12) from port B of cell ibex_core.$flatten\cs_registers_i.$procmux$10130_CMP9 ($eq).
Removed top 2 bits (of 12) from port B of cell ibex_core.$flatten\cs_registers_i.$procmux$10130_CMP5 ($eq).
Removed top 2 bits (of 12) from port B of cell ibex_core.$flatten\cs_registers_i.$procmux$10130_CMP6 ($eq).
Converting cell ibex_core.$flatten\cs_registers_i.$51 ($ge) from signed to unsigned.
Removed top 1 bits (of 6) from port A of cell ibex_core.$flatten\cs_registers_i.$51 ($ge).
Converting cell ibex_core.$flatten\cs_registers_i.$50 ($lt) from signed to unsigned.
Removed top 1 bits (of 6) from port A of cell ibex_core.$flatten\cs_registers_i.$50 ($lt).
Removed top 1 bits (of 7) from port B of cell ibex_core.$flatten\cs_registers_i.$50 ($lt).
Removed top 1 bits (of 6) from port A of cell ibex_core.$flatten\cs_registers_i.$32 ($not).
Removed top 7 bits (of 32) from mux cell ibex_core.$flatten\if_stage_i.\compressed_decoder_i.$procmux$9129 ($mux).
Removed top 7 bits (of 9) from mux cell ibex_core.$flatten\cs_registers_i.$procmux$10053 ($mux).
Removed top 1 bits (of 3) from mux cell ibex_core.$flatten\cs_registers_i.$procmux$9891 ($mux).
Removed top 27 bits (of 32) from wire ibex_core.$flatten\ex_block_i.\alu_i.$106y.
Removed top 2 bits (of 3) from wire ibex_core.$flatten\id_stage_i.\decoder_i.$imm_b_mux_sel_o$150.
Removed top 1 bits (of 3) from wire ibex_core.$flatten\id_stage_i.\decoder_i.$imm_b_mux_sel_o$145.
Removed top 2 bits (of 3) from wire ibex_core.$flatten\id_stage_i.\decoder_i.$imm_b_mux_sel_o$134.
Removed top 1 bits (of 3) from wire ibex_core.$flatten\load_store_unit_i.$92y.
Removed top 29 bits (of 32) from wire ibex_core.$flatten\id_stage_i.$19y.
Removed top 1 bits (of 3) from wire ibex_core.$flatten\load_store_unit_i.$70y.
Removed top 1 bits (of 3) from wire ibex_core.$flatten\load_store_unit_i.$69y.
Removed top 2 bits (of 34) from wire ibex_core.$flatten\ex_block_i.\gen_multdiv_fast.multdiv_i.$op_remainder_d$113.
Removed top 2 bits (of 6) from wire ibex_core.$flatten\id_stage_i.\controller_i.$exc_cause_o$223.
Removed top 2 bits (of 6) from wire ibex_core.$flatten\id_stage_i.\controller_i.$exc_cause_o$195.
Removed top 4 bits (of 6) from wire ibex_core.$flatten\id_stage_i.\controller_i.$exc_cause_o$188.
Removed top 4 bits (of 6) from wire ibex_core.$flatten\id_stage_i.\controller_i.$184y.
Removed top 1 bits (of 6) from wire ibex_core.$flatten\id_stage_i.\controller_i.$exc_cause_o$151.
Removed top 1 bits (of 6) from wire ibex_core.$flatten\id_stage_i.\controller_i.$exc_cause_o$150.
Removed top 2 bits (of 6) from wire ibex_core.$flatten\id_stage_i.\controller_i.$exc_cause_o$149.
Removed top 3 bits (of 6) from wire ibex_core.$flatten\id_stage_i.\controller_i.$exc_cause_o$148.
Removed top 1 bits (of 4) from wire ibex_core.$flatten\id_stage_i.\controller_i.$mfip_id$95.
Removed top 1 bits (of 4) from wire ibex_core.$flatten\id_stage_i.\controller_i.$mfip_id$94.
Removed top 1 bits (of 4) from wire ibex_core.$flatten\id_stage_i.\controller_i.$mfip_id$93.
Removed top 1 bits (of 4) from wire ibex_core.$flatten\id_stage_i.\controller_i.$mfip_id$92.
Removed top 2 bits (of 4) from wire ibex_core.$flatten\id_stage_i.\controller_i.$mfip_id$91.
Removed top 2 bits (of 4) from wire ibex_core.$flatten\id_stage_i.\controller_i.$mfip_id$90.
Removed top 3 bits (of 4) from wire ibex_core.$flatten\id_stage_i.\controller_i.$mfip_id$89.
Removed top 23 bits (of 32) from wire ibex_core.$flatten\cs_registers_i.$dcsr_d$87.
Removed top 1 bits (of 33) from wire ibex_core.$flatten\ex_block_i.\gen_multdiv_fast.multdiv_i.$68y.
Removed top 29 bits (of 32) from wire ibex_core.$flatten\cs_registers_i.$mhpmcounterh_we$77.
Removed top 29 bits (of 32) from wire ibex_core.$flatten\cs_registers_i.$mhpmcounter_we$76.
Removed top 23 bits (of 32) from wire ibex_core.$flatten\cs_registers_i.$dcsr_d$70.
Removed top 7 bits (of 32) from wire ibex_core.$flatten\if_stage_i.\compressed_decoder_i.$instr_o$33.
Removed top 7 bits (of 32) from wire ibex_core.$flatten\if_stage_i.\compressed_decoder_i.$instr_o$32.
Removed top 11 bits (of 32) from wire ibex_core.$flatten\if_stage_i.\compressed_decoder_i.$instr_o$31.
Removed top 7 bits (of 32) from wire ibex_core.$flatten\if_stage_i.\compressed_decoder_i.$instr_o$27.

6.12. Executing PEEPOPT pass (run peephole optimizers).

6.13. Executing OPT_CLEAN pass (remove unused cells and wires).
Finding unused cells or wires in module \ibex_core..
Removed 0 unused cells and 34 unused wires.
<suppressed ~1 debug messages>

6.14. Executing ALUMACC pass (create $alu and $macc cells).
Extracting $alu and $macc cells in module ibex_core:
  creating $macc model for $flatten\cs_registers_i.\minstret_counter_i.$3 ($add).
  creating $macc model for $flatten\ex_block_i.\alu_i.$106 ($sub).
  creating $macc model for $flatten\cs_registers_i.\mcycle_counter_i.$3 ($add).
  creating $macc model for $flatten\id_stage_i.\controller_i.$180 ($add).
  creating $macc model for $flatten\ex_block_i.\alu_i.$42 ($add).
  creating $macc model for $flatten\if_stage_i.\gen_prefetch_buffer.prefetch_buffer_i.\fifo_i.$50 ($add).
  creating $macc model for $flatten\if_stage_i.\gen_prefetch_buffer.prefetch_buffer_i.$56 ($add).
  creating $macc model for $flatten\ex_block_i.\gen_multdiv_fast.multdiv_i.$89 ($sub).
  creating $macc model for $flatten\ex_block_i.\gen_multdiv_fast.multdiv_i.$30 ($add).
  creating $macc model for $flatten\ex_block_i.\gen_multdiv_fast.multdiv_i.$29 ($mul).
  merging $macc model for $flatten\ex_block_i.\gen_multdiv_fast.multdiv_i.$29 into $flatten\ex_block_i.\gen_multdiv_fast.multdiv_i.$30.
  creating $alu model for $macc $flatten\ex_block_i.\gen_multdiv_fast.multdiv_i.$89.
  creating $alu model for $macc $flatten\if_stage_i.\gen_prefetch_buffer.prefetch_buffer_i.$56.
  creating $alu model for $macc $flatten\if_stage_i.\gen_prefetch_buffer.prefetch_buffer_i.\fifo_i.$50.
  creating $alu model for $macc $flatten\ex_block_i.\alu_i.$42.
  creating $alu model for $macc $flatten\id_stage_i.\controller_i.$180.
  creating $alu model for $macc $flatten\cs_registers_i.\mcycle_counter_i.$3.
  creating $alu model for $macc $flatten\ex_block_i.\alu_i.$106.
  creating $alu model for $macc $flatten\cs_registers_i.\minstret_counter_i.$3.
  creating $macc cell for $flatten\ex_block_i.\gen_multdiv_fast.multdiv_i.$30: $auto$alumacc.cc:382:replace_macc$11810
  creating $alu model for $flatten\gen_regfile_ff.register_file_i.$191 ($lt): new $alu
  creating $alu model for $flatten\cs_registers_i.$4 ($gt): new $alu
  creating $alu model for $flatten\gen_regfile_ff.register_file_i.$195 ($lt): new $alu
  creating $alu model for $flatten\cs_registers_i.$28 ($ge): new $alu
  creating $alu model for $flatten\cs_registers_i.$50 ($lt): new $alu
  creating $alu model for $flatten\cs_registers_i.$51 ($ge): new $alu
  creating $alu model for $flatten\ex_block_i.\gen_multdiv_fast.multdiv_i.$106 ($lt): new $alu
  creating $alu model for $flatten\ex_block_i.\gen_multdiv_fast.multdiv_i.$109 ($eq): merged with $flatten\ex_block_i.\gen_multdiv_fast.multdiv_i.$89.
  creating $alu cell for $flatten\ex_block_i.\gen_multdiv_fast.multdiv_i.$106: $auto$alumacc.cc:512:replace_alu$11818
  creating $alu cell for $flatten\cs_registers_i.$51: $auto$alumacc.cc:512:replace_alu$11823
  creating $alu cell for $flatten\cs_registers_i.$50: $auto$alumacc.cc:512:replace_alu$11836
  creating $alu cell for $flatten\cs_registers_i.$28: $auto$alumacc.cc:512:replace_alu$11841
  creating $alu cell for $flatten\gen_regfile_ff.register_file_i.$195: $auto$alumacc.cc:512:replace_alu$11856
  creating $alu cell for $flatten\cs_registers_i.$4: $auto$alumacc.cc:512:replace_alu$11861
  creating $alu cell for $flatten\gen_regfile_ff.register_file_i.$191: $auto$alumacc.cc:512:replace_alu$11872
  creating $alu cell for $flatten\cs_registers_i.\minstret_counter_i.$3: $auto$alumacc.cc:512:replace_alu$11877
  creating $alu cell for $flatten\ex_block_i.\alu_i.$106: $auto$alumacc.cc:512:replace_alu$11880
  creating $alu cell for $flatten\cs_registers_i.\mcycle_counter_i.$3: $auto$alumacc.cc:512:replace_alu$11883
  creating $alu cell for $flatten\id_stage_i.\controller_i.$180: $auto$alumacc.cc:512:replace_alu$11886
  creating $alu cell for $flatten\ex_block_i.\alu_i.$42: $auto$alumacc.cc:512:replace_alu$11889
  creating $alu cell for $flatten\if_stage_i.\gen_prefetch_buffer.prefetch_buffer_i.\fifo_i.$50: $auto$alumacc.cc:512:replace_alu$11892
  creating $alu cell for $flatten\if_stage_i.\gen_prefetch_buffer.prefetch_buffer_i.$56: $auto$alumacc.cc:512:replace_alu$11895
  creating $alu cell for $flatten\ex_block_i.\gen_multdiv_fast.multdiv_i.$89, $flatten\ex_block_i.\gen_multdiv_fast.multdiv_i.$109: $auto$alumacc.cc:512:replace_alu$11898
  created 15 $alu and 1 $macc cells.

6.15. Executing SHARE pass (SAT-based resource sharing).
Found 4 cells in module ibex_core that may be considered for resource sharing.
  Analyzing resource sharing options for $flatten\ex_block_i.\gen_multdiv_fast.multdiv_i.$29 ($mul):
    Found cell that is never activated: $flatten\ex_block_i.\gen_multdiv_fast.multdiv_i.$29
    Cell is never active. Sharing is pointless, we simply remove it.
  Analyzing resource sharing options for $flatten\ex_block_i.\gen_multdiv_fast.multdiv_i.$71 ($shl):
    Found 2 activation_patterns using ctrl signal { \ex_block_i.div_sel_i \ex_block_i.alu_i.multdiv_sel_i $flatten\ex_block_i.\gen_multdiv_fast.multdiv_i.$112y \ex_block_i.gen_multdiv_fast.multdiv_i.md_state_q [6] \ex_block_i.gen_multdiv_fast.multdiv_i.md_state_q [1] \ex_block_i.gen_multdiv_fast.multdiv_i.is_greater_equal }.
    No candidates found.
  Analyzing resource sharing options for $flatten\ex_block_i.\alu_i.$129 ($sshr):
    Found 1 activation_patterns using ctrl signal { $flatten\ex_block_i.\alu_i.$procmux$5950_CTRL \ex_block_i.alu_i.multdiv_sel_i \id_stage_i.rf_we_id_o $flatten\id_stage_i.$procmux$11077_CMP }.
    No candidates found.
  Analyzing resource sharing options for $flatten\id_stage_i.\decoder_i.$auto$mem.cc:305:emit$5586 ($memrd_v2):
    Found 1 activation_patterns using ctrl signal { $flatten\id_stage_i.\decoder_i.$procmux$8673_CMP $flatten\id_stage_i.\decoder_i.$procmux$7887_CMP $flatten\id_stage_i.\decoder_i.$procmux$7770_CMP $flatten\id_stage_i.\decoder_i.$43y \if_stage_i.illegal_c_insn_id_o }.
    No candidates found.
Removing 1 cells in module ibex_core:
  Removing cell $flatten\ex_block_i.\gen_multdiv_fast.multdiv_i.$29 ($mul).

6.16. Executing OPT pass (performing simple optimizations).

6.16.1. Executing OPT_EXPR pass (perform const folding).
Optimizing module ibex_core.
<suppressed ~9 debug messages>

6.16.2. Executing OPT_MERGE pass (detect identical cells).
Finding identical cells in module `\ibex_core'.
Computing hashes of 1546 cells of `\ibex_core'.
Finding duplicate cells in `\ibex_core'.
Removed a total of 0 cells.

6.16.3. Executing OPT_MUXTREE pass (detect dead branches in mux trees).
Running muxtree optimizer on module \ibex_core..
  Creating internal representation of mux trees.
  Evaluating internal representation of mux trees.
  Analyzing evaluation results.
Removed 0 multiplexer ports.
<suppressed ~1003 debug messages>

6.16.4. Executing OPT_REDUCE pass (consolidate $*mux and $reduce_* inputs).
  Optimizing cells in module \ibex_core.
Performed a total of 0 changes.

6.16.5. Executing OPT_MERGE pass (detect identical cells).
Finding identical cells in module `\ibex_core'.
Computing hashes of 1546 cells of `\ibex_core'.
Finding duplicate cells in `\ibex_core'.
Computing hashes of 1543 cells of `\ibex_core'.
Finding duplicate cells in `\ibex_core'.
<suppressed ~9 debug messages>
Removed a total of 3 cells.

6.16.6. Executing OPT_DFF pass (perform DFF optimizations).
Adding EN signal on $auto$ff.cc:337:slice$11761 ($adffe) from module ibex_core (D = \cs_registers_i.debug_cause_i, Q = \cs_registers_i.u_dcsr_csr.rdata_q [8:6]).

6.16.7. Executing OPT_CLEAN pass (remove unused cells and wires).
Finding unused cells or wires in module \ibex_core..
Removed 9 unused cells and 27 unused wires.
<suppressed ~11 debug messages>

6.16.8. Executing OPT_EXPR pass (perform const folding).
Optimizing module ibex_core.

6.16.9. Rerunning OPT passes. (Maybe there is more to do..)

6.16.10. Executing OPT_MUXTREE pass (detect dead branches in mux trees).
Running muxtree optimizer on module \ibex_core..
  Creating internal representation of mux trees.
  Evaluating internal representation of mux trees.
  Analyzing evaluation results.
Removed 0 multiplexer ports.
<suppressed ~1005 debug messages>

6.16.11. Executing OPT_REDUCE pass (consolidate $*mux and $reduce_* inputs).
  Optimizing cells in module \ibex_core.
Performed a total of 0 changes.

6.16.12. Executing OPT_MERGE pass (detect identical cells).
Finding identical cells in module `\ibex_core'.
Computing hashes of 1535 cells of `\ibex_core'.
Finding duplicate cells in `\ibex_core'.
Removed a total of 0 cells.

6.16.13. Executing OPT_DFF pass (perform DFF optimizations).

6.16.14. Executing OPT_CLEAN pass (remove unused cells and wires).
Finding unused cells or wires in module \ibex_core..

6.16.15. Executing OPT_EXPR pass (perform const folding).
Optimizing module ibex_core.

6.16.16. Finished fast OPT passes. (There is nothing left to do.)

6.17. Executing MEMORY pass.

6.17.1. Executing OPT_MEM pass (optimize memories).
ibex_core.$flatten\id_stage_i.\decoder_i.$auto$proc_rom.cc:155:do_switch$5585: removing const-1 lane 0
Performed a total of 1 transformations.

6.17.2. Executing OPT_MEM_PRIORITY pass (removing unnecessary memory write priority relations).
Performed a total of 0 transformations.

6.17.3. Executing OPT_MEM_FEEDBACK pass (finding memory read-to-write feedback paths).

6.17.4. Executing MEMORY_BMUX2ROM pass (converting muxes to ROMs).

6.17.5. Executing MEMORY_DFF pass (merging $dff cells to $memrd).
Checking read port `$auto$memory_bmux2rom.cc:63:execute$11909'[0] in module `\ibex_core': no output FF found.
Checking read port address `$auto$memory_bmux2rom.cc:63:execute$11909'[0] in module `\ibex_core': no address FF found.

6.17.6. Executing OPT_CLEAN pass (remove unused cells and wires).
Finding unused cells or wires in module \ibex_core..
Removed 0 unused cells and 1 unused wires.
<suppressed ~1 debug messages>

6.17.7. Executing MEMORY_SHARE pass (consolidating $memrd/$memwr cells).

6.17.8. Executing OPT_MEM_WIDEN pass (optimize memories where all ports are wide).
Performed a total of 0 transformations.

6.17.9. Executing OPT_CLEAN pass (remove unused cells and wires).
Finding unused cells or wires in module \ibex_core..

6.17.10. Executing MEMORY_COLLECT pass (generating $mem cells).

6.18. Executing OPT_CLEAN pass (remove unused cells and wires).
Finding unused cells or wires in module \ibex_core..

7. Printing statistics.

>>> STAGE 3: fine synthesis (memory_map, techmap)

=== ibex_core ===

        +----------Local Count, excluding submodules.
        | 
     2231 wires
    23784 wire bits
     1265 public wires
    19649 public wire bits
       30 ports
      264 port bits
     1533 cells
       16   $adff
       73   $adffe
       14   $alu
      155   $and
        4   $bmux
        1   $demux
       16   $dffe
        1   $dlatch
      313   $eq
       16   $logic_and
       37   $logic_not
       19   $logic_or
        1   $macc_v2
        1   $mem_v2
      432   $mux
       29   $ne
       60   $not
       71   $or
       99   $pmux
       23   $reduce_and
       19   $reduce_bool
       90   $reduce_or
       32   $scopeinfo
        2   $sdffce
        1   $shl
        1   $sshr
        7   $xor

8. Executing SYNTH pass.

8.1. Executing OPT pass (performing simple optimizations).

8.1.1. Executing OPT_EXPR pass (perform const folding).
Optimizing module ibex_core.
<suppressed ~300 debug messages>

8.1.2. Executing OPT_MERGE pass (detect identical cells).
Finding identical cells in module `\ibex_core'.
Computing hashes of 1454 cells of `\ibex_core'.
Finding duplicate cells in `\ibex_core'.
Computing hashes of 1447 cells of `\ibex_core'.
Finding duplicate cells in `\ibex_core'.
Computing hashes of 1446 cells of `\ibex_core'.
Finding duplicate cells in `\ibex_core'.
<suppressed ~30 debug messages>
Removed a total of 8 cells.

8.1.3. Executing OPT_DFF pass (perform DFF optimizations).

8.1.4. Executing OPT_CLEAN pass (remove unused cells and wires).
Finding unused cells or wires in module \ibex_core..
Removed 39 unused cells and 161 unused wires.
<suppressed ~40 debug messages>

8.1.5. Finished fast OPT passes.

8.2. Executing MEMORY_MAP pass (converting memories to logic and flip-flops).
Mapping memory $auto$memory_bmux2rom.cc:63:execute$11909 in module \ibex_core:
  created 32 $dff cells and 0 static cells of width 32.
  read interface: 0 $dff and 31 $mux cells.
  write interface: 0 write mux blocks.

8.3. Executing OPT pass (performing simple optimizations).

8.3.1. Executing OPT_EXPR pass (perform const folding).
Optimizing module ibex_core.
<suppressed ~28 debug messages>

8.3.2. Executing OPT_MERGE pass (detect identical cells).
Finding identical cells in module `\ibex_core'.
Computing hashes of 1411 cells of `\ibex_core'.
Finding duplicate cells in `\ibex_core'.
Removed a total of 0 cells.

8.3.3. Executing OPT_MUXTREE pass (detect dead branches in mux trees).
Running muxtree optimizer on module \ibex_core..
  Creating internal representation of mux trees.
  Evaluating internal representation of mux trees.
  Analyzing evaluation results.
Removed 0 multiplexer ports.
<suppressed ~615 debug messages>

8.3.4. Executing OPT_REDUCE pass (consolidate $*mux and $reduce_* inputs).
  Optimizing cells in module \ibex_core.
    Consolidated identical input bits for $mux cell $flatten\load_store_unit_i.$procmux$10397:
      Old ports: A={ 1'0 $auto$wreduce.cc:514:run$11783 [1:0] }, B={ 1'0 $auto$wreduce.cc:514:run$11784 [1:0] }, Y=$flatten\load_store_unit_i.$ls_fsm_ns$74
      New ports: A=$auto$wreduce.cc:514:run$11783 [1:0], B=$auto$wreduce.cc:514:run$11784 [1:0], Y=$flatten\load_store_unit_i.$ls_fsm_ns$74 [1:0]
      New connections: $flatten\load_store_unit_i.$ls_fsm_ns$74 [2] = 1'0
    Consolidated identical input bits for $mux cell $flatten\load_store_unit_i.$69:
      Old ports: A=2'00, B=2'10, Y=$auto$wreduce.cc:514:run$11784 [1:0]
      New ports: A=1'0, B=1'1, Y=$auto$wreduce.cc:514:run$11784 [1]
      New connections: $auto$wreduce.cc:514:run$11784 [0] = 1'0
    Consolidated identical input bits for $mux cell $flatten\id_stage_i.\decoder_i.$procmux$8042:
      Old ports: A=2'10, B=2'00, Y=$auto$wreduce.cc:514:run$11779 [1:0]
      New ports: A=1'1, B=1'0, Y=$auto$wreduce.cc:514:run$11779 [1]
      New connections: $auto$wreduce.cc:514:run$11779 [0] = 1'0
    Consolidated identical input bits for $mux cell $flatten\id_stage_i.\decoder_i.$procmux$8071:
      Old ports: A=3'101, B=3'000, Y=$flatten\id_stage_i.\decoder_i.$imm_b_mux_sel_o$139
      New ports: A=1'1, B=1'0, Y=$flatten\id_stage_i.\decoder_i.$imm_b_mux_sel_o$139 [0]
      New connections: $flatten\id_stage_i.\decoder_i.$imm_b_mux_sel_o$139 [2:1] = { $flatten\id_stage_i.\decoder_i.$imm_b_mux_sel_o$139 [0] 1'0 }
    Consolidated identical input bits for $mux cell $memory$auto$memory_bmux2rom.cc:63:execute$11909$rdmux[0][4][14]$12063:
      Old ports: A=0, B=4, Y=$memory$auto$memory_bmux2rom.cc:63:execute$11909$rdmux[0][3][7]$a$12019
      New ports: A=1'0, B=1'1, Y=$memory$auto$memory_bmux2rom.cc:63:execute$11909$rdmux[0][3][7]$a$12019 [2]
      New connections: { $memory$auto$memory_bmux2rom.cc:63:execute$11909$rdmux[0][3][7]$a$12019 [31:3] $memory$auto$memory_bmux2rom.cc:63:execute$11909$rdmux[0][3][7]$a$12019 [1:0] } = 31'0000000000000000000000000000000
    New ctrl vector for $pmux cell $flatten\id_stage_i.\controller_i.$procmux$7052: \id_stage_i.controller_i.ctrl_fsm_cs [4]
    Consolidated identical input bits for $mux cell $flatten\id_stage_i.\decoder_i.$procmux$7785:
      Old ports: A=3'000, B=3'101, Y=$flatten\id_stage_i.\decoder_i.$imm_b_mux_sel_o$163
      New ports: A=1'0, B=1'1, Y=$flatten\id_stage_i.\decoder_i.$imm_b_mux_sel_o$163 [0]
      New connections: $flatten\id_stage_i.\decoder_i.$imm_b_mux_sel_o$163 [2:1] = { $flatten\id_stage_i.\decoder_i.$imm_b_mux_sel_o$163 [0] 1'0 }
    Consolidated identical input bits for $mux cell $memory$auto$memory_bmux2rom.cc:63:execute$11909$rdmux[0][4][15]$12066:
      Old ports: A=0, B=1, Y=$memory$auto$memory_bmux2rom.cc:63:execute$11909$rdmux[0][3][7]$b$12020
      New ports: A=1'0, B=1'1, Y=$memory$auto$memory_bmux2rom.cc:63:execute$11909$rdmux[0][3][7]$b$12020 [0]
      New connections: $memory$auto$memory_bmux2rom.cc:63:execute$11909$rdmux[0][3][7]$b$12020 [31:1] = 31'0000000000000000000000000000000
    Consolidated identical input bits for $mux cell $flatten\id_stage_i.\decoder_i.$procmux$7879:
      Old ports: A=6'100110, B=6'001000, Y=$flatten\id_stage_i.\decoder_i.$alu_operator_o$154
      New ports: A=2'01, B=2'10, Y={ $flatten\id_stage_i.\decoder_i.$alu_operator_o$154 [3] $flatten\id_stage_i.\decoder_i.$alu_operator_o$154 [1] }
      New connections: { $flatten\id_stage_i.\decoder_i.$alu_operator_o$154 [5:4] $flatten\id_stage_i.\decoder_i.$alu_operator_o$154 [2] $flatten\id_stage_i.\decoder_i.$alu_operator_o$154 [0] } = { $flatten\id_stage_i.\decoder_i.$alu_operator_o$154 [1] 1'0 $flatten\id_stage_i.\decoder_i.$alu_operator_o$154 [1] 1'0 }
    Consolidated identical input bits for $mux cell $flatten\id_stage_i.\decoder_i.$procmux$7726:
      Old ports: A=2'00, B=2'11, Y=$flatten\id_stage_i.\decoder_i.$alu_op_a_mux_sel_o$168
      New ports: A=1'0, B=1'1, Y=$flatten\id_stage_i.\decoder_i.$alu_op_a_mux_sel_o$168 [0]
      New connections: $flatten\id_stage_i.\decoder_i.$alu_op_a_mux_sel_o$168 [1] = $flatten\id_stage_i.\decoder_i.$alu_op_a_mux_sel_o$168 [0]
    Consolidated identical input bits for $pmux cell $flatten\load_store_unit_i.$procmux$10539:
      Old ports: A=1'0, B=2'00, Y=\load_store_unit_i.pmp_err_d
      New connections: \load_store_unit_i.pmp_err_d = 1'0
    Consolidated identical input bits for $mux cell $flatten\id_stage_i.\controller_i.$procmux$6605:
      Old ports: A=3'111, B=3'011, Y=$auto$wreduce.cc:514:run$11793 [2:0]
      New ports: A=1'1, B=1'0, Y=$auto$wreduce.cc:514:run$11793 [2]
      New connections: $auto$wreduce.cc:514:run$11793 [1:0] = 2'11
    Consolidated identical input bits for $mux cell $flatten\id_stage_i.\controller_i.$procmux$6516:
      Old ports: A=3'011, B=3'100, Y=$flatten\id_stage_i.\controller_i.$debug_cause_o$161
      New ports: A=2'01, B=2'10, Y={ $flatten\id_stage_i.\controller_i.$debug_cause_o$161 [2] $flatten\id_stage_i.\controller_i.$debug_cause_o$161 [0] }
      New connections: $flatten\id_stage_i.\controller_i.$debug_cause_o$161 [1] = $flatten\id_stage_i.\controller_i.$debug_cause_o$161 [0]
    New ctrl vector for $pmux cell $flatten\id_stage_i.\decoder_i.$procmux$8700: $flatten\id_stage_i.\decoder_i.$152y
    Consolidated identical input bits for $mux cell $flatten\id_stage_i.\controller_i.$procmux$6284:
      Old ports: A=2'11, B=2'00, Y=$auto$wreduce.cc:514:run$11788 [1:0]
      New ports: A=1'1, B=1'0, Y=$auto$wreduce.cc:514:run$11788 [0]
      New connections: $auto$wreduce.cc:514:run$11788 [1] = $auto$wreduce.cc:514:run$11788 [0]
    Consolidated identical input bits for $mux cell $flatten\load_store_unit_i.$procmux$10623:
      Old ports: A={ 24'000000000000000000000000 \data_rdata_i [31:24] }, B={ \data_rdata_i [31] \data_rdata_i [31] \data_rdata_i [31] \data_rdata_i [31] \data_rdata_i [31] \data_rdata_i [31] \data_rdata_i [31] \data_rdata_i [31] \data_rdata_i [31] \data_rdata_i [31] \data_rdata_i [31] \data_rdata_i [31] \data_rdata_i [31] \data_rdata_i [31] \data_rdata_i [31] \data_rdata_i [31] \data_rdata_i [31] \data_rdata_i [31] \data_rdata_i [31] \data_rdata_i [31] \data_rdata_i [31] \data_rdata_i [31] \data_rdata_i [31] \data_rdata_i [31] \data_rdata_i [31:24] }, Y=$flatten\load_store_unit_i.$procmux$10623_Y
      New ports: A=1'0, B=\data_rdata_i [31], Y=$flatten\load_store_unit_i.$procmux$10623_Y [8]
      New connections: { $flatten\load_store_unit_i.$procmux$10623_Y [31:9] $flatten\load_store_unit_i.$procmux$10623_Y [7:0] } = { $flatten\load_store_unit_i.$procmux$10623_Y [8] $flatten\load_store_unit_i.$procmux$10623_Y [8] $flatten\load_store_unit_i.$procmux$10623_Y [8] $flatten\load_store_unit_i.$procmux$10623_Y [8] $flatten\load_store_unit_i.$procmux$10623_Y [8] $flatten\load_store_unit_i.$procmux$10623_Y [8] $flatten\load_store_unit_i.$procmux$10623_Y [8] $flatten\load_store_unit_i.$procmux$10623_Y [8] $flatten\load_store_unit_i.$procmux$10623_Y [8] $flatten\load_store_unit_i.$procmux$10623_Y [8] $flatten\load_store_unit_i.$procmux$10623_Y [8] $flatten\load_store_unit_i.$procmux$10623_Y [8] $flatten\load_store_unit_i.$procmux$10623_Y [8] $flatten\load_store_unit_i.$procmux$10623_Y [8] $flatten\load_store_unit_i.$procmux$10623_Y [8] $flatten\load_store_unit_i.$procmux$10623_Y [8] $flatten\load_store_unit_i.$procmux$10623_Y [8] $flatten\load_store_unit_i.$procmux$10623_Y [8] $flatten\load_store_unit_i.$procmux$10623_Y [8] $flatten\load_store_unit_i.$procmux$10623_Y [8] $flatten\load_store_unit_i.$procmux$10623_Y [8] $flatten\load_store_unit_i.$procmux$10623_Y [8] $flatten\load_store_unit_i.$procmux$10623_Y [8] \data_rdata_i [31:24] }
    Consolidated identical input bits for $mux cell $flatten\load_store_unit_i.$procmux$10629:
      Old ports: A={ 24'000000000000000000000000 \data_rdata_i [23:16] }, B={ \data_rdata_i [23] \data_rdata_i [23] \data_rdata_i [23] \data_rdata_i [23] \data_rdata_i [23] \data_rdata_i [23] \data_rdata_i [23] \data_rdata_i [23] \data_rdata_i [23] \data_rdata_i [23] \data_rdata_i [23] \data_rdata_i [23] \data_rdata_i [23] \data_rdata_i [23] \data_rdata_i [23] \data_rdata_i [23] \data_rdata_i [23] \data_rdata_i [23] \data_rdata_i [23] \data_rdata_i [23] \data_rdata_i [23] \data_rdata_i [23] \data_rdata_i [23] \data_rdata_i [23] \data_rdata_i [23:16] }, Y=$flatten\load_store_unit_i.$procmux$10629_Y
      New ports: A=1'0, B=\data_rdata_i [23], Y=$flatten\load_store_unit_i.$procmux$10629_Y [8]
      New connections: { $flatten\load_store_unit_i.$procmux$10629_Y [31:9] $flatten\load_store_unit_i.$procmux$10629_Y [7:0] } = { $flatten\load_store_unit_i.$procmux$10629_Y [8] $flatten\load_store_unit_i.$procmux$10629_Y [8] $flatten\load_store_unit_i.$procmux$10629_Y [8] $flatten\load_store_unit_i.$procmux$10629_Y [8] $flatten\load_store_unit_i.$procmux$10629_Y [8] $flatten\load_store_unit_i.$procmux$10629_Y [8] $flatten\load_store_unit_i.$procmux$10629_Y [8] $flatten\load_store_unit_i.$procmux$10629_Y [8] $flatten\load_store_unit_i.$procmux$10629_Y [8] $flatten\load_store_unit_i.$procmux$10629_Y [8] $flatten\load_store_unit_i.$procmux$10629_Y [8] $flatten\load_store_unit_i.$procmux$10629_Y [8] $flatten\load_store_unit_i.$procmux$10629_Y [8] $flatten\load_store_unit_i.$procmux$10629_Y [8] $flatten\load_store_unit_i.$procmux$10629_Y [8] $flatten\load_store_unit_i.$procmux$10629_Y [8] $flatten\load_store_unit_i.$procmux$10629_Y [8] $flatten\load_store_unit_i.$procmux$10629_Y [8] $flatten\load_store_unit_i.$procmux$10629_Y [8] $flatten\load_store_unit_i.$procmux$10629_Y [8] $flatten\load_store_unit_i.$procmux$10629_Y [8] $flatten\load_store_unit_i.$procmux$10629_Y [8] $flatten\load_store_unit_i.$procmux$10629_Y [8] \data_rdata_i [23:16] }
    Consolidated identical input bits for $mux cell $flatten\id_stage_i.\controller_i.$procmux$6063:
      Old ports: A=3'000, B=3'100, Y=$flatten\id_stage_i.\controller_i.$pc_mux_o$207
      New ports: A=1'0, B=1'1, Y=$flatten\id_stage_i.\controller_i.$pc_mux_o$207 [2]
      New connections: $flatten\id_stage_i.\controller_i.$pc_mux_o$207 [1:0] = 2'00
    Consolidated identical input bits for $mux cell $flatten\load_store_unit_i.$procmux$10636:
      Old ports: A={ 24'000000000000000000000000 \data_rdata_i [15:8] }, B={ \data_rdata_i [15] \data_rdata_i [15] \data_rdata_i [15] \data_rdata_i [15] \data_rdata_i [15] \data_rdata_i [15] \data_rdata_i [15] \data_rdata_i [15] \data_rdata_i [15] \data_rdata_i [15] \data_rdata_i [15] \data_rdata_i [15] \data_rdata_i [15] \data_rdata_i [15] \data_rdata_i [15] \data_rdata_i [15] \data_rdata_i [15] \data_rdata_i [15] \data_rdata_i [15] \data_rdata_i [15] \data_rdata_i [15] \data_rdata_i [15] \data_rdata_i [15] \data_rdata_i [15] \data_rdata_i [15:8] }, Y=$flatten\load_store_unit_i.$procmux$10636_Y
      New ports: A=1'0, B=\data_rdata_i [15], Y=$flatten\load_store_unit_i.$procmux$10636_Y [8]
      New connections: { $flatten\load_store_unit_i.$procmux$10636_Y [31:9] $flatten\load_store_unit_i.$procmux$10636_Y [7:0] } = { $flatten\load_store_unit_i.$procmux$10636_Y [8] $flatten\load_store_unit_i.$procmux$10636_Y [8] $flatten\load_store_unit_i.$procmux$10636_Y [8] $flatten\load_store_unit_i.$procmux$10636_Y [8] $flatten\load_store_unit_i.$procmux$10636_Y [8] $flatten\load_store_unit_i.$procmux$10636_Y [8] $flatten\load_store_unit_i.$procmux$10636_Y [8] $flatten\load_store_unit_i.$procmux$10636_Y [8] $flatten\load_store_unit_i.$procmux$10636_Y [8] $flatten\load_store_unit_i.$procmux$10636_Y [8] $flatten\load_store_unit_i.$procmux$10636_Y [8] $flatten\load_store_unit_i.$procmux$10636_Y [8] $flatten\load_store_unit_i.$procmux$10636_Y [8] $flatten\load_store_unit_i.$procmux$10636_Y [8] $flatten\load_store_unit_i.$procmux$10636_Y [8] $flatten\load_store_unit_i.$procmux$10636_Y [8] $flatten\load_store_unit_i.$procmux$10636_Y [8] $flatten\load_store_unit_i.$procmux$10636_Y [8] $flatten\load_store_unit_i.$procmux$10636_Y [8] $flatten\load_store_unit_i.$procmux$10636_Y [8] $flatten\load_store_unit_i.$procmux$10636_Y [8] $flatten\load_store_unit_i.$procmux$10636_Y [8] $flatten\load_store_unit_i.$procmux$10636_Y [8] \data_rdata_i [15:8] }
    Consolidated identical input bits for $mux cell $flatten\cs_registers_i.$41:
      Old ports: A={ \cs_registers_i.csr_wdata_int [31:8] 8'00000001 }, B={ \boot_addr_i [31:8] 8'00000001 }, Y=\cs_registers_i.u_mtvec_csr.wr_data_i
      New ports: A=\cs_registers_i.csr_wdata_int [31:8], B=\boot_addr_i [31:8], Y=\cs_registers_i.u_mtvec_csr.wr_data_i [31:8]
      New connections: \cs_registers_i.u_mtvec_csr.wr_data_i [7:0] = 8'00000001
    Consolidated identical input bits for $mux cell $flatten\load_store_unit_i.$procmux$10653:
      Old ports: A={ 24'000000000000000000000000 \data_rdata_i [7:0] }, B={ \data_rdata_i [7] \data_rdata_i [7] \data_rdata_i [7] \data_rdata_i [7] \data_rdata_i [7] \data_rdata_i [7] \data_rdata_i [7] \data_rdata_i [7] \data_rdata_i [7] \data_rdata_i [7] \data_rdata_i [7] \data_rdata_i [7] \data_rdata_i [7] \data_rdata_i [7] \data_rdata_i [7] \data_rdata_i [7] \data_rdata_i [7] \data_rdata_i [7] \data_rdata_i [7] \data_rdata_i [7] \data_rdata_i [7] \data_rdata_i [7] \data_rdata_i [7] \data_rdata_i [7] \data_rdata_i [7:0] }, Y=$flatten\load_store_unit_i.$procmux$10653_Y
      New ports: A=1'0, B=\data_rdata_i [7], Y=$flatten\load_store_unit_i.$procmux$10653_Y [8]
      New connections: { $flatten\load_store_unit_i.$procmux$10653_Y [31:9] $flatten\load_store_unit_i.$procmux$10653_Y [7:0] } = { $flatten\load_store_unit_i.$procmux$10653_Y [8] $flatten\load_store_unit_i.$procmux$10653_Y [8] $flatten\load_store_unit_i.$procmux$10653_Y [8] $flatten\load_store_unit_i.$procmux$10653_Y [8] $flatten\load_store_unit_i.$procmux$10653_Y [8] $flatten\load_store_unit_i.$procmux$10653_Y [8] $flatten\load_store_unit_i.$procmux$10653_Y [8] $flatten\load_store_unit_i.$procmux$10653_Y [8] $flatten\load_store_unit_i.$procmux$10653_Y [8] $flatten\load_store_unit_i.$procmux$10653_Y [8] $flatten\load_store_unit_i.$procmux$10653_Y [8] $flatten\load_store_unit_i.$procmux$10653_Y [8] $flatten\load_store_unit_i.$procmux$10653_Y [8] $flatten\load_store_unit_i.$procmux$10653_Y [8] $flatten\load_store_unit_i.$procmux$10653_Y [8] $flatten\load_store_unit_i.$procmux$10653_Y [8] $flatten\load_store_unit_i.$procmux$10653_Y [8] $flatten\load_store_unit_i.$procmux$10653_Y [8] $flatten\load_store_unit_i.$procmux$10653_Y [8] $flatten\load_store_unit_i.$procmux$10653_Y [8] $flatten\load_store_unit_i.$procmux$10653_Y [8] $flatten\load_store_unit_i.$procmux$10653_Y [8] $flatten\load_store_unit_i.$procmux$10653_Y [8] \data_rdata_i [7:0] }
    Consolidated identical input bits for $mux cell $flatten\id_stage_i.\controller_i.$184:
      Old ports: A=2'00, B=2'11, Y=$auto$wreduce.cc:514:run$11789 [1:0]
      New ports: A=1'0, B=1'1, Y=$auto$wreduce.cc:514:run$11789 [0]
      New connections: $auto$wreduce.cc:514:run$11789 [1] = $auto$wreduce.cc:514:run$11789 [0]
    Consolidated identical input bits for $mux cell $flatten\id_stage_i.\controller_i.$181:
      Old ports: A={ \if_stage_i.pc_id_o [31:1] 1'0 }, B={ $flatten\id_stage_i.\controller_i.$180y [31:1] 1'0 }, Y=$flatten\id_stage_i.\controller_i.$181y
      New ports: A=\if_stage_i.pc_id_o [31:1], B=$flatten\id_stage_i.\controller_i.$180y [31:1], Y=$flatten\id_stage_i.\controller_i.$181y [31:1]
      New connections: $flatten\id_stage_i.\controller_i.$181y [0] = 1'0
    Consolidated identical input bits for $mux cell $flatten\id_stage_i.\controller_i.$179:
      Old ports: A=2'00, B=2'11, Y=$flatten\id_stage_i.\controller_i.$179y
      New ports: A=1'0, B=1'1, Y=$flatten\id_stage_i.\controller_i.$179y [0]
      New connections: $flatten\id_stage_i.\controller_i.$179y [1] = $flatten\id_stage_i.\controller_i.$179y [0]
    Consolidated identical input bits for $mux cell $flatten\load_store_unit_i.$procmux$10658:
      Old ports: A={ 16'0000000000000000 \data_rdata_i [7:0] \load_store_unit_i.rdata_q [23:16] }, B={ \data_rdata_i [7] \data_rdata_i [7] \data_rdata_i [7] \data_rdata_i [7] \data_rdata_i [7] \data_rdata_i [7] \data_rdata_i [7] \data_rdata_i [7] \data_rdata_i [7] \data_rdata_i [7] \data_rdata_i [7] \data_rdata_i [7] \data_rdata_i [7] \data_rdata_i [7] \data_rdata_i [7] \data_rdata_i [7] \data_rdata_i [7:0] \load_store_unit_i.rdata_q [23:16] }, Y=$flatten\load_store_unit_i.$procmux$10658_Y
      New ports: A=1'0, B=\data_rdata_i [7], Y=$flatten\load_store_unit_i.$procmux$10658_Y [16]
      New connections: { $flatten\load_store_unit_i.$procmux$10658_Y [31:17] $flatten\load_store_unit_i.$procmux$10658_Y [15:0] } = { $flatten\load_store_unit_i.$procmux$10658_Y [16] $flatten\load_store_unit_i.$procmux$10658_Y [16] $flatten\load_store_unit_i.$procmux$10658_Y [16] $flatten\load_store_unit_i.$procmux$10658_Y [16] $flatten\load_store_unit_i.$procmux$10658_Y [16] $flatten\load_store_unit_i.$procmux$10658_Y [16] $flatten\load_store_unit_i.$procmux$10658_Y [16] $flatten\load_store_unit_i.$procmux$10658_Y [16] $flatten\load_store_unit_i.$procmux$10658_Y [16] $flatten\load_store_unit_i.$procmux$10658_Y [16] $flatten\load_store_unit_i.$procmux$10658_Y [16] $flatten\load_store_unit_i.$procmux$10658_Y [16] $flatten\load_store_unit_i.$procmux$10658_Y [16] $flatten\load_store_unit_i.$procmux$10658_Y [16] $flatten\load_store_unit_i.$procmux$10658_Y [16] \data_rdata_i [7:0] \load_store_unit_i.rdata_q [23:16] }
    Consolidated identical input bits for $mux cell $flatten\cs_registers_i.$procmux$9660:
      Old ports: A={ \if_stage_i.pc_id_o [31:1] 1'0 }, B={ \if_stage_i.gen_prefetch_buffer.prefetch_buffer_i.fifo_i.instr_addr_q 1'0 }, Y=$flatten\cs_registers_i.$exception_pc$96
      New ports: A=\if_stage_i.pc_id_o [31:1], B=\if_stage_i.gen_prefetch_buffer.prefetch_buffer_i.fifo_i.instr_addr_q, Y=$flatten\cs_registers_i.$exception_pc$96 [31:1]
      New connections: $flatten\cs_registers_i.$exception_pc$96 [0] = 1'0
    Consolidated identical input bits for $mux cell $flatten\load_store_unit_i.$procmux$10664:
      Old ports: A={ 16'0000000000000000 \data_rdata_i [31:16] }, B={ \data_rdata_i [31] \data_rdata_i [31] \data_rdata_i [31] \data_rdata_i [31] \data_rdata_i [31] \data_rdata_i [31] \data_rdata_i [31] \data_rdata_i [31] \data_rdata_i [31] \data_rdata_i [31] \data_rdata_i [31] \data_rdata_i [31] \data_rdata_i [31] \data_rdata_i [31] \data_rdata_i [31] \data_rdata_i [31] \data_rdata_i [31:16] }, Y=$flatten\load_store_unit_i.$procmux$10664_Y
      New ports: A=1'0, B=\data_rdata_i [31], Y=$flatten\load_store_unit_i.$procmux$10664_Y [16]
      New connections: { $flatten\load_store_unit_i.$procmux$10664_Y [31:17] $flatten\load_store_unit_i.$procmux$10664_Y [15:0] } = { $flatten\load_store_unit_i.$procmux$10664_Y [16] $flatten\load_store_unit_i.$procmux$10664_Y [16] $flatten\load_store_unit_i.$procmux$10664_Y [16] $flatten\load_store_unit_i.$procmux$10664_Y [16] $flatten\load_store_unit_i.$procmux$10664_Y [16] $flatten\load_store_unit_i.$procmux$10664_Y [16] $flatten\load_store_unit_i.$procmux$10664_Y [16] $flatten\load_store_unit_i.$procmux$10664_Y [16] $flatten\load_store_unit_i.$procmux$10664_Y [16] $flatten\load_store_unit_i.$procmux$10664_Y [16] $flatten\load_store_unit_i.$procmux$10664_Y [16] $flatten\load_store_unit_i.$procmux$10664_Y [16] $flatten\load_store_unit_i.$procmux$10664_Y [16] $flatten\load_store_unit_i.$procmux$10664_Y [16] $flatten\load_store_unit_i.$procmux$10664_Y [16] \data_rdata_i [31:16] }
    Consolidated identical input bits for $pmux cell $flatten\id_stage_i.\decoder_i.$procmux$7825:
      Old ports: A=6'100110, B=54'000000001000001001001010000100000011000010100101000001, Y=$flatten\id_stage_i.\decoder_i.$alu_operator_o$157
      New ports: A=5'10110, B=45'000000100001001010100010000011000101010100001, Y={ $flatten\id_stage_i.\decoder_i.$alu_operator_o$157 [5] $flatten\id_stage_i.\decoder_i.$alu_operator_o$157 [3:0] }
      New connections: $flatten\id_stage_i.\decoder_i.$alu_operator_o$157 [4] = 1'0
    Consolidated identical input bits for $pmux cell $flatten\if_stage_i.$procmux$11119:
      Old ports: A={ \cs_registers_i.u_mtvec_csr.rdata_q [31:8] 8'00000000 }, B={ \cs_registers_i.u_mtvec_csr.rdata_q [31:8] 1'0 \cs_registers_i.csr_mcause_i [4:0] 66'000001101000010001000010000000000000011010000100010000100000001000 }, Y=\if_stage_i.exc_pc
      New ports: A={ \cs_registers_i.u_mtvec_csr.rdata_q [31:8] 5'00000 }, B={ \cs_registers_i.u_mtvec_csr.rdata_q [31:8] \cs_registers_i.csr_mcause_i [4:0] 58'0001101000010001000010000000000011010000100010000100000010 }, Y={ \if_stage_i.exc_pc [31:8] \if_stage_i.exc_pc [6:2] }
      New connections: { \if_stage_i.exc_pc [7] \if_stage_i.exc_pc [1:0] } = 3'000
    Consolidated identical input bits for $mux cell $flatten\if_stage_i.\gen_prefetch_buffer.prefetch_buffer_i.\fifo_i.$6:
      Old ports: A={ \instr_rdata_i [15:0] \if_stage_i.gen_prefetch_buffer.prefetch_buffer_i.fifo_i.rdata [31:16] }, B={ \if_stage_i.gen_prefetch_buffer.prefetch_buffer_i.fifo_i.rdata_q [47:32] \if_stage_i.gen_prefetch_buffer.prefetch_buffer_i.fifo_i.rdata [31:16] }, Y=\if_stage_i.gen_prefetch_buffer.prefetch_buffer_i.fifo_i.rdata_unaligned
      New ports: A=\instr_rdata_i [15:0], B=\if_stage_i.gen_prefetch_buffer.prefetch_buffer_i.fifo_i.rdata_q [47:32], Y=\if_stage_i.gen_prefetch_buffer.prefetch_buffer_i.fifo_i.rdata_unaligned [31:16]
      New connections: \if_stage_i.gen_prefetch_buffer.prefetch_buffer_i.fifo_i.rdata_unaligned [15:0] = \if_stage_i.gen_prefetch_buffer.prefetch_buffer_i.fifo_i.rdata [31:16]
    Consolidated identical input bits for $mux cell $flatten\load_store_unit_i.$procmux$10671:
      Old ports: A={ 16'0000000000000000 \data_rdata_i [23:8] }, B={ \data_rdata_i [23] \data_rdata_i [23] \data_rdata_i [23] \data_rdata_i [23] \data_rdata_i [23] \data_rdata_i [23] \data_rdata_i [23] \data_rdata_i [23] \data_rdata_i [23] \data_rdata_i [23] \data_rdata_i [23] \data_rdata_i [23] \data_rdata_i [23] \data_rdata_i [23] \data_rdata_i [23] \data_rdata_i [23] \data_rdata_i [23:8] }, Y=$flatten\load_store_unit_i.$procmux$10671_Y
      New ports: A=1'0, B=\data_rdata_i [23], Y=$flatten\load_store_unit_i.$procmux$10671_Y [16]
      New connections: { $flatten\load_store_unit_i.$procmux$10671_Y [31:17] $flatten\load_store_unit_i.$procmux$10671_Y [15:0] } = { $flatten\load_store_unit_i.$procmux$10671_Y [16] $flatten\load_store_unit_i.$procmux$10671_Y [16] $flatten\load_store_unit_i.$procmux$10671_Y [16] $flatten\load_store_unit_i.$procmux$10671_Y [16] $flatten\load_store_unit_i.$procmux$10671_Y [16] $flatten\load_store_unit_i.$procmux$10671_Y [16] $flatten\load_store_unit_i.$procmux$10671_Y [16] $flatten\load_store_unit_i.$procmux$10671_Y [16] $flatten\load_store_unit_i.$procmux$10671_Y [16] $flatten\load_store_unit_i.$procmux$10671_Y [16] $flatten\load_store_unit_i.$procmux$10671_Y [16] $flatten\load_store_unit_i.$procmux$10671_Y [16] $flatten\load_store_unit_i.$procmux$10671_Y [16] $flatten\load_store_unit_i.$procmux$10671_Y [16] $flatten\load_store_unit_i.$procmux$10671_Y [16] \data_rdata_i [23:8] }
    Consolidated identical input bits for $mux cell $flatten\ex_block_i.\gen_multdiv_fast.multdiv_i.$procmux$5817:
      Old ports: A=33'000000000000000000000000000000001, B={ \id_stage_i.imd_val_q [65:34] 1'1 }, Y=\ex_block_i.alu_i.multdiv_operand_a_i
      New ports: A=0, B=\id_stage_i.imd_val_q [65:34], Y=\ex_block_i.alu_i.multdiv_operand_a_i [32:1]
      New connections: \ex_block_i.alu_i.multdiv_operand_a_i [0] = 1'1
    Consolidated identical input bits for $mux cell $flatten\load_store_unit_i.$70:
      Old ports: A=2'11, B=2'01, Y=$auto$wreduce.cc:514:run$11783 [1:0]
      New ports: A=1'1, B=1'0, Y=$auto$wreduce.cc:514:run$11783 [1]
      New connections: $auto$wreduce.cc:514:run$11783 [0] = 1'1
    Consolidated identical input bits for $pmux cell $flatten\ex_block_i.\gen_multdiv_fast.multdiv_i.$procmux$5803:
      Old ports: A={ $flatten\ex_block_i.\gen_multdiv_fast.multdiv_i.$101y 1'1 }, B={ $flatten\ex_block_i.\gen_multdiv_fast.multdiv_i.$119y 1'1 $flatten\ex_block_i.\gen_multdiv_fast.multdiv_i.$111y 1'1 $flatten\ex_block_i.\gen_multdiv_fast.multdiv_i.$103y 1'1 }, Y=\ex_block_i.alu_i.multdiv_operand_b_i
      New ports: A=$flatten\ex_block_i.\gen_multdiv_fast.multdiv_i.$101y, B={ $flatten\ex_block_i.\gen_multdiv_fast.multdiv_i.$119y $flatten\ex_block_i.\gen_multdiv_fast.multdiv_i.$111y $flatten\ex_block_i.\gen_multdiv_fast.multdiv_i.$103y }, Y=\ex_block_i.alu_i.multdiv_operand_b_i [32:1]
      New connections: \ex_block_i.alu_i.multdiv_operand_b_i [0] = 1'1
    Consolidated identical input bits for $mux cell $flatten\if_stage_i.\gen_prefetch_buffer.prefetch_buffer_i.$53:
      Old ports: A={ \if_stage_i.gen_prefetch_buffer.prefetch_buffer_i.fetch_addr_q [31:2] 2'00 }, B={ \if_stage_i.fetch_addr_n [31:1] 1'0 }, Y={ $flatten\if_stage_i.\gen_prefetch_buffer.prefetch_buffer_i.$53y [31:2] \if_stage_i.gen_prefetch_buffer.prefetch_buffer_i.fetch_addr_d [1:0] }
      New ports: A={ \if_stage_i.gen_prefetch_buffer.prefetch_buffer_i.fetch_addr_q [31:2] 1'0 }, B=\if_stage_i.fetch_addr_n [31:1], Y={ $flatten\if_stage_i.\gen_prefetch_buffer.prefetch_buffer_i.$53y [31:2] \if_stage_i.gen_prefetch_buffer.prefetch_buffer_i.fetch_addr_d [1] }
      New connections: \if_stage_i.gen_prefetch_buffer.prefetch_buffer_i.fetch_addr_d [0] = 1'0
    Consolidated identical input bits for $mux cell $flatten\ex_block_i.\gen_multdiv_fast.multdiv_i.$procmux$5725:
      Old ports: A={ 2'00 \ex_block_i.gen_multdiv_fast.multdiv_i.op_a_i }, B=34'1111111111111111111111111111111111, Y=$flatten\ex_block_i.\gen_multdiv_fast.multdiv_i.$op_remainder_d$98
      New ports: A={ 1'0 \ex_block_i.gen_multdiv_fast.multdiv_i.op_a_i }, B=33'111111111111111111111111111111111, Y=$flatten\ex_block_i.\gen_multdiv_fast.multdiv_i.$op_remainder_d$98 [32:0]
      New connections: $flatten\ex_block_i.\gen_multdiv_fast.multdiv_i.$op_remainder_d$98 [33] = $flatten\ex_block_i.\gen_multdiv_fast.multdiv_i.$op_remainder_d$98 [32]
    Consolidated identical input bits for $mux cell $flatten\if_stage_i.\compressed_decoder_i.$procmux$9312:
      Old ports: A={ \if_stage_i.compressed_decoder_i.instr_i [12] \if_stage_i.compressed_decoder_i.instr_i [12] \if_stage_i.compressed_decoder_i.instr_i [12] \if_stage_i.compressed_decoder_i.instr_i [12] \if_stage_i.compressed_decoder_i.instr_i [12] \if_stage_i.compressed_decoder_i.instr_i [12] \if_stage_i.compressed_decoder_i.instr_i [12] \if_stage_i.compressed_decoder_i.instr_i [12] \if_stage_i.compressed_decoder_i.instr_i [12] \if_stage_i.compressed_decoder_i.instr_i [12] \if_stage_i.compressed_decoder_i.instr_i [12] \if_stage_i.compressed_decoder_i.instr_i [12] \if_stage_i.compressed_decoder_i.instr_i [6:2] \if_stage_i.compressed_decoder_i.instr_i [11:7] 7'0110111 }, B={ \if_stage_i.compressed_decoder_i.instr_i [4:3] \if_stage_i.compressed_decoder_i.instr_i [5] \if_stage_i.compressed_decoder_i.instr_i [2] \if_stage_i.compressed_decoder_i.instr_i [6] 24'000000010000000100010011 }, Y=$flatten\if_stage_i.\compressed_decoder_i.$instr_o$8 [28:0]
      New ports: A={ \if_stage_i.compressed_decoder_i.instr_i [12] \if_stage_i.compressed_decoder_i.instr_i [12] \if_stage_i.compressed_decoder_i.instr_i [12] \if_stage_i.compressed_decoder_i.instr_i [12] \if_stage_i.compressed_decoder_i.instr_i [12] \if_stage_i.compressed_decoder_i.instr_i [12] \if_stage_i.compressed_decoder_i.instr_i [6:2] \if_stage_i.compressed_decoder_i.instr_i [11:7] 1'1 }, B={ \if_stage_i.compressed_decoder_i.instr_i [4:3] \if_stage_i.compressed_decoder_i.instr_i [5] \if_stage_i.compressed_decoder_i.instr_i [2] \if_stage_i.compressed_decoder_i.instr_i [6] 12'010000000100 }, Y={ $flatten\if_stage_i.\compressed_decoder_i.$instr_o$8 [28:24] $flatten\if_stage_i.\compressed_decoder_i.$instr_o$8 [17:7] $flatten\if_stage_i.\compressed_decoder_i.$instr_o$8 [2] }
      New connections: { $flatten\if_stage_i.\compressed_decoder_i.$instr_o$8 [23:18] $flatten\if_stage_i.\compressed_decoder_i.$instr_o$8 [6:3] $flatten\if_stage_i.\compressed_decoder_i.$instr_o$8 [1:0] } = { $flatten\if_stage_i.\compressed_decoder_i.$instr_o$8 [17] $flatten\if_stage_i.\compressed_decoder_i.$instr_o$8 [17] $flatten\if_stage_i.\compressed_decoder_i.$instr_o$8 [17] $flatten\if_stage_i.\compressed_decoder_i.$instr_o$8 [17] $flatten\if_stage_i.\compressed_decoder_i.$instr_o$8 [17] $flatten\if_stage_i.\compressed_decoder_i.$instr_o$8 [17] 1'0 $flatten\if_stage_i.\compressed_decoder_i.$instr_o$8 [2] 4'1011 }
    Consolidated identical input bits for $mux cell $flatten\load_store_unit_i.$92:
      Old ports: A=2'11, B=2'00, Y=$auto$wreduce.cc:514:run$11781 [1:0]
      New ports: A=1'1, B=1'0, Y=$auto$wreduce.cc:514:run$11781 [0]
      New connections: $auto$wreduce.cc:514:run$11781 [1] = $auto$wreduce.cc:514:run$11781 [0]
    Consolidated identical input bits for $mux cell $flatten\load_store_unit_i.$procmux$10688:
      Old ports: A={ 16'0000000000000000 \data_rdata_i [15:0] }, B={ \data_rdata_i [15] \data_rdata_i [15] \data_rdata_i [15] \data_rdata_i [15] \data_rdata_i [15] \data_rdata_i [15] \data_rdata_i [15] \data_rdata_i [15] \data_rdata_i [15] \data_rdata_i [15] \data_rdata_i [15] \data_rdata_i [15] \data_rdata_i [15] \data_rdata_i [15] \data_rdata_i [15] \data_rdata_i [15] \data_rdata_i [15:0] }, Y=$flatten\load_store_unit_i.$procmux$10688_Y
      New ports: A=1'0, B=\data_rdata_i [15], Y=$flatten\load_store_unit_i.$procmux$10688_Y [16]
      New connections: { $flatten\load_store_unit_i.$procmux$10688_Y [31:17] $flatten\load_store_unit_i.$procmux$10688_Y [15:0] } = { $flatten\load_store_unit_i.$procmux$10688_Y [16] $flatten\load_store_unit_i.$procmux$10688_Y [16] $flatten\load_store_unit_i.$procmux$10688_Y [16] $flatten\load_store_unit_i.$procmux$10688_Y [16] $flatten\load_store_unit_i.$procmux$10688_Y [16] $flatten\load_store_unit_i.$procmux$10688_Y [16] $flatten\load_store_unit_i.$procmux$10688_Y [16] $flatten\load_store_unit_i.$procmux$10688_Y [16] $flatten\load_store_unit_i.$procmux$10688_Y [16] $flatten\load_store_unit_i.$procmux$10688_Y [16] $flatten\load_store_unit_i.$procmux$10688_Y [16] $flatten\load_store_unit_i.$procmux$10688_Y [16] $flatten\load_store_unit_i.$procmux$10688_Y [16] $flatten\load_store_unit_i.$procmux$10688_Y [16] $flatten\load_store_unit_i.$procmux$10688_Y [16] \data_rdata_i [15:0] }
    Consolidated identical input bits for $pmux cell $flatten\if_stage_i.\compressed_decoder_i.$procmux$9248:
      Old ports: A=\if_stage_i.compressed_decoder_i.instr_i, B={ 9'010000001 \if_stage_i.compressed_decoder_i.instr_i [4:2] 2'01 \if_stage_i.compressed_decoder_i.instr_i [9:7] 5'00001 \if_stage_i.compressed_decoder_i.instr_i [9:7] 16'0110011000000001 \if_stage_i.compressed_decoder_i.instr_i [4:2] 2'01 \if_stage_i.compressed_decoder_i.instr_i [9:7] 5'10001 \if_stage_i.compressed_decoder_i.instr_i [9:7] 16'0110011000000001 \if_stage_i.compressed_decoder_i.instr_i [4:2] 2'01 \if_stage_i.compressed_decoder_i.instr_i [9:7] 5'11001 \if_stage_i.compressed_decoder_i.instr_i [9:7] 16'0110011000000001 \if_stage_i.compressed_decoder_i.instr_i [4:2] 2'01 \if_stage_i.compressed_decoder_i.instr_i [9:7] 5'11101 \if_stage_i.compressed_decoder_i.instr_i [9:7] 7'0110011 }, Y=$flatten\if_stage_i.\compressed_decoder_i.$instr_o$13
      New ports: A={ \if_stage_i.compressed_decoder_i.instr_i [31:10] \if_stage_i.compressed_decoder_i.instr_i [6:0] }, B={ 9'010000001 \if_stage_i.compressed_decoder_i.instr_i [4:2] 2'01 \if_stage_i.compressed_decoder_i.instr_i [9:7] 21'000010110011000000001 \if_stage_i.compressed_decoder_i.instr_i [4:2] 2'01 \if_stage_i.compressed_decoder_i.instr_i [9:7] 21'100010110011000000001 \if_stage_i.compressed_decoder_i.instr_i [4:2] 2'01 \if_stage_i.compressed_decoder_i.instr_i [9:7] 21'110010110011000000001 \if_stage_i.compressed_decoder_i.instr_i [4:2] 2'01 \if_stage_i.compressed_decoder_i.instr_i [9:7] 12'111010110011 }, Y={ $flatten\if_stage_i.\compressed_decoder_i.$instr_o$13 [31:10] $flatten\if_stage_i.\compressed_decoder_i.$instr_o$13 [6:0] }
      New connections: $flatten\if_stage_i.\compressed_decoder_i.$instr_o$13 [9:7] = \if_stage_i.compressed_decoder_i.instr_i [9:7]
    Consolidated identical input bits for $mux cell $flatten\id_stage_i.\decoder_i.$procmux$7777:
      Old ports: A=6'100110, B=6'000000, Y=$flatten\id_stage_i.\decoder_i.$alu_operator_o$164
      New ports: A=1'1, B=1'0, Y=$flatten\id_stage_i.\decoder_i.$alu_operator_o$164 [1]
      New connections: { $flatten\id_stage_i.\decoder_i.$alu_operator_o$164 [5:2] $flatten\id_stage_i.\decoder_i.$alu_operator_o$164 [0] } = { $flatten\id_stage_i.\decoder_i.$alu_operator_o$164 [1] 2'00 $flatten\id_stage_i.\decoder_i.$alu_operator_o$164 [1] 1'0 }
    Consolidated identical input bits for $mux cell $flatten\id_stage_i.$19:
      Old ports: A=3'100, B=3'010, Y=$auto$wreduce.cc:514:run$11782 [2:0]
      New ports: A=2'10, B=2'01, Y=$auto$wreduce.cc:514:run$11782 [2:1]
      New connections: $auto$wreduce.cc:514:run$11782 [0] = 1'0
    Consolidated identical input bits for $pmux cell $flatten\load_store_unit_i.$procmux$10770:
      Old ports: A=4'1111, B=12'111011001000, Y=$flatten\load_store_unit_i.$data_be$4
      New ports: A=3'111, B=9'110100000, Y=$flatten\load_store_unit_i.$data_be$4 [2:0]
      New connections: $flatten\load_store_unit_i.$data_be$4 [3] = 1'1
    Consolidated identical input bits for $mux cell $flatten\if_stage_i.\compressed_decoder_i.$procmux$9156:
      Old ports: A={ 5'00000 \if_stage_i.compressed_decoder_i.instr_i [11:7] 15'000000001100111 }, B={ \if_stage_i.compressed_decoder_i.instr_i [6:2] 8'00000000 \if_stage_i.compressed_decoder_i.instr_i [11:7] 7'0110011 }, Y=$auto$wreduce.cc:514:run$11809 [24:0]
      New ports: A={ 5'00000 \if_stage_i.compressed_decoder_i.instr_i [11:7] 7'0000001 }, B={ \if_stage_i.compressed_decoder_i.instr_i [6:2] 5'00000 \if_stage_i.compressed_decoder_i.instr_i [11:7] 2'10 }, Y={ $auto$wreduce.cc:514:run$11809 [24:15] $auto$wreduce.cc:514:run$11809 [11:7] $auto$wreduce.cc:514:run$11809 [4] $auto$wreduce.cc:514:run$11809 [2] }
      New connections: { $auto$wreduce.cc:514:run$11809 [14:12] $auto$wreduce.cc:514:run$11809 [6:5] $auto$wreduce.cc:514:run$11809 [3] $auto$wreduce.cc:514:run$11809 [1:0] } = { 3'000 $auto$wreduce.cc:514:run$11809 [2] 4'1011 }
    Consolidated identical input bits for $mux cell $flatten\if_stage_i.\compressed_decoder_i.$procmux$9097:
      Old ports: A={ 1'0 \if_stage_i.compressed_decoder_i.instr_i [11:7] 15'000000011100111 }, B=21'100000000000001110011, Y=$auto$wreduce.cc:514:run$11808 [20:0]
      New ports: A={ \if_stage_i.compressed_decoder_i.instr_i [11:7] 2'01 }, B=7'0000010, Y={ $auto$wreduce.cc:514:run$11808 [19:15] $auto$wreduce.cc:514:run$11808 [4] $auto$wreduce.cc:514:run$11808 [2] }
      New connections: { $auto$wreduce.cc:514:run$11808 [20] $auto$wreduce.cc:514:run$11808 [14:5] $auto$wreduce.cc:514:run$11808 [3] $auto$wreduce.cc:514:run$11808 [1:0] } = { $auto$wreduce.cc:514:run$11808 [4] 7'0000000 $auto$wreduce.cc:514:run$11808 [2] 5'11011 }
    New ctrl vector for $pmux cell $flatten\load_store_unit_i.$procmux$10381: { $flatten\load_store_unit_i.$procmux$10286_CMP $flatten\load_store_unit_i.$procmux$10354_CMP $flatten\load_store_unit_i.$142y }
    Consolidated identical input bits for $pmux cell $flatten\load_store_unit_i.$procmux$10748:
      Old ports: A=4'0000, B=12'000100110111, Y=$flatten\load_store_unit_i.$data_be$5
      New ports: A=3'000, B=9'001011111, Y=$flatten\load_store_unit_i.$data_be$5 [2:0]
      New connections: $flatten\load_store_unit_i.$data_be$5 [3] = 1'0
  Optimizing cells in module \ibex_core.
    Consolidated identical input bits for $mux cell $flatten\id_stage_i.\decoder_i.$procmux$7894:
      Old ports: A=$flatten\id_stage_i.\decoder_i.$alu_operator_o$154, B=6'001001, Y=$flatten\id_stage_i.\decoder_i.$alu_operator_o$155
      New ports: A={ $flatten\id_stage_i.\decoder_i.$alu_operator_o$154 [3] $flatten\id_stage_i.\decoder_i.$alu_operator_o$154 [1] 1'0 }, B=3'101, Y={ $flatten\id_stage_i.\decoder_i.$alu_operator_o$155 [3] $flatten\id_stage_i.\decoder_i.$alu_operator_o$155 [1:0] }
      New connections: { $flatten\id_stage_i.\decoder_i.$alu_operator_o$155 [5:4] $flatten\id_stage_i.\decoder_i.$alu_operator_o$155 [2] } = { $flatten\id_stage_i.\decoder_i.$alu_operator_o$155 [1] 1'0 $flatten\id_stage_i.\decoder_i.$alu_operator_o$155 [1] }
    Consolidated identical input bits for $mux cell $flatten\id_stage_i.\decoder_i.$procmux$7742:
      Old ports: A=$flatten\id_stage_i.\decoder_i.$alu_op_a_mux_sel_o$168, B=2'00, Y=$flatten\id_stage_i.\decoder_i.$alu_op_a_mux_sel_o$171
      New ports: A=$flatten\id_stage_i.\decoder_i.$alu_op_a_mux_sel_o$168 [0], B=1'0, Y=$flatten\id_stage_i.\decoder_i.$alu_op_a_mux_sel_o$171 [0]
      New connections: $flatten\id_stage_i.\decoder_i.$alu_op_a_mux_sel_o$171 [1] = $flatten\id_stage_i.\decoder_i.$alu_op_a_mux_sel_o$171 [0]
    Consolidated identical input bits for $mux cell $flatten\id_stage_i.\controller_i.$procmux$6626:
      Old ports: A={ 1'0 $auto$wreduce.cc:514:run$11793 [2:0] }, B=4'1011, Y=$auto$wreduce.cc:514:run$11792 [3:0]
      New ports: A={ 1'0 $auto$wreduce.cc:514:run$11793 [2] }, B=2'10, Y=$auto$wreduce.cc:514:run$11792 [3:2]
      New connections: $auto$wreduce.cc:514:run$11792 [1:0] = 2'11
    Consolidated identical input bits for $mux cell $memory$auto$memory_bmux2rom.cc:63:execute$11909$rdmux[0][3][7]$12018:
      Old ports: A=$memory$auto$memory_bmux2rom.cc:63:execute$11909$rdmux[0][3][7]$a$12019, B=$memory$auto$memory_bmux2rom.cc:63:execute$11909$rdmux[0][3][7]$b$12020, Y=$memory$auto$memory_bmux2rom.cc:63:execute$11909$rdmux[0][2][3]$b$11996
      New ports: A={ $memory$auto$memory_bmux2rom.cc:63:execute$11909$rdmux[0][3][7]$a$12019 [2] 1'0 }, B={ 1'0 $memory$auto$memory_bmux2rom.cc:63:execute$11909$rdmux[0][3][7]$b$12020 [0] }, Y={ $memory$auto$memory_bmux2rom.cc:63:execute$11909$rdmux[0][2][3]$b$11996 [2] $memory$auto$memory_bmux2rom.cc:63:execute$11909$rdmux[0][2][3]$b$11996 [0] }
      New connections: { $memory$auto$memory_bmux2rom.cc:63:execute$11909$rdmux[0][2][3]$b$11996 [31:3] $memory$auto$memory_bmux2rom.cc:63:execute$11909$rdmux[0][2][3]$b$11996 [1] } = 30'000000000000000000000000000000
    Consolidated identical input bits for $mux cell $flatten\cs_registers_i.$procmux$9494:
      Old ports: A=$flatten\cs_registers_i.$exception_pc$96, B={ \cs_registers_i.csr_wdata_int [31:1] 1'0 }, Y=$flatten\cs_registers_i.$mepc_d$100
      New ports: A=$flatten\cs_registers_i.$exception_pc$96 [31:1], B=\cs_registers_i.csr_wdata_int [31:1], Y=$flatten\cs_registers_i.$mepc_d$100 [31:1]
      New connections: $flatten\cs_registers_i.$mepc_d$100 [0] = 1'0
    Consolidated identical input bits for $mux cell $flatten\cs_registers_i.$procmux$9545:
      Old ports: A={ \cs_registers_i.csr_wdata_int [31:1] 1'0 }, B=$flatten\cs_registers_i.$exception_pc$96, Y=$flatten\cs_registers_i.$depc_d$118
      New ports: A=\cs_registers_i.csr_wdata_int [31:1], B=$flatten\cs_registers_i.$exception_pc$96 [31:1], Y=$flatten\cs_registers_i.$depc_d$118 [31:1]
      New connections: $flatten\cs_registers_i.$depc_d$118 [0] = 1'0
    Consolidated identical input bits for $mux cell $flatten\id_stage_i.\controller_i.$procmux$6101:
      Old ports: A=$flatten\id_stage_i.\controller_i.$pc_mux_o$207, B=3'011, Y=$flatten\id_stage_i.\controller_i.$pc_mux_o$213
      New ports: A={ $flatten\id_stage_i.\controller_i.$pc_mux_o$207 [2] 1'0 }, B=2'01, Y={ $flatten\id_stage_i.\controller_i.$pc_mux_o$213 [2] $flatten\id_stage_i.\controller_i.$pc_mux_o$213 [0] }
      New connections: $flatten\id_stage_i.\controller_i.$pc_mux_o$213 [1] = $flatten\id_stage_i.\controller_i.$pc_mux_o$213 [0]
    Consolidated identical input bits for $pmux cell $flatten\load_store_unit_i.$procmux$10641:
      Old ports: A=$flatten\load_store_unit_i.$procmux$10653_Y, B={ $flatten\load_store_unit_i.$procmux$10636_Y $flatten\load_store_unit_i.$procmux$10629_Y $flatten\load_store_unit_i.$procmux$10623_Y }, Y=\load_store_unit_i.rdata_b_ext
      New ports: A={ $flatten\load_store_unit_i.$procmux$10653_Y [8] \data_rdata_i [7:0] }, B={ $flatten\load_store_unit_i.$procmux$10636_Y [8] \data_rdata_i [15:8] $flatten\load_store_unit_i.$procmux$10629_Y [8] \data_rdata_i [23:16] $flatten\load_store_unit_i.$procmux$10623_Y [8] \data_rdata_i [31:24] }, Y=\load_store_unit_i.rdata_b_ext [8:0]
      New connections: \load_store_unit_i.rdata_b_ext [31:9] = { \load_store_unit_i.rdata_b_ext [8] \load_store_unit_i.rdata_b_ext [8] \load_store_unit_i.rdata_b_ext [8] \load_store_unit_i.rdata_b_ext [8] \load_store_unit_i.rdata_b_ext [8] \load_store_unit_i.rdata_b_ext [8] \load_store_unit_i.rdata_b_ext [8] \load_store_unit_i.rdata_b_ext [8] \load_store_unit_i.rdata_b_ext [8] \load_store_unit_i.rdata_b_ext [8] \load_store_unit_i.rdata_b_ext [8] \load_store_unit_i.rdata_b_ext [8] \load_store_unit_i.rdata_b_ext [8] \load_store_unit_i.rdata_b_ext [8] \load_store_unit_i.rdata_b_ext [8] \load_store_unit_i.rdata_b_ext [8] \load_store_unit_i.rdata_b_ext [8] \load_store_unit_i.rdata_b_ext [8] \load_store_unit_i.rdata_b_ext [8] \load_store_unit_i.rdata_b_ext [8] \load_store_unit_i.rdata_b_ext [8] \load_store_unit_i.rdata_b_ext [8] \load_store_unit_i.rdata_b_ext [8] }
    Consolidated identical input bits for $mux cell $flatten\ex_block_i.\alu_i.$35:
      Old ports: A={ \cs_registers_i.csr_wdata_i 1'1 }, B=\ex_block_i.alu_i.multdiv_operand_a_i, Y=\ex_block_i.alu_i.adder_in_a
      New ports: A=\cs_registers_i.csr_wdata_i, B=\ex_block_i.alu_i.multdiv_operand_a_i [32:1], Y=\ex_block_i.alu_i.adder_in_a [32:1]
      New connections: \ex_block_i.alu_i.adder_in_a [0] = 1'1
    Consolidated identical input bits for $pmux cell $flatten\load_store_unit_i.$procmux$10676:
      Old ports: A=$flatten\load_store_unit_i.$procmux$10688_Y, B={ $flatten\load_store_unit_i.$procmux$10671_Y $flatten\load_store_unit_i.$procmux$10664_Y $flatten\load_store_unit_i.$procmux$10658_Y }, Y=\load_store_unit_i.rdata_h_ext
      New ports: A={ $flatten\load_store_unit_i.$procmux$10688_Y [16] \data_rdata_i [15:0] }, B={ $flatten\load_store_unit_i.$procmux$10671_Y [16] \data_rdata_i [23:8] $flatten\load_store_unit_i.$procmux$10664_Y [16] \data_rdata_i [31:16] $flatten\load_store_unit_i.$procmux$10658_Y [16] \data_rdata_i [7:0] \load_store_unit_i.rdata_q [23:16] }, Y=\load_store_unit_i.rdata_h_ext [16:0]
      New connections: \load_store_unit_i.rdata_h_ext [31:17] = { \load_store_unit_i.rdata_h_ext [16] \load_store_unit_i.rdata_h_ext [16] \load_store_unit_i.rdata_h_ext [16] \load_store_unit_i.rdata_h_ext [16] \load_store_unit_i.rdata_h_ext [16] \load_store_unit_i.rdata_h_ext [16] \load_store_unit_i.rdata_h_ext [16] \load_store_unit_i.rdata_h_ext [16] \load_store_unit_i.rdata_h_ext [16] \load_store_unit_i.rdata_h_ext [16] \load_store_unit_i.rdata_h_ext [16] \load_store_unit_i.rdata_h_ext [16] \load_store_unit_i.rdata_h_ext [16] \load_store_unit_i.rdata_h_ext [16] \load_store_unit_i.rdata_h_ext [16] }
    Consolidated identical input bits for $mux cell $flatten\load_store_unit_i.$procmux$10302:
      Old ports: A=3'100, B={ 1'0 $auto$wreduce.cc:514:run$11781 [1:0] }, Y=$flatten\load_store_unit_i.$ls_fsm_ns$104
      New ports: A=2'10, B={ 1'0 $auto$wreduce.cc:514:run$11781 [0] }, Y={ $flatten\load_store_unit_i.$ls_fsm_ns$104 [2] $flatten\load_store_unit_i.$ls_fsm_ns$104 [0] }
      New connections: $flatten\load_store_unit_i.$ls_fsm_ns$104 [1] = $flatten\load_store_unit_i.$ls_fsm_ns$104 [0]
    Consolidated identical input bits for $pmux cell $flatten\if_stage_i.\compressed_decoder_i.$procmux$9263:
      Old ports: A={ 1'0 \if_stage_i.compressed_decoder_i.instr_i [10] 5'00000 \if_stage_i.compressed_decoder_i.instr_i [6:2] 2'01 \if_stage_i.compressed_decoder_i.instr_i [9:7] 5'10101 \if_stage_i.compressed_decoder_i.instr_i [9:7] 7'0010011 }, B={ \if_stage_i.compressed_decoder_i.instr_i [12] \if_stage_i.compressed_decoder_i.instr_i [12] \if_stage_i.compressed_decoder_i.instr_i [12] \if_stage_i.compressed_decoder_i.instr_i [12] \if_stage_i.compressed_decoder_i.instr_i [12] \if_stage_i.compressed_decoder_i.instr_i [12] \if_stage_i.compressed_decoder_i.instr_i [12] \if_stage_i.compressed_decoder_i.instr_i [6:2] 2'01 \if_stage_i.compressed_decoder_i.instr_i [9:7] 5'11101 \if_stage_i.compressed_decoder_i.instr_i [9:7] 7'0010011 $flatten\if_stage_i.\compressed_decoder_i.$instr_o$13 }, Y=$flatten\if_stage_i.\compressed_decoder_i.$instr_o$15
      New ports: A={ 1'0 \if_stage_i.compressed_decoder_i.instr_i [10] 5'00000 \if_stage_i.compressed_decoder_i.instr_i [6:2] 2'01 \if_stage_i.compressed_decoder_i.instr_i [9:7] 12'101010010011 }, B={ \if_stage_i.compressed_decoder_i.instr_i [12] \if_stage_i.compressed_decoder_i.instr_i [12] \if_stage_i.compressed_decoder_i.instr_i [12] \if_stage_i.compressed_decoder_i.instr_i [12] \if_stage_i.compressed_decoder_i.instr_i [12] \if_stage_i.compressed_decoder_i.instr_i [12] \if_stage_i.compressed_decoder_i.instr_i [12] \if_stage_i.compressed_decoder_i.instr_i [6:2] 2'01 \if_stage_i.compressed_decoder_i.instr_i [9:7] 12'111010010011 $flatten\if_stage_i.\compressed_decoder_i.$instr_o$13 [31:10] $flatten\if_stage_i.\compressed_decoder_i.$instr_o$13 [6:0] }, Y={ $flatten\if_stage_i.\compressed_decoder_i.$instr_o$15 [31:10] $flatten\if_stage_i.\compressed_decoder_i.$instr_o$15 [6:0] }
      New connections: $flatten\if_stage_i.\compressed_decoder_i.$instr_o$15 [9:7] = \if_stage_i.compressed_decoder_i.instr_i [9:7]
    Consolidated identical input bits for $mux cell $flatten\if_stage_i.\compressed_decoder_i.$procmux$9114:
      Old ports: A={ 4'0000 $auto$wreduce.cc:514:run$11808 [20:0] }, B={ \if_stage_i.compressed_decoder_i.instr_i [6:2] \if_stage_i.compressed_decoder_i.instr_i [11:7] 3'000 \if_stage_i.compressed_decoder_i.instr_i [11:7] 7'0110011 }, Y=$auto$wreduce.cc:514:run$11807 [24:0]
      New ports: A={ 4'0000 $auto$wreduce.cc:514:run$11808 [4] $auto$wreduce.cc:514:run$11808 [19:15] 4'0000 $auto$wreduce.cc:514:run$11808 [2] 1'1 $auto$wreduce.cc:514:run$11808 [4] $auto$wreduce.cc:514:run$11808 [2] }, B={ \if_stage_i.compressed_decoder_i.instr_i [6:2] \if_stage_i.compressed_decoder_i.instr_i [11:7] \if_stage_i.compressed_decoder_i.instr_i [11:7] 3'010 }, Y={ $auto$wreduce.cc:514:run$11807 [24:15] $auto$wreduce.cc:514:run$11807 [11:6] $auto$wreduce.cc:514:run$11807 [4] $auto$wreduce.cc:514:run$11807 [2] }
      New connections: { $auto$wreduce.cc:514:run$11807 [14:12] $auto$wreduce.cc:514:run$11807 [5] $auto$wreduce.cc:514:run$11807 [3] $auto$wreduce.cc:514:run$11807 [1:0] } = 7'0001011
    Consolidated identical input bits for $mux cell $flatten\id_stage_i.\decoder_i.$procmux$7871:
      Old ports: A=$flatten\id_stage_i.\decoder_i.$alu_operator_o$157, B=6'100110, Y=$flatten\id_stage_i.\decoder_i.$alu_operator_o$160
      New ports: A={ $flatten\id_stage_i.\decoder_i.$alu_operator_o$157 [5] $flatten\id_stage_i.\decoder_i.$alu_operator_o$157 [3:0] }, B=5'10110, Y={ $flatten\id_stage_i.\decoder_i.$alu_operator_o$160 [5] $flatten\id_stage_i.\decoder_i.$alu_operator_o$160 [3:0] }
      New connections: $flatten\id_stage_i.\decoder_i.$alu_operator_o$160 [4] = 1'0
  Optimizing cells in module \ibex_core.
    Consolidated identical input bits for $mux cell $memory$auto$memory_bmux2rom.cc:63:execute$11909$rdmux[0][2][3]$11994:
      Old ports: A=0, B=$memory$auto$memory_bmux2rom.cc:63:execute$11909$rdmux[0][2][3]$b$11996, Y=$memory$auto$memory_bmux2rom.cc:63:execute$11909$rdmux[0][1][1]$b$11984
      New ports: A=2'00, B={ $memory$auto$memory_bmux2rom.cc:63:execute$11909$rdmux[0][2][3]$b$11996 [2] $memory$auto$memory_bmux2rom.cc:63:execute$11909$rdmux[0][2][3]$b$11996 [0] }, Y={ $memory$auto$memory_bmux2rom.cc:63:execute$11909$rdmux[0][1][1]$b$11984 [2] $memory$auto$memory_bmux2rom.cc:63:execute$11909$rdmux[0][1][1]$b$11984 [0] }
      New connections: { $memory$auto$memory_bmux2rom.cc:63:execute$11909$rdmux[0][1][1]$b$11984 [31:3] $memory$auto$memory_bmux2rom.cc:63:execute$11909$rdmux[0][1][1]$b$11984 [1] } = 30'000000000000000000000000000000
    Consolidated identical input bits for $pmux cell $flatten\id_stage_i.\decoder_i.$procmux$7905:
      Old ports: A=6'000000, B={ 36'100101100110000010000011000100001010 $flatten\id_stage_i.\decoder_i.$alu_operator_o$155 }, Y=$flatten\id_stage_i.\decoder_i.$alu_operator_o$156
      New ports: A=5'00000, B={ 30'101011011000010000110010001010 $flatten\id_stage_i.\decoder_i.$alu_operator_o$155 [1] $flatten\id_stage_i.\decoder_i.$alu_operator_o$155 [3] $flatten\id_stage_i.\decoder_i.$alu_operator_o$155 [1] $flatten\id_stage_i.\decoder_i.$alu_operator_o$155 [1:0] }, Y={ $flatten\id_stage_i.\decoder_i.$alu_operator_o$156 [5] $flatten\id_stage_i.\decoder_i.$alu_operator_o$156 [3:0] }
      New connections: $flatten\id_stage_i.\decoder_i.$alu_operator_o$156 [4] = 1'0
    Consolidated identical input bits for $mux cell $flatten\cs_registers_i.$procmux$9632:
      Old ports: A=$flatten\cs_registers_i.$mepc_d$100, B={ \cs_registers_i.csr_wdata_int [31:1] 1'0 }, Y=$flatten\cs_registers_i.$mepc_d$109
      New ports: A=$flatten\cs_registers_i.$mepc_d$100 [31:1], B=\cs_registers_i.csr_wdata_int [31:1], Y=$flatten\cs_registers_i.$mepc_d$109 [31:1]
      New connections: $flatten\cs_registers_i.$mepc_d$109 [0] = 1'0
    Consolidated identical input bits for $mux cell $flatten\cs_registers_i.$procmux$9684:
      Old ports: A={ \cs_registers_i.csr_wdata_int [31:1] 1'0 }, B=$flatten\cs_registers_i.$depc_d$118, Y=\cs_registers_i.u_depc_csr.wr_data_i
      New ports: A=\cs_registers_i.csr_wdata_int [31:1], B=$flatten\cs_registers_i.$depc_d$118 [31:1], Y=\cs_registers_i.u_depc_csr.wr_data_i [31:1]
      New connections: \cs_registers_i.u_depc_csr.wr_data_i [0] = 1'0
    Consolidated identical input bits for $mux cell $flatten\if_stage_i.\compressed_decoder_i.$procmux$9129:
      Old ports: A=$auto$wreduce.cc:514:run$11809 [24:0], B=$auto$wreduce.cc:514:run$11807 [24:0], Y=$auto$wreduce.cc:514:run$11806 [24:0]
      New ports: A={ $auto$wreduce.cc:514:run$11809 [24:15] $auto$wreduce.cc:514:run$11809 [11:7] $auto$wreduce.cc:514:run$11809 [2] $auto$wreduce.cc:514:run$11809 [4] $auto$wreduce.cc:514:run$11809 [2] }, B={ $auto$wreduce.cc:514:run$11807 [24:15] $auto$wreduce.cc:514:run$11807 [11:6] $auto$wreduce.cc:514:run$11807 [4] $auto$wreduce.cc:514:run$11807 [2] }, Y={ $auto$wreduce.cc:514:run$11806 [24:15] $auto$wreduce.cc:514:run$11806 [11:6] $auto$wreduce.cc:514:run$11806 [4] $auto$wreduce.cc:514:run$11806 [2] }
      New connections: { $auto$wreduce.cc:514:run$11806 [14:12] $auto$wreduce.cc:514:run$11806 [5] $auto$wreduce.cc:514:run$11806 [3] $auto$wreduce.cc:514:run$11806 [1:0] } = 7'0001011
  Optimizing cells in module \ibex_core.
    Consolidated identical input bits for $mux cell $memory$auto$memory_bmux2rom.cc:63:execute$11909$rdmux[0][1][1]$11982:
      Old ports: A=0, B=$memory$auto$memory_bmux2rom.cc:63:execute$11909$rdmux[0][1][1]$b$11984, Y=$memory$auto$memory_bmux2rom.cc:63:execute$11909$rdmux[0][0][0]$b$11978
      New ports: A=2'00, B={ $memory$auto$memory_bmux2rom.cc:63:execute$11909$rdmux[0][1][1]$b$11984 [2] $memory$auto$memory_bmux2rom.cc:63:execute$11909$rdmux[0][1][1]$b$11984 [0] }, Y={ $memory$auto$memory_bmux2rom.cc:63:execute$11909$rdmux[0][0][0]$b$11978 [2] $memory$auto$memory_bmux2rom.cc:63:execute$11909$rdmux[0][0][0]$b$11978 [0] }
      New connections: { $memory$auto$memory_bmux2rom.cc:63:execute$11909$rdmux[0][0][0]$b$11978 [31:3] $memory$auto$memory_bmux2rom.cc:63:execute$11909$rdmux[0][0][0]$b$11978 [1] } = 30'000000000000000000000000000000
  Optimizing cells in module \ibex_core.
    Consolidated identical input bits for $mux cell $memory$auto$memory_bmux2rom.cc:63:execute$11909$rdmux[0][0][0]$11976:
      Old ports: A=0, B=$memory$auto$memory_bmux2rom.cc:63:execute$11909$rdmux[0][0][0]$b$11978, Y=$flatten\cs_registers_i.$24y
      New ports: A=2'00, B={ $memory$auto$memory_bmux2rom.cc:63:execute$11909$rdmux[0][0][0]$b$11978 [2] $memory$auto$memory_bmux2rom.cc:63:execute$11909$rdmux[0][0][0]$b$11978 [0] }, Y={ $flatten\cs_registers_i.$24y [2] $flatten\cs_registers_i.$24y [0] }
      New connections: { $flatten\cs_registers_i.$24y [31:3] $flatten\cs_registers_i.$24y [1] } = 30'000000000000000000000000000000
  Optimizing cells in module \ibex_core.
Performed a total of 68 changes.

8.3.5. Executing OPT_MERGE pass (detect identical cells).
Finding identical cells in module `\ibex_core'.
Computing hashes of 1410 cells of `\ibex_core'.
Finding duplicate cells in `\ibex_core'.
Computing hashes of 1404 cells of `\ibex_core'.
Finding duplicate cells in `\ibex_core'.
<suppressed ~18 debug messages>
Removed a total of 6 cells.

8.3.6. Executing OPT_SHARE pass.
    Found cells that share an operand and can be merged by moving the $pmux $flatten\load_store_unit_i.$procmux$10558 in front of them:
        $flatten\load_store_unit_i.$procmux$10244
        $flatten\load_store_unit_i.$procmux$10335

    Found cells that share an operand and can be merged by moving the $mux $flatten\if_stage_i.\gen_prefetch_buffer.prefetch_buffer_i.\fifo_i.$24 in front of them:
        $flatten\if_stage_i.\gen_prefetch_buffer.prefetch_buffer_i.\fifo_i.$20
        $flatten\if_stage_i.\gen_prefetch_buffer.prefetch_buffer_i.\fifo_i.$23

8.3.7. Executing OPT_DFF pass (perform DFF optimizations).
Adding SRST signal on $auto$ff.cc:337:slice$11625 ($dffe) from module ibex_core (D = \if_stage_i.fetch_addr_n [1], Q = \if_stage_i.gen_prefetch_buffer.prefetch_buffer_i.fetch_addr_q [1], rval = 1'0).

8.3.8. Executing OPT_CLEAN pass (remove unused cells and wires).
Finding unused cells or wires in module \ibex_core..
Removed 1 unused cells and 69 unused wires.
<suppressed ~2 debug messages>

8.3.9. Executing OPT_EXPR pass (perform const folding).
Optimizing module ibex_core.
<suppressed ~20 debug messages>

8.3.10. Rerunning OPT passes. (Maybe there is more to do..)

8.3.11. Executing OPT_MUXTREE pass (detect dead branches in mux trees).
Running muxtree optimizer on module \ibex_core..
  Creating internal representation of mux trees.
  Evaluating internal representation of mux trees.
  Analyzing evaluation results.
Removed 0 multiplexer ports.
<suppressed ~506 debug messages>

8.3.12. Executing OPT_REDUCE pass (consolidate $*mux and $reduce_* inputs).
  Optimizing cells in module \ibex_core.
    New ctrl vector for $pmux cell $flatten\load_store_unit_i.$procmux$10558: $auto$opt_reduce.cc:137:opt_pmux$12078
  Optimizing cells in module \ibex_core.
Performed a total of 1 changes.

8.3.13. Executing OPT_MERGE pass (detect identical cells).
Finding identical cells in module `\ibex_core'.
Computing hashes of 1397 cells of `\ibex_core'.
Finding duplicate cells in `\ibex_core'.
Computing hashes of 1391 cells of `\ibex_core'.
Finding duplicate cells in `\ibex_core'.
<suppressed ~18 debug messages>
Removed a total of 6 cells.

8.3.14. Executing OPT_SHARE pass.

8.3.15. Executing OPT_DFF pass (perform DFF optimizations).
Setting constant 0-bit at position 0 on $auto$ff.cc:337:slice$11762 ($adffe) from module ibex_core.
Setting constant 1-bit at position 0 on $auto$ff.cc:337:slice$11757 ($adffe) from module ibex_core.
Setting constant 0-bit at position 1 on $auto$ff.cc:337:slice$11757 ($adffe) from module ibex_core.
Setting constant 0-bit at position 2 on $auto$ff.cc:337:slice$11757 ($adffe) from module ibex_core.
Setting constant 0-bit at position 3 on $auto$ff.cc:337:slice$11757 ($adffe) from module ibex_core.
Setting constant 0-bit at position 4 on $auto$ff.cc:337:slice$11757 ($adffe) from module ibex_core.
Setting constant 0-bit at position 5 on $auto$ff.cc:337:slice$11757 ($adffe) from module ibex_core.
Setting constant 0-bit at position 6 on $auto$ff.cc:337:slice$11757 ($adffe) from module ibex_core.
Setting constant 0-bit at position 7 on $auto$ff.cc:337:slice$11757 ($adffe) from module ibex_core.
Setting constant 0-bit at position 0 on $auto$ff.cc:337:slice$11729 ($adffe) from module ibex_core.
Setting constant 0-bit at position 0 on $auto$ff.cc:337:slice$12076 ($dffe) from module ibex_core.

8.3.16. Executing OPT_CLEAN pass (remove unused cells and wires).
Finding unused cells or wires in module \ibex_core..
Removed 1 unused cells and 14 unused wires.
<suppressed ~2 debug messages>

8.3.17. Executing OPT_EXPR pass (perform const folding).
Optimizing module ibex_core.
<suppressed ~7 debug messages>

8.3.18. Rerunning OPT passes. (Maybe there is more to do..)

8.3.19. Executing OPT_MUXTREE pass (detect dead branches in mux trees).
Running muxtree optimizer on module \ibex_core..
  Creating internal representation of mux trees.
  Evaluating internal representation of mux trees.
  Analyzing evaluation results.
Removed 0 multiplexer ports.
<suppressed ~502 debug messages>

8.3.20. Executing OPT_REDUCE pass (consolidate $*mux and $reduce_* inputs).
  Optimizing cells in module \ibex_core.
    New ctrl vector for $pmux cell $flatten\load_store_unit_i.$procmux$10531: $auto$opt_reduce.cc:137:opt_pmux$12083
    Consolidated identical input bits for $mux cell $flatten\if_stage_i.\gen_prefetch_buffer.prefetch_buffer_i.$61:
      Old ports: A={ \if_stage_i.gen_prefetch_buffer.prefetch_buffer_i.fetch_addr_q [31:1] 1'0 }, B={ \if_stage_i.fetch_addr_n [31:1] 1'0 }, Y=$flatten\if_stage_i.\gen_prefetch_buffer.prefetch_buffer_i.$61y
      New ports: A=\if_stage_i.gen_prefetch_buffer.prefetch_buffer_i.fetch_addr_q [31:1], B=\if_stage_i.fetch_addr_n [31:1], Y=$flatten\if_stage_i.\gen_prefetch_buffer.prefetch_buffer_i.$61y [31:1]
      New connections: $flatten\if_stage_i.\gen_prefetch_buffer.prefetch_buffer_i.$61y [0] = 1'0
  Optimizing cells in module \ibex_core.
Performed a total of 2 changes.

8.3.21. Executing OPT_MERGE pass (detect identical cells).
Finding identical cells in module `\ibex_core'.
Computing hashes of 1384 cells of `\ibex_core'.
Finding duplicate cells in `\ibex_core'.
Computing hashes of 1381 cells of `\ibex_core'.
Finding duplicate cells in `\ibex_core'.
<suppressed ~9 debug messages>
Removed a total of 3 cells.

8.3.22. Executing OPT_SHARE pass.
    Found cells that share an operand and can be merged by moving the $pmux $flatten\load_store_unit_i.$procmux$10573 in front of them:
        $flatten\load_store_unit_i.$procmux$10249
        $flatten\load_store_unit_i.$procmux$10343

8.3.23. Executing OPT_DFF pass (perform DFF optimizations).
Setting constant 0-bit at position 0 on $auto$ff.cc:337:slice$11623 ($sdffce) from module ibex_core.

8.3.24. Executing OPT_CLEAN pass (remove unused cells and wires).
Finding unused cells or wires in module \ibex_core..
Removed 0 unused cells and 11 unused wires.
<suppressed ~1 debug messages>

8.3.25. Executing OPT_EXPR pass (perform const folding).
Optimizing module ibex_core.
<suppressed ~2 debug messages>

8.3.26. Rerunning OPT passes. (Maybe there is more to do..)

8.3.27. Executing OPT_MUXTREE pass (detect dead branches in mux trees).
Running muxtree optimizer on module \ibex_core..
  Creating internal representation of mux trees.
  Evaluating internal representation of mux trees.
  Analyzing evaluation results.
Removed 0 multiplexer ports.
<suppressed ~502 debug messages>

8.3.28. Executing OPT_REDUCE pass (consolidate $*mux and $reduce_* inputs).
  Optimizing cells in module \ibex_core.
    New ctrl vector for $pmux cell $flatten\load_store_unit_i.$procmux$10573: { $auto$opt_reduce.cc:137:opt_pmux$12088 $flatten\load_store_unit_i.$procmux$10258_CMP $flatten\load_store_unit_i.$procmux$10354_CMP $flatten\load_store_unit_i.$142y }
    Consolidated identical input bits for $mux cell $flatten\if_stage_i.\gen_prefetch_buffer.prefetch_buffer_i.$62:
      Old ports: A={ $flatten\if_stage_i.\gen_prefetch_buffer.prefetch_buffer_i.$61y [31:1] 1'0 }, B={ \if_stage_i.gen_prefetch_buffer.prefetch_buffer_i.stored_addr_q [31:1] 1'0 }, Y=\if_stage_i.gen_prefetch_buffer.prefetch_buffer_i.stored_addr_d
      New ports: A=$flatten\if_stage_i.\gen_prefetch_buffer.prefetch_buffer_i.$61y [31:1], B=\if_stage_i.gen_prefetch_buffer.prefetch_buffer_i.stored_addr_q [31:1], Y=\if_stage_i.gen_prefetch_buffer.prefetch_buffer_i.stored_addr_d [31:1]
      New connections: \if_stage_i.gen_prefetch_buffer.prefetch_buffer_i.stored_addr_d [0] = 1'0
  Optimizing cells in module \ibex_core.
Performed a total of 2 changes.

8.3.29. Executing OPT_MERGE pass (detect identical cells).
Finding identical cells in module `\ibex_core'.
Computing hashes of 1381 cells of `\ibex_core'.
Finding duplicate cells in `\ibex_core'.
Computing hashes of 1380 cells of `\ibex_core'.
Finding duplicate cells in `\ibex_core'.
<suppressed ~3 debug messages>
Removed a total of 1 cells.

8.3.30. Executing OPT_SHARE pass.

8.3.31. Executing OPT_DFF pass (perform DFF optimizations).

8.3.32. Executing OPT_CLEAN pass (remove unused cells and wires).
Finding unused cells or wires in module \ibex_core..
Removed 0 unused cells and 1 unused wires.
<suppressed ~1 debug messages>

8.3.33. Executing OPT_EXPR pass (perform const folding).
Optimizing module ibex_core.

8.3.34. Rerunning OPT passes. (Maybe there is more to do..)

8.3.35. Executing OPT_MUXTREE pass (detect dead branches in mux trees).
Running muxtree optimizer on module \ibex_core..
  Creating internal representation of mux trees.
  Evaluating internal representation of mux trees.
  Analyzing evaluation results.
Removed 0 multiplexer ports.
<suppressed ~502 debug messages>

8.3.36. Executing OPT_REDUCE pass (consolidate $*mux and $reduce_* inputs).
  Optimizing cells in module \ibex_core.
Performed a total of 0 changes.

8.3.37. Executing OPT_MERGE pass (detect identical cells).
Finding identical cells in module `\ibex_core'.
Computing hashes of 1380 cells of `\ibex_core'.
Finding duplicate cells in `\ibex_core'.
Removed a total of 0 cells.

8.3.38. Executing OPT_SHARE pass.

8.3.39. Executing OPT_DFF pass (perform DFF optimizations).

8.3.40. Executing OPT_CLEAN pass (remove unused cells and wires).
Finding unused cells or wires in module \ibex_core..

8.3.41. Executing OPT_EXPR pass (perform const folding).
Optimizing module ibex_core.

8.3.42. Finished fast OPT passes. (There is nothing left to do.)

8.4. Executing TECHMAP pass (map to technology primitives).

8.4.1. Executing Verilog-2005 frontend: /OpenROAD-flow-scripts/tools/install/yosys/bin/../share/yosys/techmap.v
Parsing Verilog input from `/OpenROAD-flow-scripts/tools/install/yosys/bin/../share/yosys/techmap.v' to AST representation.
Generating RTLIL representation for module `\_90_simplemap_bool_ops'.
Generating RTLIL representation for module `\_90_simplemap_reduce_ops'.
Generating RTLIL representation for module `\_90_simplemap_logic_ops'.
Generating RTLIL representation for module `\_90_simplemap_compare_ops'.
Generating RTLIL representation for module `\_90_simplemap_various'.
Generating RTLIL representation for module `\_90_simplemap_registers'.
Generating RTLIL representation for module `\_90_shift_ops_shr_shl_sshl_sshr'.
Generating RTLIL representation for module `\_90_shift_shiftx'.
Generating RTLIL representation for module `\_90_fa'.
Generating RTLIL representation for module `\_90_lcu_brent_kung'.
Generating RTLIL representation for module `\_90_alu'.
Generating RTLIL representation for module `\_90_macc'.
Generating RTLIL representation for module `\_90_alumacc'.
Generating RTLIL representation for module `$__div_mod_u'.
Generating RTLIL representation for module `$__div_mod_trunc'.
Generating RTLIL representation for module `\_90_div'.
Generating RTLIL representation for module `\_90_mod'.
Generating RTLIL representation for module `$__div_mod_floor'.
Generating RTLIL representation for module `\_90_divfloor'.
Generating RTLIL representation for module `\_90_modfloor'.
Generating RTLIL representation for module `\_90_pow'.
Generating RTLIL representation for module `\_90_demux'.
Generating RTLIL representation for module `\_90_lut'.
Generating RTLIL representation for module `$connect'.
Generating RTLIL representation for module `$input_port'.
Successfully finished Verilog frontend.

8.4.2. Continuing TECHMAP pass.
Using extmapper simplemap for cells of type $reduce_or.
Using extmapper simplemap for cells of type $mux.
Using extmapper simplemap for cells of type $dffe.
Using extmapper simplemap for cells of type $adffe.
Using extmapper simplemap for cells of type $sdffce.
Using extmapper simplemap for cells of type $not.
Using extmapper simplemap for cells of type $reduce_and.
Using template $paramod$dc04b7d98e503a7bab16fce2df70e6e2c5ca34d6\_90_alu for cells of type $alu.
Using template $paramod$44a13d10af618e7fbe7b9aad2f6151ffcee1e2fa\_90_alu for cells of type $alu.
Using template $paramod$d901baf1fb63991ac0a40d2e3f4807d372bb57a2\_90_alu for cells of type $alu.
Using template $paramod$cc6a978c1b57cdb49efcec348c88d8e28bf1a01f\_90_alu for cells of type $alu.
Using template $paramod$788c3d57e5abb3a3f89aea6d4acd665be37f4e9b\_90_alu for cells of type $alu.
Using template $paramod$cc80a4e89b0341cb117f5d28b0e7244620640141\_90_alu for cells of type $alu.
Using template $paramod$672a140277c71df8314410f22acc08d55222c3c7\_90_alu for cells of type $alu.
Using extmapper simplemap for cells of type $or.
Using template $paramod$7e708ae28ab761f11d0fb59d3ffc72f6a4baf5d9\_90_alu for cells of type $alu.
Using template $paramod$adbaf76fa5a3091a329503792521395f8ff4d1a4\_90_alu for cells of type $alu.
Using extmapper maccmap for cells of type $macc_v2.
  add { \ex_block_i.gen_multdiv_fast.multdiv_i.sign_a \ex_block_i.gen_multdiv_fast.multdiv_i.gen_mult_fast.mult_op_a } * { \ex_block_i.gen_multdiv_fast.multdiv_i.sign_b \ex_block_i.gen_multdiv_fast.multdiv_i.gen_mult_fast.mult_op_b } (17x17 bits, signed)
  add \ex_block_i.gen_multdiv_fast.multdiv_i.accum (34 bits, signed)
Using extmapper simplemap for cells of type $reduce_bool.
Using extmapper simplemap for cells of type $ne.
Using extmapper simplemap for cells of type $and.
Using extmapper simplemap for cells of type $eq.
Using extmapper simplemap for cells of type $adff.
Using extmapper simplemap for cells of type $logic_not.
Using extmapper simplemap for cells of type $dlatch.
Using extmapper simplemap for cells of type $pmux.
Using extmapper simplemap for cells of type $logic_or.
Using extmapper simplemap for cells of type $logic_and.
Using template $paramod$constmap:a41b8f4040b87ae5d920b3d7ca07fea41b6d39cd$paramod$3bf4391c2edcd7fdc564361d03ba2cf3a33c67d4\_90_shift_ops_shr_shl_sshl_sshr for cells of type $shl.
Using extmapper simplemap for cells of type $xor.
Using extmapper simplemap for cells of type $bmux.
Using template $paramod$constmap:23117d34f5e3bf9492dd8104363ead425feb8cda$paramod$455891ae50d34e43581a517459d55825f76fa58e\_90_shift_ops_shr_shl_sshl_sshr for cells of type $sshr.
Using template $paramod$2407ada40cc3dda6c6015be2b49b748cddb5a800\_90_demux for cells of type $demux.
Using template $paramod\_90_fa\WIDTH=32'00000000000000000000000000100010 for cells of type $fa.
Using template $paramod$dbef6e48cd28208af1b77a9bd7dfc80580f16131\_90_alu for cells of type $alu.
Using extmapper simplemap for cells of type $pos.
Using template $paramod\_90_fa\WIDTH=32'00000000000000000000000000000101 for cells of type $fa.
Using template $paramod\_90_lcu_brent_kung\WIDTH=32'00000000000000000000000000000101 for cells of type $lcu.
Using template $paramod\_90_fa\WIDTH=32'00000000000000000000000000000001 for cells of type $fa.
Using template $paramod\_90_lcu_brent_kung\WIDTH=32'00000000000000000000000000000001 for cells of type $lcu.
Using template $paramod\_90_fa\WIDTH=32'00000000000000000000000000011111 for cells of type $fa.
Using template $paramod$63301a5e78ceb1f2c17a4ac1894f292ed5701c1f\_90_demux for cells of type $demux.
Using template $paramod$46c272b461898a6a76adeeeedb0917ce1a81b478\_90_demux for cells of type $demux.
Using template $paramod\_90_fa\WIDTH=32'00000000000000000000000000000010 for cells of type $fa.
Using template $paramod\_90_lcu_brent_kung\WIDTH=32'00000000000000000000000000000010 for cells of type $lcu.
Using template $paramod\_90_fa\WIDTH=32'00000000000000000000000001000000 for cells of type $fa.
Using template $paramod\_90_lcu_brent_kung\WIDTH=32'00000000000000000000000001000000 for cells of type $lcu.
Using template $paramod\_90_lcu_brent_kung\WIDTH=32'00000000000000000000000000011111 for cells of type $lcu.
Using template $paramod\_90_fa\WIDTH=32'00000000000000000000000000011110 for cells of type $fa.
Using template $paramod\_90_lcu_brent_kung\WIDTH=32'00000000000000000000000000011110 for cells of type $lcu.
Using template $paramod\_90_fa\WIDTH=32'00000000000000000000000000100001 for cells of type $fa.
Using template $paramod\_90_lcu_brent_kung\WIDTH=32'00000000000000000000000000100001 for cells of type $lcu.
Using template $paramod$5d1d2614b24accd0f9d06c4779fd9ef771faf494\_90_demux for cells of type $demux.
Using template $paramod\_90_lcu_brent_kung\WIDTH=32'00000000000000000000000000100010 for cells of type $lcu.
No more expansions possible.
<suppressed ~5406 debug messages>

8.5. Executing OPT pass (performing simple optimizations).

8.5.1. Executing OPT_EXPR pass (perform const folding).
Optimizing module ibex_core.
<suppressed ~13143 debug messages>

8.5.2. Executing OPT_MERGE pass (detect identical cells).
Finding identical cells in module `\ibex_core'.
Computing hashes of 21003 cells of `\ibex_core'.
Finding duplicate cells in `\ibex_core'.
Computing hashes of 18893 cells of `\ibex_core'.
Finding duplicate cells in `\ibex_core'.
Computing hashes of 17958 cells of `\ibex_core'.
Finding duplicate cells in `\ibex_core'.
Computing hashes of 17494 cells of `\ibex_core'.
Finding duplicate cells in `\ibex_core'.
Computing hashes of 17450 cells of `\ibex_core'.
Finding duplicate cells in `\ibex_core'.
Computing hashes of 17425 cells of `\ibex_core'.
Finding duplicate cells in `\ibex_core'.
Computing hashes of 17401 cells of `\ibex_core'.
Finding duplicate cells in `\ibex_core'.
Computing hashes of 17389 cells of `\ibex_core'.
Finding duplicate cells in `\ibex_core'.
Computing hashes of 17385 cells of `\ibex_core'.
Finding duplicate cells in `\ibex_core'.
Computing hashes of 17381 cells of `\ibex_core'.
Finding duplicate cells in `\ibex_core'.
Computing hashes of 17379 cells of `\ibex_core'.
Finding duplicate cells in `\ibex_core'.
<suppressed ~10872 debug messages>
Removed a total of 3624 cells.

8.5.3. Executing OPT_DFF pass (perform DFF optimizations).
Adding SRST signal on $auto$ff.cc:337:slice$13434 ($_DFFE_PP_) from module ibex_core (D = $auto$simplemap.cc:189:logic_reduce$17764, Q = \if_stage_i.illegal_c_insn_id_o, rval = 1'0).

8.5.4. Executing OPT_CLEAN pass (remove unused cells and wires).
Finding unused cells or wires in module \ibex_core..
Removed 410 unused cells and 5663 unused wires.
<suppressed ~414 debug messages>

8.5.5. Rerunning OPT passes. (Removed registers in this run.)

8.5.6. Executing OPT_EXPR pass (perform const folding).
Optimizing module ibex_core.
<suppressed ~9 debug messages>

8.5.7. Executing OPT_MERGE pass (detect identical cells).
Finding identical cells in module `\ibex_core'.
Computing hashes of 16960 cells of `\ibex_core'.
Finding duplicate cells in `\ibex_core'.
Removed a total of 0 cells.

8.5.8. Executing OPT_DFF pass (perform DFF optimizations).

8.5.9. Executing OPT_CLEAN pass (remove unused cells and wires).
Finding unused cells or wires in module \ibex_core..

8.5.10. Finished fast OPT passes.

8.6. Executing HIERARCHY pass (managing design hierarchy).
Attribute `top' found on module `ibex_core'. Setting top module to ibex_core.

8.6.1. Analyzing design hierarchy..
Top module:  \ibex_core

8.6.2. Analyzing design hierarchy..
Top module:  \ibex_core
Removed 0 unused modules.

8.7. Printing statistics.

=== ibex_core ===

        +----------Local Count, excluding submodules.
        | 
     6673 wires
    36326 wire bits
     1262 public wires
    19646 public wire bits
       30 ports
      264 port bits
    16960 cells
     4066   $_AND_
     1619   $_DFFE_PN0P_
        6   $_DFFE_PN1P_
      271   $_DFFE_PP_
       36   $_DFF_PN0_
        3   $_DFF_PN1_
        1   $_DLATCH_N_
     5519   $_MUX_
      730   $_NOT_
     3539   $_OR_
        2   $_SDFFCE_PN0P_
     1136   $_XOR_
       32   $scopeinfo

8.8. Executing CHECK pass (checking for obvious problems).
Checking module ibex_core...
Found and reported 0 problems.

9. Executing OPT pass (performing simple optimizations).

9.1. Executing OPT_EXPR pass (perform const folding).
Optimizing module ibex_core.

9.2. Executing OPT_MERGE pass (detect identical cells).
Finding identical cells in module `\ibex_core'.
Computing hashes of 16960 cells of `\ibex_core'.
Finding duplicate cells in `\ibex_core'.
Removed a total of 0 cells.

9.3. Executing OPT_MUXTREE pass (detect dead branches in mux trees).
Running muxtree optimizer on module \ibex_core..
  Creating internal representation of mux trees.
  No muxes found in this module.
Removed 0 multiplexer ports.

9.4. Executing OPT_REDUCE pass (consolidate $*mux and $reduce_* inputs).
  Optimizing cells in module \ibex_core.
Performed a total of 0 changes.

9.5. Executing OPT_MERGE pass (detect identical cells).
Finding identical cells in module `\ibex_core'.
Computing hashes of 16960 cells of `\ibex_core'.
Finding duplicate cells in `\ibex_core'.
Removed a total of 0 cells.

9.6. Executing OPT_DFF pass (perform DFF optimizations).

9.7. Executing OPT_CLEAN pass (remove unused cells and wires).
Finding unused cells or wires in module \ibex_core..
Removed 32 unused cells and 878 unused wires.
<suppressed ~910 debug messages>

9.8. Executing OPT_EXPR pass (perform const folding).
Optimizing module ibex_core.

9.9. Rerunning OPT passes. (Maybe there is more to do..)

9.10. Executing OPT_MUXTREE pass (detect dead branches in mux trees).
Running muxtree optimizer on module \ibex_core..
  Creating internal representation of mux trees.
  No muxes found in this module.
Removed 0 multiplexer ports.

9.11. Executing OPT_REDUCE pass (consolidate $*mux and $reduce_* inputs).
  Optimizing cells in module \ibex_core.
Performed a total of 0 changes.

9.12. Executing OPT_MERGE pass (detect identical cells).
Finding identical cells in module `\ibex_core'.
Computing hashes of 16928 cells of `\ibex_core'.
Finding duplicate cells in `\ibex_core'.
Removed a total of 0 cells.

9.13. Executing OPT_DFF pass (perform DFF optimizations).

9.14. Executing OPT_CLEAN pass (remove unused cells and wires).
Finding unused cells or wires in module \ibex_core..

9.15. Executing OPT_EXPR pass (perform const folding).
Optimizing module ibex_core.

9.16. Finished fast OPT passes. (There is nothing left to do.)

10. Printing statistics.

=== ibex_core ===

        +----------Local Count, excluding submodules.
        | 
     5795 wires
    23734 wire bits
      384 public wires
     7054 public wire bits
       30 ports
      264 port bits
    16928 cells
     4066   $_AND_
     1619   $_DFFE_PN0P_
        6   $_DFFE_PN1P_
      271   $_DFFE_PP_
       36   $_DFF_PN0_
        3   $_DFF_PN1_
        1   $_DLATCH_N_
     5519   $_MUX_
      730   $_NOT_
     3539   $_OR_
        2   $_SDFFCE_PN0P_
     1136   $_XOR_

11. Executing LTP pass (find longest path).

Longest topological path in ibex_core (length=98):
    0: \id_stage_i.controller_i.instr_i [25]
    1: $auto$rtlil.cc:3501:NotGate$53102 (via $auto$opt_expr.cc:607:replace_const_cells$55125)
    2: $auto$simplemap.cc:148:simplemap_reduce$20549 [1] (via $auto$simplemap.cc:157:simplemap_reduce$20805)
    3: $auto$simplemap.cc:148:simplemap_reduce$20555 [0] (via $auto$simplemap.cc:157:simplemap_reduce$20556)
    4: $auto$simplemap.cc:148:simplemap_reduce$20558 (via $auto$simplemap.cc:157:simplemap_reduce$20559)
    5: $auto$simplemap.cc:277:simplemap_eqne$20547 (via $auto$simplemap.cc:157:simplemap_reduce$20561)
    6: $flatten\id_stage_i.\decoder_i.$procmux$7794_CMP (via $auto$simplemap.cc:227:simplemap_lognot$20563)
    7: $auto$opt_reduce.cc:137:opt_pmux$11231 (via $auto$simplemap.cc:157:simplemap_reduce$15255)
    8: $auto$opt_reduce.cc:137:opt_pmux$11189 (via $auto$simplemap.cc:198:logic_reduce$21978)
    9: $auto$simplemap.cc:148:simplemap_reduce$15173 [0] (via $auto$simplemap.cc:157:simplemap_reduce$15263)
   10: $auto$opt_reduce.cc:137:opt_pmux$11183 (via $auto$simplemap.cc:157:simplemap_reduce$15265)
   11: $auto$simplemap.cc:189:logic_reduce$20574 (via $auto$simplemap.cc:198:logic_reduce$20575)
   12: $flatten\id_stage_i.\decoder_i.$alu_operator_o$157 [1] (via $auto$simplemap.cc:474:simplemap_pmux$20637)
   13: $flatten\id_stage_i.\decoder_i.$alu_operator_o$160 [1] (via $auto$simplemap.cc:298:simplemap_mux$21183)
   14: $auto$simplemap.cc:465:simplemap_pmux$21580 (via $auto$simplemap.cc:460:simplemap_pmux$21579)
   15: $auto$simplemap.cc:189:logic_reduce$21583 [1] (via $auto$simplemap.cc:198:logic_reduce$21585)
   16: $auto$simplemap.cc:189:logic_reduce$21586 (via $auto$simplemap.cc:198:logic_reduce$21587)
   17: $auto$simplemap.cc:189:logic_reduce$21588 (via $auto$simplemap.cc:198:logic_reduce$21589)
   18: \alu_operator_ex [1] (via $auto$simplemap.cc:474:simplemap_pmux$21590)
   19: $auto$rtlil.cc:3501:NotGate$53236 (via $auto$opt_expr.cc:607:replace_const_cells$53281)
   20: $auto$simplemap.cc:148:simplemap_reduce$27764 [0] (via $auto$simplemap.cc:157:simplemap_reduce$28376)
   21: $auto$simplemap.cc:148:simplemap_reduce$27768 (via $auto$simplemap.cc:157:simplemap_reduce$28004)
   22: $auto$simplemap.cc:277:simplemap_eqne$27997 (via $auto$simplemap.cc:157:simplemap_reduce$28006)
   23: $flatten\ex_block_i.\alu_i.$procmux$5947_CMP [1] (via $auto$simplemap.cc:227:simplemap_lognot$28008)
   24: $auto$simplemap.cc:148:simplemap_reduce$28009 [0] (via $auto$simplemap.cc:157:simplemap_reduce$28250)
   25: $auto$simplemap.cc:148:simplemap_reduce$28256 [0] (via $auto$simplemap.cc:157:simplemap_reduce$28257)
   26: $auto$simplemap.cc:148:simplemap_reduce$28260 [0] (via $auto$simplemap.cc:157:simplemap_reduce$28261)
   27: \ex_block_i.alu_i.adder_op_b_negate (via $auto$simplemap.cc:157:simplemap_reduce$28264)
   28: $auto$simplemap.cc:465:simplemap_pmux$28026 (via $auto$simplemap.cc:460:simplemap_pmux$28025)
   29: $auto$simplemap.cc:189:logic_reduce$28029 (via $auto$simplemap.cc:198:logic_reduce$28030)
   30: \ex_block_i.alu_i.adder_in_b [1] (via $auto$simplemap.cc:474:simplemap_pmux$28031)
   31: $auto$alumacc.cc:512:replace_alu$11889.P [1] (via $auto$simplemap.cc:106:simplemap_bitop$47873)
   32: $techmap$auto$alumacc.cc:512:replace_alu$11889.lcu.$and$/OpenROAD-flow-scripts/tools/install/yosys/bin/../share/yosys/techmap.v:240$45928_Y (via $auto$simplemap.cc:106:simplemap_bitop$47022)
   33: $auto$alumacc.cc:512:replace_alu$11889.CO [1] (via $auto$simplemap.cc:106:simplemap_bitop$47024)
   34: $techmap$auto$alumacc.cc:512:replace_alu$11889.lcu.$and$/OpenROAD-flow-scripts/tools/install/yosys/bin/../share/yosys/techmap.v:240$45976_Y (via $auto$simplemap.cc:106:simplemap_bitop$47137)
   35: $auto$alumacc.cc:512:replace_alu$11889.CO [3] (via $auto$simplemap.cc:106:simplemap_bitop$47138)
   36: $techmap$auto$alumacc.cc:512:replace_alu$11889.lcu.$and$/OpenROAD-flow-scripts/tools/install/yosys/bin/../share/yosys/techmap.v:240$46000_Y (via $auto$simplemap.cc:106:simplemap_bitop$47166)
   37: $auto$alumacc.cc:512:replace_alu$11889.CO [7] (via $auto$simplemap.cc:106:simplemap_bitop$47167)
   38: $techmap$auto$alumacc.cc:512:replace_alu$11889.lcu.$and$/OpenROAD-flow-scripts/tools/install/yosys/bin/../share/yosys/techmap.v:240$46012_Y (via $auto$simplemap.cc:106:simplemap_bitop$47178)
   39: $auto$alumacc.cc:512:replace_alu$11889.CO [15] (via $auto$simplemap.cc:106:simplemap_bitop$47179)
   40: $techmap$auto$alumacc.cc:512:replace_alu$11889.lcu.$and$/OpenROAD-flow-scripts/tools/install/yosys/bin/../share/yosys/techmap.v:248$46021_Y (via $auto$simplemap.cc:106:simplemap_bitop$47187)
   41: $auto$alumacc.cc:512:replace_alu$11889.CO [23] (via $auto$simplemap.cc:106:simplemap_bitop$47188)
   42: $techmap$auto$alumacc.cc:512:replace_alu$11889.lcu.$and$/OpenROAD-flow-scripts/tools/install/yosys/bin/../share/yosys/techmap.v:248$46030_Y (via $auto$simplemap.cc:106:simplemap_bitop$47196)
   43: $auto$alumacc.cc:512:replace_alu$11889.CO [27] (via $auto$simplemap.cc:106:simplemap_bitop$47197)
   44: $techmap$auto$alumacc.cc:512:replace_alu$11889.lcu.$and$/OpenROAD-flow-scripts/tools/install/yosys/bin/../share/yosys/techmap.v:248$46051_Y (via $auto$simplemap.cc:106:simplemap_bitop$47217)
   45: $auto$alumacc.cc:512:replace_alu$11889.CO [29] (via $auto$simplemap.cc:106:simplemap_bitop$47218)
   46: $techmap$auto$alumacc.cc:512:replace_alu$11889.lcu.$and$/OpenROAD-flow-scripts/tools/install/yosys/bin/../share/yosys/techmap.v:248$46096_Y (via $auto$simplemap.cc:106:simplemap_bitop$47222)
   47: $auto$alumacc.cc:512:replace_alu$11889.CO [30] (via $auto$simplemap.cc:106:simplemap_bitop$47231)
   48: \data_addr_o [30] (via $auto$simplemap.cc:106:simplemap_bitop$46133)
   49: $auto$simplemap.cc:189:logic_reduce$26252 [15] (via $auto$simplemap.cc:198:logic_reduce$26268)
   50: $auto$simplemap.cc:189:logic_reduce$26269 [7] (via $auto$simplemap.cc:198:logic_reduce$26277)
   51: $auto$simplemap.cc:189:logic_reduce$26278 [3] (via $auto$simplemap.cc:198:logic_reduce$26282)
   52: $auto$simplemap.cc:189:logic_reduce$26283 [1] (via $auto$simplemap.cc:198:logic_reduce$26285)
   53: $auto$rtlil.cc:3501:NotGate$55304 (via $auto$simplemap.cc:198:logic_reduce$26287)
   54: $auto$simplemap.cc:465:simplemap_pmux$27957 (via $auto$simplemap.cc:460:simplemap_pmux$27956)
   55: $auto$simplemap.cc:189:logic_reduce$27960 (via $auto$simplemap.cc:198:logic_reduce$27961)
   56: \branch_decision (via $auto$simplemap.cc:474:simplemap_pmux$27962)
   57: $auto$simplemap.cc:465:simplemap_pmux$23214 (via $auto$simplemap.cc:460:simplemap_pmux$23213)
   58: $flatten\id_stage_i.$procmux$10839_Y (via $auto$simplemap.cc:298:simplemap_mux$23252)
   59: \id_stage_i.stall_branch (via $auto$simplemap.cc:106:simplemap_bitop$22464)
   60: \id_stage_i.controller_i.stall (via $auto$simplemap.cc:106:simplemap_bitop$23280)
   61: $flatten\id_stage_i.$159y (via $auto$simplemap.cc:46:simplemap_not$23279)
   62: $flatten\id_stage_i.$161y (via $auto$simplemap.cc:106:simplemap_bitop$23277)
   63: \en_wb (via $auto$simplemap.cc:106:simplemap_bitop$23276)
   64: \cs_registers_i.csr_op_en_i (via $auto$simplemap.cc:106:simplemap_bitop$23674)
   65: \cs_registers_i.csr_wreq (via $auto$simplemap.cc:106:simplemap_bitop$40369)
   66: \cs_registers_i.illegal_csr_write (via $auto$simplemap.cc:256:simplemap_logbin$42704)
   67: $flatten\cs_registers_i.$9y (via $auto$simplemap.cc:106:simplemap_bitop$42703)
   68: $flatten\cs_registers_i.$10y (via $auto$simplemap.cc:106:simplemap_bitop$42702)
   69: \cs_registers_i.illegal_csr_insn_o (via $auto$simplemap.cc:106:simplemap_bitop$42701)
   70: $flatten\id_stage_i.$65y (via $auto$simplemap.cc:106:simplemap_bitop$23682)
   71: \id_stage_i.controller_i.illegal_insn_i (via $auto$simplemap.cc:106:simplemap_bitop$23681)
   72: $flatten\id_stage_i.\controller_i.$24y (via $auto$simplemap.cc:106:simplemap_bitop$19421)
   73: $flatten\id_stage_i.\controller_i.$25y (via $auto$simplemap.cc:106:simplemap_bitop$19422)
   74: \id_stage_i.controller_i.illegal_insn_d (via $auto$simplemap.cc:106:simplemap_bitop$19423)
   75: $flatten\id_stage_i.\controller_i.$30y (via $auto$simplemap.cc:106:simple
>>> STAGE 4: dfflibmap / latch mapping
map_bitop$19425)
   76: $flatten\id_stage_i.\controller_i.$31y (via $auto$simplemap.cc:106:simplemap_bitop$19426)
   77: \id_stage_i.controller_i.exc_req_d (via $auto$simplemap.cc:106:simplemap_bitop$19427)
   78: $flatten\id_stage_i.\controller_i.$40y (via $auto$simplemap.cc:106:simplemap_bitop$19431)
   79: \id_stage_i.controller_i.special_req_all (via $auto$simplemap.cc:106:simplemap_bitop$19432)
   80: $auto$rtlil.cc:3501:NotGate$55262 (via $auto$opt_expr.cc:607:replace_const_cells$55261)
   81: $auto$simplemap.cc:271:simplemap_eqne$14847 [1] (via $auto$simplemap.cc:256:simplemap_logbin$19458)
   82: $flatten\id_stage_i.\controller_i.$halt_if$144 (via $auto$simplemap.cc:298:simplemap_mux$20109)
   83: $auto$simplemap.cc:465:simplemap_pmux$20135 (via $auto$simplemap.cc:460:simplemap_pmux$20134)
   84: $auto$simplemap.cc:189:logic_reduce$20138 (via $auto$simplemap.cc:198:logic_reduce$20139)
   85: $auto$simplemap.cc:189:logic_reduce$20140 (via $auto$simplemap.cc:198:logic_reduce$20141)
   86: \id_stage_i.controller_i.halt_if (via $auto$simplemap.cc:474:simplemap_pmux$20142)
   87: $flatten\id_stage_i.\controller_i.$268y (via $auto$simplemap.cc:46:simplemap_not$19562)
   88: $flatten\id_stage_i.\controller_i.$269y (via $auto$simplemap.cc:106:simplemap_bitop$19563)
   89: \id_in_ready (via $auto$simplemap.cc:106:simplemap_bitop$19565)
   90: $auto$rtlil.cc:3501:NotGate$55272 (via $auto$opt_expr.cc:607:replace_const_cells$55271)
   91: $auto$simplemap.cc:148:simplemap_reduce$14822 (via $auto$simplemap.cc:157:simplemap_reduce$14823)
   92: $auto$simplemap.cc:277:simplemap_eqne$14820 (via $auto$simplemap.cc:157:simplemap_reduce$14825)
   93: $auto$fsm_map.cc:74:implement_pattern_cache$11384 (via $auto$simplemap.cc:227:simplemap_lognot$14827)
   94: $auto$fsm_map.cc:118:implement_pattern_cache$11386 (via $auto$simplemap.cc:106:simplemap_bitop$14814)
   95: $auto$simplemap.cc:148:simplemap_reduce$14710 [3] (via $auto$simplemap.cc:157:simplemap_reduce$14714)
   96: $auto$simplemap.cc:148:simplemap_reduce$14716 [1] (via $auto$simplemap.cc:157:simplemap_reduce$14718)
   97: $auto$simplemap.cc:148:simplemap_reduce$14720 (via $auto$simplemap.cc:157:simplemap_reduce$14721)
   98: $auto$fsm_map.cc:170:map_fsm$11341 [7] (via $auto$simplemap.cc:157:simplemap_reduce$14723)
   ff: \id_stage_i.controller_i.controller_run_o (via $auto$ff.cc:337:slice$14927)

12. Executing DFFLEGALIZE pass (convert FFs to types supported by the target).

13. Executing TECHMAP pass (map to technology primitives).

13.1. Executing Verilog-2005 frontend: /flow/platforms/sky130hd/cells_latch_hd.v
Parsing Verilog input from `/flow/platforms/sky130hd/cells_latch_hd.v' to AST representation.
Generating RTLIL representation for module `$_DLATCH_P_'.
Generating RTLIL representation for module `$_DLATCH_N_'.
Successfully finished Verilog frontend.

13.2. Continuing TECHMAP pass.
Using template $_DLATCH_N_ for cells of type $_DLATCH_N_.
No more expansions possible.
<suppressed ~5 debug messages>

14. Executing DFFLIBMAP pass (mapping DFF cells to sequential cells from liberty file).
  cell sky130_fd_sc_hd__dfxtp_1 (noninv, pins=3, area=20.02) is a direct match for cell type $_DFF_P_.
  cell sky130_fd_sc_hd__dfrtn_1 (noninv, pins=4, area=25.02) is a direct match for cell type $_DFF_NN0_.
  cell sky130_fd_sc_hd__dfrtp_1 (noninv, pins=4, area=25.02) is a direct match for cell type $_DFF_PN0_.
  cell sky130_fd_sc_hd__dfstp_2 (noninv, pins=4, area=26.28) is a direct match for cell type $_DFF_PN1_.
  cell sky130_fd_sc_hd__edfxtp_1 (noninv, pins=4, area=30.03) is a direct match for cell type $_DFFE_PP_.
  cell sky130_fd_sc_hd__dfbbn_1 (noninv, pins=6, area=32.53) is a direct match for cell type $_DFFSR_NNN_.
  cell sky130_fd_sc_hd__dfbbp_1 (noninv, pins=6, area=32.53) is a direct match for cell type $_DFFSR_PNN_.
  final dff cell mappings:
    unmapped dff cell: $_DFF_N_
    \sky130_fd_sc_hd__dfxtp_1 _DFF_P_ (.CLK( C), .D( D), .Q( Q));
    \sky130_fd_sc_hd__dfrtn_1 _DFF_NN0_ (.CLK_N( C), .D( D), .Q( Q), .RESET_B( R));
    unmapped dff cell: $_DFF_NN1_
    unmapped dff cell: $_DFF_NP0_
    unmapped dff cell: $_DFF_NP1_
    \sky130_fd_sc_hd__dfrtp_1 _DFF_PN0_ (.CLK( C), .D( D), .Q( Q), .RESET_B( R));
    \sky130_fd_sc_hd__dfstp_2 _DFF_PN1_ (.CLK( C), .D( D), .Q( Q), .SET_B( R));
    unmapped dff cell: $_DFF_PP0_
    unmapped dff cell: $_DFF_PP1_
    unmapped dff cell: $_DFFE_NN_
    unmapped dff cell: $_DFFE_NP_
    unmapped dff cell: $_DFFE_PN_
    \sky130_fd_sc_hd__edfxtp_1 _DFFE_PP_ (.CLK( C), .D( D), .DE( E), .Q( Q));
    \sky130_fd_sc_hd__dfbbn_1 _DFFSR_NNN_ (.CLK_N( C), .D( D), .Q( Q), .Q_N(~Q), .RESET_B( R), .SET_B( S));
    unmapped dff cell: $_DFFSR_NNP_
    unmapped dff cell: $_DFFSR_NPN_
    unmapped dff cell: $_DFFSR_NPP_
    \sky130_fd_sc_hd__dfbbp_1 _DFFSR_PNN_ (.CLK( C), .D( D), .Q( Q), .Q_N(~Q), .RESET_B( R), .SET_B( S));
    unmapped dff cell: $_DFFSR_PNP_
    unmapped dff cell: $_DFFSR_PPN_
    unmapped dff cell: $_DFFSR_PPP_

14.1. Executing DFFLEGALIZE pass (convert FFs to types supported by the target).
<suppressed ~24 debug messages>
Mapping DFF cells in module `\ibex_core':
  mapped 273 $_DFFE_PP_ cells to \sky130_fd_sc_hd__edfxtp_1 cells.
  mapped 1655 $_DFF_PN0_ cells to \sky130_fd_sc_hd__dfrtp_1 cells.
  mapped 9 $_DFF_PN1_ cells to \sky130_fd_sc_hd__dfstp_2 cells.

15. Executing OPT pass (performing simple optimizations).

15.1. Executing OPT_EXPR pass (perform const folding).
Optimizing module ibex_core.

15.2. Executing OPT_MERGE pass (detect identical cells).
Finding identical cells in module `\ibex_core'.
Computing hashes of 18555 cells of `\ibex_core'.
Finding duplicate cells in `\ibex_core'.
Removed a total of 0 cells.

15.3. Executing OPT_MUXTREE pass (detect dead branches in mux trees).
Running muxtree optimizer on module \ibex_core..
  Creating internal representation of mux trees.
  No muxes found in this module.
Removed 0 multiplexer ports.

15.4. Executing OPT_REDUCE pass (consolidate $*mux and $reduce_* inputs).
  Optimizing cells in module \ibex_core.
Performed a total of 0 changes.

15.5. Executing OPT_MERGE pass (detect identical cells).
Finding identical cells in module `\ibex_core'.
Computing hashes of 18555 cells of `\ibex_core'.
Finding duplicate cells in `\ibex_core'.
Removed a total of 0 cells.

15.6. Executing OPT_DFF pass (perform DFF optimizations).

15.7. Executing OPT_CLEAN pass (remove unused cells and wires).
Finding unused cells or wires in module \ibex_core..
Removed 0 unused cells and 3 unused wires.
<suppressed ~1 debug messages>

15.8. Executing OPT_EXPR pass (perform const folding).
Optimizing module ibex_core.

15.9. Rerunning OPT passes. (Maybe there is more to do..)

15.10. Executing OPT_MUXTREE pass (detect dead branches in mux trees).
Running muxtree optimizer on module \ibex_core..
  Creating internal representation of mux trees.
  No muxes found in this module.
Removed 0 multiplexer ports.

15.11. Executing OPT_REDUCE pass (consolidate $*mux and $reduce_* inputs).
  Optimizing cells in module \ibex_core.
Performed a total of 0 changes.

15.12. Executing OPT_MERGE pass (detect identical cells).
Finding identical cells in module `\ibex_core'.
Computing hashes of 18555 cells of `\ibex_core'.
Finding duplicate cells in `\ibex_core'.
Removed a total of 0 cells.

15.13. Executing OPT_DFF pass (perform DFF optimizations).

15.14. Executing OPT_CLEAN pass (remove unused cells and wires).
Finding unused cells or wires in module \ibex_core..

15.15. Executing OPT_EXPR pass (perform const folding).
Optimizing module ibex_core.

15.16. Finished fast OPT passes. (There is nothing left to do.)

>>> STAGE 5: ABC technology mapping (-D 10000 ps)

16. Executing SETUNDEF pass (replace undef values with defined constants).

17. Executing ABC pass (technology mapping using ABC).

17.1. Extracting gate netlist of module `\ibex_core' to `<abc-temp-dir>/input.blif'..

17.1.1. Executed ABC.
Extracted 16617 gates and 18706 wires to a netlist network with 2087 inputs and 1950 outputs.
Running ABC script: <abc-temp-dir>/abc.script
ABC: UC Berkeley, ABC 1.01 (compiled 0 0)
ABC: abc 01> empty
ABC: abc 01> source <abc-temp-dir>/abc.script
ABC: + read_blif <abc-temp-dir>/input.blif 
ABC: + read_scl /tmp/yosys-liberty-scl-cache/yosys_merged_3326340c.scl 
ABC: Warning: Detected 9 multi-output cells (for example, "sky130_fd_sc_hd__fa_1").
ABC: + read_constr -v /day4/out/abc.constr 
ABC: Setting driving cell to be "sky130_fd_sc_hd__buf_1".
ABC: Setting output load to be 5.000000.
ABC: + strash 
ABC: + &get -n 
ABC: + &fraig -x 
ABC: + &put 
ABC: + scorr 
ABC: Warning: The network is combinational (run "fraig" or "fraig_sweep").
ABC: + dc2 
ABC: + dretime 
ABC: + retime -o -D 10000 
ABC: + strash 
ABC: + &get -n 
ABC: + &dch -f 
ABC: + &nf -D 10000 
ABC: + &put 
ABC: + buffer 
ABC: + upsize -D 10000 
ABC: + dnsize -D 10000 
ABC: + stime -p 
ABC: WireLoad = "none"  Gates =  13332 ( 10.9 %)   Cap =  6.0 ff (  5.9 %)   Area =    77111.45 ( 82.4 %)   Delay = 11201.36 ps  ( 29.5 %)               
ABC: Path  0 --    1722 : 0    9 pi                         A =   0.00  Df = 141.1  -66.3 ps  S = 213.9 ps  Cin =  0.0 ff  Cout =  17.6 ff  Cmax =   0.0 ff  G =    0  
ABC: Path  1 --    4229 : 4    4 sky130_fd_sc_hd__or4b_1    A =  10.01  Df = 658.7 -321.4 ps  S = 124.6 ps  Cin =  1.5 ff  Cout =   9.9 ff  Cmax = 167.6 ff  G =  605  
ABC: Path  2 --    4230 : 4    3 sky130_fd_sc_hd__or4_4     A =  11.26  Df =1108.5 -632.6 ps  S =  93.8 ps  Cin =  2.4 ff  Cout =   9.4 ff  Cmax = 534.7 ff  G =  380  
ABC: Path  3 --    4234 : 4    2 sky130_fd_sc_hd__nand4_2   A =  12.51  Df =1217.2 -522.4 ps  S =  84.1 ps  Cin =  4.4 ff  Cout =   6.3 ff  Cmax = 200.5 ff  G =  136  
ABC: Path  4 --    4342 : 3    1 sky130_fd_sc_hd__o21ai_2   A =   8.76  Df =1288.0  -92.7 ps  S = 154.3 ps  Cin =  4.5 ff  Cout =   9.6 ff  Cmax = 139.2 ff  G =  200  
ABC: Path  5 --    4346 : 4    8 sky130_fd_sc_hd__a211oi_4  A =  20.02  Df =1617.1 -321.8 ps  S = 288.8 ps  Cin =  8.8 ff  Cout =  17.8 ff  Cmax = 141.9 ff  G =  191  
ABC: Path  6 --    4347 : 4    4 sky130_fd_sc_hd__and4_1    A =   8.76  Df =1908.1 -243.2 ps  S = 126.9 ps  Cin =  1.5 ff  Cout =  10.9 ff  Cmax = 161.1 ff  G =  672  
ABC: Path  7 --    6359 : 5    1 sky130_fd_sc_hd__a2111oi_2 A =  15.01  Df =2045.3  -51.6 ps  S = 297.7 ps  Cin =  4.6 ff  Cout =   4.6 ff  Cmax =  56.8 ff  G =   95  
ABC: Path  8 --    6387 : 4    2 sky130_fd_sc_hd__a211oi_2  A =  12.51  Df =2250.7   -1.0 ps  S = 222.2 ps  Cin =  4.4 ff  Cout =   7.8 ff  Cmax =  88.8 ff  G =  172  
ABC: Path  9 --    6392 : 3    2 sky130_fd_sc_hd__maj3_2    A =  11.26  Df =2603.1 -108.3 ps  S =  69.5 ps  Cin =  3.3 ff  Cout =   8.5 ff  Cmax = 304.9 ff  G =  247  
ABC: Path 10 --    6393 : 3    2 sky130_fd_sc_hd__maj3_2    A =  11.26  Df =2932.2 -227.9 ps  S =  69.6 ps  Cin =  3.3 ff  Cout =   8.5 ff  Cmax = 304.9 ff  G =  247  
ABC: Path 11 --    6394 : 3    2 sky130_fd_sc_hd__maj3_2    A =  11.26  Df =3261.3 -347.8 ps  S =  69.4 ps  Cin =  3.3 ff  Cout =   8.5 ff  Cmax = 304.9 ff  G =  247  
ABC: Path 12 --    6395 : 3    2 sky130_fd_sc_hd__maj3_2    A =  11.26  Df =3594.2 -466.4 ps  S =  73.2 ps  Cin =  3.3 ff  Cout =   9.6 ff  Cmax = 304.9 ff  G =  277  
ABC: Path 13 --    6467 : 3    2 sky130_fd_sc_hd__o21ai_2   A =   8.76  Df =3766.9 -565.8 ps  S = 141.9 ps  Cin =  4.5 ff  Cout =   8.4 ff  Cmax = 139.2 ff  G =  177  
ABC: Path 14 --    6468 : 3    2 sky130_fd_sc_hd__maj3_2    A =  11.26  Df =4001.6 -473.9 ps  S =  68.8 ps  Cin =  3.3 ff  Cout =   8.4 ff  Cmax = 304.9 ff  G =  242  
ABC: Path 15 --    6469 : 3    2 sky130_fd_sc_hd__maj3_2    A =  11.26  Df =4210.1 -354.0 ps  S =  68.9 ps  Cin =  3.3 ff  Cout =   8.4 ff  Cmax = 304.9 ff  G =  244  
ABC: Path 16 --    6470 : 3    2 sky130_fd_sc_hd__maj3_2    A =  11.26  Df =4418.7 -234.2 ps  S =  69.2 ps  Cin =  3.3 ff  Cout =   8.4 ff  Cmax = 304.9 ff  G =  244  
ABC: Path 17 --    6471 : 3    2 sky130_fd_sc_hd__maj3_2    A =  11.26  Df =4627.2 -114.4 ps  S =  69.1 ps  Cin =  3.3 ff  Cout =   8.4 ff  Cmax = 304.9 ff  G =  242  
ABC: Path 18 --    6472 : 3    2 sky130_fd_sc_hd__maj3_2    A =  11.26  Df =4845.4   -4.4 ps  S =  72.7 ps  Cin =  3.3 ff  Cout =   9.6 ff  Cmax = 304.9 ff  G =  276  
ABC: Path 19 --    6473 : 3    2 sky130_fd_sc_hd__a21oi_2   A =   8.76  Df =5022.7 -112.8 ps  S = 141.4 ps  Cin =  4.6 ff  Cout =   8.5 ff  Cmax = 128.2 ff  G =  181  
ABC: Path 20 --    6474 : 3    2 sky130_fd_sc_hd__maj3_2    A =  11.26  Df =5257.8  -18.7 ps  S =  69.8 ps  Cin =  3.3 ff  Cout =   8.5 ff  Cmax = 304.9 ff  G =  249  
ABC: Path 21 --    6475 : 3    3 sky130_fd_sc_hd__maj3_2    A =  11.26  Df =5580.5  -98.6 ps  S =  82.2 ps  Cin =  3.3 ff  Cout =  11.9 ff  Cmax = 304.9 ff  G =  342  
ABC: Path 22 --    6478 : 4    2 sky130_fd_sc_hd__o211ai_2  A =  12.51  Df =5733.9 -171.3 ps  S = 134.3 ps  Cin =  4.4 ff  Cout =   4.9 ff  Cmax = 133.7 ff  G =  107  
ABC: Path 23 --    6480 : 4    2 sky130_fd_sc_hd__a31o_2    A =   8.76  Df =5929.5  -91.6 ps  S =  74.1 ps  Cin =  2.4 ff  Cout =   9.6 ff  Cmax = 271.9 ff  G =  389  
ABC: Path 24 --    6482 : 3    3 sky130_fd_sc_hd__a21oi_2   A =   8.76  Df =6027.5  -23.3 ps  S = 169.1 ps  Cin =  4.6 ff  Cout =  11.1 ff  Cmax = 128.2 ff  G =  233  
ABC: Path 25 --    6485 : 4    2 sky130_fd_sc_hd__o211ai_2  A =  12.51  Df =6169.8  -41.9 ps  S = 147.0 ps  Cin =  4.4 ff  Cout =   6.1 ff  Cmax = 133.7 ff  G =  134  
ABC: Path 26 --    6488 : 5    3 sky130_fd_sc_hd__a311oi_2  A =  15.01  Df =6452.3 -154.4 ps  S = 260.8 ps  Cin =  4.3 ff  Cout =   7.7 ff  Cmax =  84.2 ff  G =  164  
ABC: Path 27 --    6491 : 5    3 sky130_fd_sc_hd__o311ai_1  A =   8.76  Df =6689.6  -72.7 ps  S = 420.8 ps  Cin =  2.4 ff  Cout =   9.5 ff  Cmax =  45.8 ff  G =  382  
ABC: Path 28 --    6493 : 5    3 sky130_fd_sc_hd__a311oi_2  A =  15.01  Df =6960.3  -97.9 ps  S = 261.0 ps  Cin =  4.3 ff  Cout =   7.7 ff  Cmax =  84.2 ff  G =  164  
ABC: Path 29 --    7326 : 5    3 sky130_fd_sc_hd__o311ai_1  A =   8.76  Df =7209.0  -99.3 ps  S = 358.2 ps  Cin =  2.4 ff  Cout =   7.3 ff  Cmax =  45.8 ff  G =  295  
ABC: Path 30 --    7329 : 5    4 sky130_fd_sc_hd__a311o_2   A =  11.26  Df =7545.3  -79.0 ps  S =  74.9 ps  Cin =  2.3 ff  Cout =   9.7 ff  Cmax = 298.5 ff  G =  407  
ABC: Path 31 --    7333 : 5    2 sky130_fd_sc_hd__a311oi_1  A =   8.76  Df =7861.1 -291.8 ps  S = 276.6 ps  Cin =  2.3 ff  Cout =   5.1 ff  Cmax =  44.0 ff  G =  205  
ABC: Path 32 --    7379 : 3    4 sky130_fd_sc_hd__nor3_1    A =   5.00  Df =8001.1  -61.3 ps  S = 396.6 ps  Cin =  2.4 ff  Cout =  12.1 ff  Cmax =  52.2 ff  G =  482  
ABC: Path 33 --    8145 : 4    3 sky130_fd_sc_hd__o211ai_2  A =  12.51  Df =8537.5 -316.0 ps  S = 180.1 ps  Cin =  4.4 ff  Cout =   9.3 ff  Cmax = 133.7 ff  G =  204  
ABC: Path 34 --    8146 : 3    1 sky130_fd_sc_hd__mux2i_1   A =  10.01  Df =8724.6 -344.7 ps  S = 108.4 ps  Cin =  3.0 ff  Cout =   2.4 ff  Cmax =  68.7 ff  G =   76  
ABC: Path 35 --    8155 : 2    3 sky130_fd_sc_hd__and2_4    A =   8.76  Df =8880.6 -346.8 ps  S =  44.8 ps  Cin =  2.4 ff  Cout =   7.7 ff  Cmax = 539.3 ff  G =  300  
ABC: Path 36 --    8162 : 5    7 sky130_fd_sc_hd__o41a_1    A =  11.26  Df =9089.7 -181.4 ps  S = 185.4 ps  Cin =  2.4 ff  Cout =  16.1 ff  Cmax = 147.4 ff  G =  652  
ABC: Path 37 --    8168 : 4    5 sky130_fd_sc_hd__and4_4    A =  11.26  Df =9367.3 -228.2 ps  S =  85.0 ps  Cin =  2.4 ff  Cout =  15.8 ff  Cmax = 531.9 ff  G =  647  
ABC: Path 38 --    8284 : 3    4 sky130_fd_sc_hd__a21oi_4   A =  16.27  Df =9428.2 -154.5 ps  S = 123.2 ps  Cin =  8.8 ff  Cout =   9.4 ff  Cmax = 221.6 ff  G =  101  
ABC: Path 39 --    8285 : 3    4 sky130_fd_sc_hd__o21bai_2  A =  11.26  Df =9608.5 -240.7 ps  S = 183.5 ps  Cin =  3.4 ff  Cout =  12.2 ff  Cmax = 140.1 ff  G =  340  
ABC: Path 40 --    8287 : 4    2 sky130_fd_sc_hd__or4b_4    A =  13.76  Df =9901.7 -121.9 ps  S =  93.5 ps  Cin =  2.2 ff  Cout =   9.3 ff  Cmax = 533.8 ff  G =  410  
ABC: Path 41 --    8288 : 5    2 sky130_fd_sc_hd__o41ai_2   A =  16.27  Df =9969.5 -131.7 ps  S = 246.8 ps  Cin =  4.3 ff  Cout =   4.1 ff  Cmax =  62.3 ff  G =   89  
ABC: Path 42 --    8289 : 2    1 sky130_fd_sc_hd__nand2b_1  A =   6.26  Df =10068.9 -146.1 ps  S =  69.8 ps  Cin =  1.9 ff  Cout =   4.9 ff  Cmax = 150.2 ff  G =  243  
ABC: Path 43 --    8290 : 1    6 sky130_fd_sc_hd__buf_6     A =  11.26  Df =10225.2 -143.7 ps  S = 112.9 ps  Cin =  4.6 ff  Cout =  52.5 ff  Cmax = 785.5 ff  G = 1056  
ABC: Path 44 --    8291 : 1   10 sky130_fd_sc_hd__buf_8     A =  15.01  Df =10390.5 -108.0 ps  S = 157.0 ps  Cin =  7.0 ff  Cout =  93.0 ff  Cmax =5000.0 ff  G = 1250  
ABC: Path 45 --    8292 : 4   10 sky130_fd_sc_hd__nor4_4    A =  21.27  Df =10838.4 -462.6 ps  S = 603.2 ps  Cin =  8.5 ff  Cout =  39.2 ff  Cmax = 112.6 ff  G =  435  
ABC: Path 46 --   11081 : 1   10 sky130_fd_sc_hd__buf_6     A =  11.26  Df =11046.1 -510.4 ps  S =  70.6 ps  Cin =  4.6 ff  Cout =  25.0 ff  Cmax = 785.5 ff  G =  509  
ABC: Path 47 --   11171 : 2    1 sky130_fd_sc_hd__nor2_1    A =   3.75  Df =11094.0 -456.3 ps  S = 110.2 ps  Cin =  2.4 ff  Cout =   4.7 ff  Cmax =  86.1 ff  G =  186  
ABC: Path 48 --   11172 : 3    1 sky130_fd_sc_hd__a21oi_2   A =   8.76  Df =11201.4  -59.6 ps  S = 104.2 ps  Cin =  4.6 ff  Cout =   5.0 ff  Cmax = 128.2 ff  G =  109  
ABC: Start-point = pi1721 (\id_stage_i.controller_i.instr_i [30]).  End-point = po274 ($auto$rtlil.cc:3510:MuxGate$55400).
ABC: + write_blif <abc-temp-dir>/output.blif 
ABC: 
ABC: YOSYS_ABC_DONE 

17.1.2. Re-integrating ABC results.
ABC RESULTS:   sky130_fd_sc_hd__a2111o_1 cells:        5
ABC RESULTS:   sky130_fd_sc_hd__a2111oi_0 cells:       20
ABC RESULTS:   sky130_fd_sc_hd__a2111oi_2 cells:        2
ABC RESULTS:   sky130_fd_sc_hd__a211o_1 cells:       21
ABC RESULTS:   sky130_fd_sc_hd__a211oi_1 cells:       85
ABC RESULTS:   sky130_fd_sc_hd__a211oi_2 cells:        2
ABC RESULTS:   sky130_fd_sc_hd__a211oi_4 cells:        1
ABC RESULTS:   sky130_fd_sc_hd__a21bo_2 cells:        2
ABC RESULTS:   sky130_fd_sc_hd__a21boi_0 cells:       31
ABC RESULTS:   sky130_fd_sc_hd__a21o_1 cells:      105
ABC RESULTS:   sky130_fd_sc_hd__a21o_2 cells:        2
ABC RESULTS:   sky130_fd_sc_hd__a21oi_1 cells:     1582
ABC RESULTS:   sky130_fd_sc_hd__a21oi_2 cells:       30
ABC RESULTS:   sky130_fd_sc_hd__a21oi_4 cells:        1
ABC RESULTS:   sky130_fd_sc_hd__a221o_1 cells:       71
ABC RESULTS:   sky130_fd_sc_hd__a221oi_1 cells:      171
ABC RESULTS:   sky130_fd_sc_hd__a222oi_1 cells:      201
ABC RESULTS:   sky130_fd_sc_hd__a22o_1 cells:      132
ABC RESULTS:   sky130_fd_sc_hd__a22o_2 cells:        1
ABC RESULTS:   sky130_fd_sc_hd__a22oi_1 cells:      373
ABC RESULTS:   sky130_fd_sc_hd__a2bb2oi_1 cells:        9
ABC RESULTS:   sky130_fd_sc_hd__a311o_1 cells:        5
ABC RESULTS:   sky130_fd_sc_hd__a311o_2 cells:        1
ABC RESULTS:   sky130_fd_sc_hd__a311oi_1 cells:       21
ABC RESULTS:   sky130_fd_sc_hd__a311oi_2 cells:        2
ABC RESULTS:   sky130_fd_sc_hd__a31o_2 cells:       17
ABC RESULTS:   sky130_fd_sc_hd__a31oi_1 cells:      188
ABC RESULTS:   sky130_fd_sc_hd__a31oi_2 cells:        1
ABC RESULTS:   sky130_fd_sc_hd__a32o_1 cells:        7
ABC RESULTS:   sky130_fd_sc_hd__a32oi_1 cells:        7
ABC RESULTS:   sky130_fd_sc_hd__a41oi_1 cells:       16
ABC RESULTS:   sky130_fd_sc_hd__and2_0 cells:        2
ABC RESULTS:   sky130_fd_sc_hd__and2_1 cells:       94
ABC RESULTS:   sky130_fd_sc_hd__and2_4 cells:        1
ABC RESULTS:   sky130_fd_sc_hd__and2b_1 cells:        1
ABC RESULTS:   sky130_fd_sc_hd__and2b_2 cells:        1
ABC RESULTS:   sky130_fd_sc_hd__and3_1 cells:       97
ABC RESULTS:   sky130_fd_sc_hd__and3_2 cells:        1
ABC RESULTS:   sky130_fd_sc_hd__and3b_1 cells:        2
ABC RESULTS:   sky130_fd_sc_hd__and4_1 cells:        8
ABC RESULTS:   sky130_fd_sc_hd__and4_4 cells:        1
ABC RESULTS:   sky130_fd_sc_hd__and4b_1 cells:        3
ABC RESULTS:   sky130_fd_sc_hd__and4bb_2 cells:        1
ABC RESULTS:   sky130_fd_sc_hd__buf_1 cells:       58
ABC RESULTS:   sky130_fd_sc_hd__buf_2 cells:      168
ABC RESULTS:   sky130_fd_sc_hd__buf_4 cells:       32
ABC RESULTS:   sky130_fd_sc_hd__buf_6 cells:       21
ABC RESULTS:   sky130_fd_sc_hd__buf_8 cells:        1
ABC RESULTS:   sky130_fd_sc_hd__clkbuf_1 cells:      981
ABC RESULTS:   sky130_fd_sc_hd__clkbuf_2 cells:        1
ABC RESULTS:   sky130_fd_sc_hd__clkbuf_4 cells:        1
ABC RESULTS:   sky130_fd_sc_hd__clkinv_1 cells:        5
ABC RESULTS:   sky130_fd_sc_hd__dlygate4sd1_1 cells:        1
ABC RESULTS:   sky130_fd_sc_hd__inv_1 cells:      178
ABC RESULTS:   sky130_fd_sc_hd__inv_2 cells:        1
ABC RESULTS:   sky130_fd_sc_hd__maj3_1 cells:       95
ABC RESULTS:   sky130_fd_sc_hd__maj3_2 cells:       11
ABC RESULTS:   sky130_fd_sc_hd__mux2_2 cells:      244
ABC RESULTS:   sky130_fd_sc_hd__mux2i_1 cells:      163
ABC RESULTS:   sky130_fd_sc_hd__mux4_2 cells:      140
ABC RESULTS:   sky130_fd_sc_hd__nand2_1 cells:     2158
ABC RESULTS:   sky130_fd_sc_hd__nand2b_1 cells:      113
ABC RESULTS:   sky130_fd_sc_hd__nand3_1 cells:      315
ABC RESULTS:   sky130_fd_sc_hd__nand3b_1 cells:        9
ABC RESULTS:   sky130_fd_sc_hd__nand4_1 cells:       74
ABC RESULTS:   sky130_fd_sc_hd__nand4_2 cells:        1
ABC RESULTS:   sky130_fd_sc_hd__nand4b_1 cells:        5
ABC RESULTS:   sky130_fd_sc_hd__nand4bb_1 cells:        1
ABC RESULTS:   sky130_fd_sc_hd__nor2_1 cells:     1672
ABC RESULTS:   sky130_fd_sc_hd__nor2_2 cells:        1
ABC RESULTS:   sky130_fd_sc_hd__nor2b_1 cells:       93
ABC RESULTS:   sky130_fd_sc_hd__nor3_1 cells:      173
ABC RESULTS:   sky130_fd_sc_hd__nor3_2 cells:        1
ABC RESULTS:   sky130_fd_sc_hd__nor3_4 cells:        9
ABC RESULTS:   sky130_fd_sc_hd__nor3b_1 cells:       17
ABC RESULTS:   sky130_fd_sc_hd__nor4_1 cells:       67
ABC RESULTS:   sky130_fd_sc_hd__nor4_4 cells:        6
ABC RESULTS:   sky130_fd_sc_hd__nor4b_1 cells:        3
ABC RESULTS:   sky130_fd_sc_hd__nor4bb_1 cells:        2
ABC RESULTS:   sky130_fd_sc_hd__o2111ai_1 cells:        8
ABC RESULTS:   sky130_fd_sc_hd__o211a_1 cells:        5
ABC RESULTS:   sky130_fd_sc_hd__o211ai_1 cells:       76
ABC RESULTS:   sky130_fd_sc_hd__o211ai_2 cells:        4
ABC RESULTS:   sky130_fd_sc_hd__o21a_1 cells:      144
ABC RESULTS:   sky130_fd_sc_hd__o21ai_0 cells:     1575
ABC RESULTS:   sky130_fd_sc_hd__o21ai_1 cells:       10
ABC RESULTS:   sky130_fd_sc_hd__o21ai_2 cells:        3
ABC RESULTS:   sky130_fd_sc_hd__o21bai_1 cells:       12
ABC RESULTS:   sky130_fd_sc_hd__o21bai_2 cells:        1
ABC RESULTS:   sky130_fd_sc_hd__o221a_2 cells:        1
ABC RESULTS:   sky130_fd_sc_hd__o221ai_1 cells:       90
ABC RESULTS:   sky130_fd_sc_hd__o22a_1 cells:       14
ABC RESULTS:   sky130_fd_sc_hd__o22ai_1 cells:      188
ABC RESULTS:   sky130_fd_sc_hd__o311a_1 cells:        1
ABC RESULTS:   sky130_fd_sc_hd__o311ai_0 cells:        6
ABC RESULTS:   sky130_fd_sc_hd__o311ai_1 cells:        2
ABC RESULTS:   sky130_fd_sc_hd__o31a_1 cells:        7
ABC RESULTS:   sky130_fd_sc_hd__o31a_2 cells:        2
ABC RESULTS:   sky130_fd_sc_hd__o31ai_1 cells:       55
ABC RESULTS:   sky130_fd_sc_hd__o31ai_2 cells:        1
ABC RESULTS:   sky130_fd_sc_hd__o32a_1 cells:        1
ABC RESULTS:   sky130_fd_sc_hd__o32ai_1 cells:       18
ABC RESULTS:   sky130_fd_sc_hd__o41a_1 cells:        2
ABC RESULTS:   sky130_fd_sc_hd__o41ai_1 cells:        2
ABC RESULTS:   sky130_fd_sc_hd__o41ai_2 cells:        1
ABC RESULTS:   sky130_fd_sc_hd__or2_0 cells:        1
ABC RESULTS:   sky130_fd_sc_hd__or2_2 cells:       54
ABC RESULTS:   sky130_fd_sc_hd__or2b_1 cells:        4
ABC RESULTS:   sky130_fd_sc_hd__or3_1 cells:       38
ABC RESULTS:   sky130_fd_sc_hd__or3_4 cells:        1
ABC RESULTS:   sky130_fd_sc_hd__or4_1 cells:       12
ABC RESULTS:   sky130_fd_sc_hd__or4_2 cells:        1
ABC RESULTS:   sky130_fd_sc_hd__or4_4 cells:        1
ABC RESULTS:   sky130_fd_sc_hd__or4b_1 cells:        1
ABC RESULTS:   sky130_fd_sc_hd__or4b_2 cells:        1
ABC RESULTS:   sky130_fd_sc_hd__or4b_4 cells:        1
ABC RESULTS:   sky130_fd_sc_hd__or4bb_1 cells:        1
ABC RESULTS:   sky130_fd_sc_hd__xnor2_1 cells:      570
ABC RESULTS:   sky130_fd_sc_hd__xnor3_1 cells:        6
ABC RESULTS:   sky130_fd_sc_hd__xor2_1 cells:      264
ABC RESULTS:   sky130_fd_sc_hd__xor3_1 cells:        2
ABC RESULTS:        internal signals:    14669
ABC RESULTS:           input signals:     2087
ABC RESULTS:          output signals:     1950
Removing temp directory.
Removing global temp directory.

>>> STAGE 6: cleanup

18. Executing SETUNDEF pass (replace undef values with defined constants).

19. Executing SPLITNETS pass (splitting up multi-bit signals).

20. Executing OPT_CLEAN pass (remove unused cells and wires).
Finding unused cells or wires in module \ibex_core..
Removed 0 unused cells and 25316 unused wires.
<suppressed ~4622 debug messages>

21. Executing HILOMAP pass (mapping to constant drivers).

22. Executing INSBUF pass (insert buffer cells for connected wires).
Add ibex_core/$auto$insbuf.cc:97:execute$71968: $auto$hilomap.cc:47:hilomap_worker$71966 -> \alert_major_o
Add ibex_core/$auto$insbuf.cc:97:execute$71969: $auto$hilomap.cc:47:hilomap_worker$71966 -> \alert_minor_o
Add ibex_core/$auto$insbuf.cc:97:execute$71970: $auto$hilomap.cc:47:hilomap_worker$71966 -> \data_addr_o [0]
Add ibex_core/$auto$insbuf.cc:97:execute$71971: $auto$hilomap.cc:47:hilomap_worker$71966 -> \data_addr_o [1]
Add ibex_core/$auto$insbuf.cc:97:execute$71972: \alu_adder_result_ex[2] -> \data_addr_o [2]
Add ibex_core/$auto$insbuf.cc:97:execute$71973: \alu_adder_result_ex[3] -> \data_addr_o [3]
Add ibex_core/$auto$insbuf.cc:97:execute$71974: \alu_adder_result_ex[4] -> \data_addr_o [4]
Add ibex_core/$auto$insbuf.cc:97:execute$71975: \alu_adder_result_ex[5] -> \data_addr_o [5]
Add ibex_core/$auto$insbuf.cc:97:execute$71976: \alu_adder_result_ex[6] -> \data_addr_o [6]
Add ibex_core/$auto$insbuf.cc:97:execute$71977: \alu_adder_result_ex[7] -> \data_addr_o [7]
Add ibex_core/$auto$insbuf.cc:97:execute$71978: \alu_adder_result_ex[8] -> \data_addr_o [8]
Add ibex_core/$auto$insbuf.cc:97:execute$71979: \alu_adder_result_ex[9] -> \data_addr_o [9]
Add ibex_core/$auto$insbuf.cc:97:execute$71980: \alu_adder_result_ex[10] -> \data_addr_o [10]
Add ibex_core/$auto$insbuf.cc:97:execute$71981: \alu_adder_result_ex[11] -> \data_addr_o [11]
Add ibex_core/$auto$insbuf.cc:97:execute$71982: \alu_adder_result_ex[12] -> \data_addr_o [12]
Add ibex_core/$auto$insbuf.cc:97:execute$71983: \alu_adder_result_ex[13] -> \data_addr_o [13]
Add ibex_core/$auto$insbuf.cc:97:execute$71984: \alu_adder_result_ex[14] -> \data_addr_o [14]
Add ibex_core/$auto$insbuf.cc:97:execute$71985: \alu_adder_result_ex[15] -> \data_addr_o [15]
Add ibex_core/$auto$insbuf.cc:97:execute$71986: \alu_adder_result_ex[16] -> \data_addr_o [16]
Add ibex_core/$auto$insbuf.cc:97:execute$71987: \alu_adder_result_ex[17] -> \data_addr_o [17]
Add ibex_core/$auto$insbuf.cc:97:execute$71988: \alu_adder_result_ex[18] -> \data_addr_o [18]
Add ibex_core/$auto$insbuf.cc:97:execute$71989: \alu_adder_result_ex[19] -> \data_addr_o [19]
Add ibex_core/$auto$insbuf.cc:97:execute$71990: \alu_adder_result_ex[20] -> \data_addr_o [20]
Add ibex_core/$auto$insbuf.cc:97:execute$71991: \alu_adder_result_ex[21] -> \data_addr_o [21]
Add ibex_core/$auto$insbuf.cc:97:execute$71992: \alu_adder_result_ex[22] -> \data_addr_o [22]
Add ibex_core/$auto$insbuf.cc:97:execute$71993: \alu_adder_result_ex[23] -> \data_addr_o [23]
Add ibex_core/$auto$insbuf.cc:97:execute$71994: \alu_adder_result_ex[24] -> \data_addr_o [24]
Add ibex_core/$auto$insbuf.cc:97:execute$71995: \alu_adder_result_ex[25] -> \data_addr_o [25]
Add ibex_core/$auto$insbuf.cc:97:execute$71996: \alu_adder_result_ex[26] -> \data_addr_o [26]
Add ibex_core/$auto$insbuf.cc:97:execute$71997: \alu_adder_result_ex[27] -> \data_addr_o [27]
Add ibex_core/$auto$insbuf.cc:97:execute$71998: \alu_adder_result_ex[28] -> \data_addr_o [28]
Add ibex_core/$auto$insbuf.cc:97:execute$71999: \alu_adder_result_ex[29] -> \data_addr_o [29]
Add ibex_core/$auto$insbuf.cc:97:execute$72000: \alu_adder_result_ex[30] -> \data_addr_o [30]
Add ibex_core/$auto$insbuf.cc:97:execute$72001: \alu_adder_result_ex[31] -> \data_addr_o [31]
Add ibex_core/$auto$insbuf.cc:97:execute$72002: $auto$hilomap.cc:47:hilomap_worker$71966 -> \instr_addr_o [0]
Add ibex_core/$auto$insbuf.cc:97:execute$72003: $auto$hilomap.cc:47:hilomap_worker$71966 -> \instr_addr_o [1]

23. Executing CHECK pass (checking for obvious problems).

>>> STAGE 7: reports
Checking module ibex_core...
Found and reported 0 problems.

24. Printing statistics.

=== ibex_core ===

        +----------Local Count, excluding submodules.
        |        +-Local Area, excluding submodules.
        |        | 
    15231        - wires
    15465        - wire bits
     2199        - public wires
     2433        - public wire bits
       30        - ports
      264        - port bits
    15307 1.27E+05 cells
        5   56.304   sky130_fd_sc_hd__a2111o_1
       20  175.168   sky130_fd_sc_hd__a2111oi_0
        2   30.029   sky130_fd_sc_hd__a2111oi_2
       21  183.926   sky130_fd_sc_hd__a211o_1
       85  638.112   sky130_fd_sc_hd__a211oi_1
        2   25.024   sky130_fd_sc_hd__a211oi_2
        1   20.019   sky130_fd_sc_hd__a211oi_4
        2   20.019   sky130_fd_sc_hd__a21bo_2
       31  232.723   sky130_fd_sc_hd__a21boi_0
      105  788.256   sky130_fd_sc_hd__a21o_1
        2   17.517   sky130_fd_sc_hd__a21o_2
     1582 7.92E+03   sky130_fd_sc_hd__a21oi_1
       30  262.752   sky130_fd_sc_hd__a21oi_2
        1   16.266   sky130_fd_sc_hd__a21oi_4
       71  710.682   sky130_fd_sc_hd__a221o_1
      171  1.5E+03   sky130_fd_sc_hd__a221oi_1
      201  2011.93   sky130_fd_sc_hd__a222oi_1
      132 1.16E+03   sky130_fd_sc_hd__a22o_1
        1    10.01   sky130_fd_sc_hd__a22o_2
      373  2.8E+03   sky130_fd_sc_hd__a22oi_1
        9   78.826   sky130_fd_sc_hd__a2bb2oi_1
        5   50.048   sky130_fd_sc_hd__a311o_1
        1   11.261   sky130_fd_sc_hd__a311o_2
       21  183.926   sky130_fd_sc_hd__a311oi_1
        2   30.029   sky130_fd_sc_hd__a311oi_2
       17  148.893   sky130_fd_sc_hd__a31o_2
      188 1.18E+03   sky130_fd_sc_hd__a31oi_1
        1   12.512   sky130_fd_sc_hd__a31oi_2
        7   70.067   sky130_fd_sc_hd__a32o_1
        7   61.309   sky130_fd_sc_hd__a32oi_1
       16  140.134   sky130_fd_sc_hd__a41oi_1
        2   12.512   sky130_fd_sc_hd__and2_0
       94  588.064   sky130_fd_sc_hd__and2_1
        1    8.758   sky130_fd_sc_hd__and2_4
        1    7.507   sky130_fd_sc_hd__and2b_1
        1    8.758   sky130_fd_sc_hd__and2b_2
       97  606.832   sky130_fd_sc_hd__and3_1
        1    7.507   sky130_fd_sc_hd__and3_2
        2   17.517   sky130_fd_sc_hd__and3b_1
        8   70.067   sky130_fd_sc_hd__and4_1
        1   11.261   sky130_fd_sc_hd__and4_4
        3   30.029   sky130_fd_sc_hd__and4b_1
        1   12.512   sky130_fd_sc_hd__and4bb_2
       58  217.709   sky130_fd_sc_hd__buf_1
      168  840.806   sky130_fd_sc_hd__buf_2
       68   510.49   sky130_fd_sc_hd__buf_4
       21  236.477   sky130_fd_sc_hd__buf_6
        1   15.014   sky130_fd_sc_hd__buf_8
      981 3.68E+03   sky130_fd_sc_hd__clkbuf_1
        1    5.005   sky130_fd_sc_hd__clkbuf_2
        1    7.507   sky130_fd_sc_hd__clkbuf_4
        5   18.768   sky130_fd_sc_hd__clkinv_1
        1    3.754   sky130_fd_sc_hd__conb_1
     1655 4.14E+04   sky130_fd_sc_hd__dfrtp_1
        9  236.477   sky130_fd_sc_hd__dfstp_2
        1   15.014   sky130_fd_sc_hd__dlxtn_1
        1    8.758   sky130_fd_sc_hd__dlygate4sd1_1
      273  8.2E+03   sky130_fd_sc_hd__edfxtp_1
      178  668.141   sky130_fd_sc_hd__inv_1
        1    3.754   sky130_fd_sc_hd__inv_2
       95  950.912   sky130_fd_sc_hd__maj3_1
       11  123.869   sky130_fd_sc_hd__maj3_2
      244 2.75E+03   sky130_fd_sc_hd__mux2_2
      163 1.63E+03   sky130_fd_sc_hd__mux2i_1
      140 3.15E+03   sky130_fd_sc_hd__mux4_2
     2158  8.1E+03   sky130_fd_sc_hd__nand2_1
      113  706.928   sky130_fd_sc_hd__nand2b_1
      315 1.58E+03   sky130_fd_sc_hd__nand3_1
        9   67.565   sky130_fd_sc_hd__nand3b_1
       74  462.944   sky130_fd_sc_hd__nand4_1
        1   12.512   sky130_fd_sc_hd__nand4_2
        5   43.792   sky130_fd_sc_hd__nand4b_1
        1   11.261   sky130_fd_sc_hd__nand4bb_1
     1672 6.28E+03   sky130_fd_sc_hd__nor2_1
        1    6.256   sky130_fd_sc_hd__nor2_2
       93  581.808   sky130_fd_sc_hd__nor2b_1
      173   865.83   sky130_fd_sc_hd__nor3_1
        1    10.01   sky130_fd_sc_hd__nor3_2
        9   146.39   sky130_fd_sc_hd__nor3_4
       17  127.622   sky130_fd_sc_hd__nor3b_1
       67  419.152   sky130_fd_sc_hd__nor4_1
        6  127.622   sky130_fd_sc_hd__nor4_4
        3   26.275   sky130_fd_sc_hd__nor4b_1
        2   20.019   sky130_fd_sc_hd__nor4bb_1
        8   70.067   sky130_fd_sc_hd__o2111ai_1
        5   50.048   sky130_fd_sc_hd__o211a_1
       76  570.547   sky130_fd_sc_hd__o211ai_1
        4   50.048   sky130_fd_sc_hd__o211ai_2
      144 1.08E+03   sky130_fd_sc_hd__o21a_1
     1575  7882.56   sky130_fd_sc_hd__o21ai_0
       10   50.048   sky130_fd_sc_hd__o21ai_1
        3   26.275   sky130_fd_sc_hd__o21ai_2
       12   90.086   sky130_fd_sc_hd__o21bai_1
        1   11.261   sky130_fd_sc_hd__o21bai_2
        1   11.261   sky130_fd_sc_hd__o221a_2
       90  788.256   sky130_fd_sc_hd__o221ai_1
       14  122.618   sky130_fd_sc_hd__o22a_1
      188 1.18E+03   sky130_fd_sc_hd__o22ai_1
        1    10.01   sky130_fd_sc_hd__o311a_1
        6    52.55   sky130_fd_sc_hd__o311ai_0
        2   17.517   sky130_fd_sc_hd__o311ai_1
        7   61.309   sky130_fd_sc_hd__o31a_1
        2   20.019   sky130_fd_sc_hd__o31a_2
       55  412.896   sky130_fd_sc_hd__o31ai_1
        1   12.512   sky130_fd_sc_hd__o31ai_2
        1    10.01   sky130_fd_sc_hd__o32a_1
       18  157.651   sky130_fd_sc_hd__o32ai_1
        2   22.522   sky130_fd_sc_hd__o41a_1
        2   17.517   sky130_fd_sc_hd__o41ai_1
        1   16.266   sky130_fd_sc_hd__o41ai_2
        1    6.256   sky130_fd_sc_hd__or2_0
       54  337.824   sky130_fd_sc_hd__or2_2
        4   30.029   sky130_fd_sc_hd__or2b_1
       38  237.728   sky130_fd_sc_hd__or3_1
        1   11.261   sky130_fd_sc_hd__or3_4
       12   90.086   sky130_fd_sc_hd__or4_1
        1    8.758   sky130_fd_sc_hd__or4_2
        1   11.261   sky130_fd_sc_hd__or4_4
        1    10.01   sky130_fd_sc_hd__or4b_1
        1    10.01   sky130_fd_sc_hd__or4b_2
        1   13.763   sky130_fd_sc_hd__or4b_4
        1   11.261   sky130_fd_sc_hd__or4bb_1
      570 4.99E+03   sky130_fd_sc_hd__xnor2_1
        6   135.13   sky130_fd_sc_hd__xnor3_1
      264 2.31E+03   sky130_fd_sc_hd__xor2_1
        2   47.546   sky130_fd_sc_hd__xor3_1

   Chip area for module '\ibex_core': 127249.542400
     of which used for sequential elements: 49849.059200 (39.17%)

25. Executing CHECK pass (checking for obvious problems).
Checking module ibex_core...
Found and reported 0 problems.

26. Executing Verilog backend.

26.1. Executing BMUXMAP pass.

26.2. Executing DEMUXMAP pass.
Dumping module `\ibex_core'.

27. Executing JSON backend.

>>> DONE: netlist written to /day4/out/ibex_yosys.v

End of script. Logfile hash: 9ab37a10ae, time: 21.45s, user: 8.80s, system: 1.62s, MEM: 107.43 MB peak
Yosys 0.67+post (git sha1 UNKNOWN, Release, GNU /usr/local/bin/wrapped-cc/g++ 11.4.0)
Time spent: 56% 1x abc (12 sec), 9% 36x opt_clean (2 sec), ...
